Workbook

Sheet 封面
A4: 雲林縣東勢鄉明倫國民小學
A7: 雲林縣明倫國民小學114-116年公立國民中小學老舊廁所整修工程計畫
A12: 施工日誌
A24: 施工廠商：承昇營造有限公司
A25: 施工日期：115年05月13日~115年05月31日

Sheet 日報
A1: 公共工程施工日誌
A2: 表報編號： | B2: 1
A3: 本日天氣： | B3: 上午： | C3: 晴 | D3: 下午： 晴 | F3: 填表日期： | H3: 46155 | K3: =H3 -> 46155
A4: 工程名稱 | D4: 雲林縣明倫國民小學114-116年公立國民中小學老舊廁所整修工程計畫 | H4: 承攬廠商名稱 | K4: 承昇營造有限公司
A6: 核定工期 | B6: 120日曆天 | D6: 累計工期 | G6: 1 | H6: 剩餘工期 | I6: 119 | K6: 工期展延天數 | M6: 0
A7: 開工日期 | D7: 115年5月13日 | H7: 完工日期 | K7: 115年9月9日
A8: 預定進度(%) | D8: 0.003 | H8: 實際進度(%) | K8: =施工項目!AQ44 -> 0.007658505
A9: 一、依施工計畫書執行按圖施工概況（含約定之重要施工項目及完成數量等）：
A10: 施工項目 | E10: 單位 | F10: 契約數量 | H10: 本日完成數量 | J10: 累計完成數量 | L10: 備註
A11: 設立工程告示牌 | E11: 式 | F11: 1 | H11: 1 | J11: 1
A12: 工程保險 | E12: 式 | F12: 1 | H12: 1 | J12: 1
A13: 申報開工
A20: 營造業專業工程特定施工項目
A21: A.
A22: B.
A23: 二、工地材料管理概況（含約定之重要材料使用狀況及數量等）：
A24: 材料名稱 | E24: 單位 | F24: 設計數量 | H24: 本日使用數量 | J24: 累計使用數量 | L24: 備註
A27: 三、工地人員及機具管理（含約定之出工人數及機具使用情形及數量）：
A28: 工別 | C28: 本日人數 | E28: 累計人數 | H28: 機具名稱 | J28: 本日使用數量 | L28: 累計使用數量
A29: 大工
A30: 小工 | C30: 2 | E30: 2
A31: 四、本日施工項目是否有須依「營造業專業工程特定施工項目應置之技術士種類、比率或人數標準表」規定應設置技術士之專業工程：□有 □無（此項如勾選”有”，則應填寫後附「公共工程施工日誌之技術士簽章表」）
A32: 五、工地職業安全衛生事項之督導、公共環境與安全之維護及其他工地行政事務：
A33: (ㄧ)施工前檢查事項：
A34: 1.實施勤前教育(含工地預防災變及危害告知)：□有 □無
A35: 2.確認新進勞工是否提報勞工保險(或其他商業保險)資料及安全衛生教育訓練紀錄：□有 □無 □無新進勞工
A36: 3.檢查勞工個人防護具：□有 □無
A37: (二)其他事項：
A38: 六、施工取樣試驗紀錄：
A39: 七、通知協力廠商辦理事項：
A40: 八、重要事項記錄：
A41: 簽章：【工地主任】（註3）：
A42: 註：1.依營造業法第32條第1項第2款規定，工地主任應按日填報施工日誌
... A48: 公共工程施工日誌
A49: 表報編號： | B49: =B2+1 -> 2
A50: 本日天氣： | B50: 上午： | C50: 晴 | D50: 下午： 晴 | F50: 填表日期： | H50: =H3+1 -> 46156 | K50: =H50 -> 46156
A51: 工程名稱 | D51: =D4 -> 雲林縣明倫國民小學114-116年公立國民中小學老舊廁所整修工程計畫 | H51: 承攬廠商名稱 | K51: 承昇營造有限公司
A53: 核定工期 | B53: =B6 -> 120日曆天 | D53: 累計工期 | G53: =G6+1 -> 2 | H53: 剩餘工期 | I53: =I6-1 -> 118 | K53: 工期展延天數 | M53: 0
A54: 開工日期 | D54: =D7 -> 115年5月13日 | H54: 完工日期 | K54: =K7 -> 115年9月9日
A55: 預定進度(%) | D55: 0.006 | H55: 實際進度(%) | K55: =施工項目!AQ92 -> 0.008792694
A56: 一、依施工計畫書執行按圖施工概況（含約定之重要施工項目及完成數量等）：
A57: 施工項目 | E57: 單位 | F57: 契約數量 | H57: 本日完成數量 | J57: 累計完成數量 | L57: 備註
A58: 備料
A67: 營造業專業工程特定施工項目
A68: A.
A69: B.
A70: 二、工地材料管理概況（含約定之重要材料使用狀況及數量等）：
A71: 材料名稱 | E71: 單位 | F71: 設計數量 | H71: 本日使用數量 | J71: 累計使用數量 | L71: 備註
A74: 三、工地人員及機具管理（含約定之出工人數及機具使用情形及數量）：
A75: 工別 | C75: 本日人數 | E75: 累計人數 | H75: 機具名稱 | J75: 本日使用數量 | L75: 累計使用數量
A76: 大工
A77: 小工 | E77: 2
A78: 四、本日施工項目是否有須依「營造業專業工程特定施工項目應置之技術士種類、比率或人數標準表」規定應設置技術士之專業工程：□有 □無（此項如勾選”有”，則應填寫後附「公共工程施工日誌之技術士簽章表」）
A79: 五、工地職業安全衛生事項之督導、公共環境與安全之維護及其他工地行政事務：
A80: (ㄧ)施工前檢查事項：
A81: 1.實施勤前教育(含工地預防災變及危害告知)：□有 □無
A82: 2.確認新進勞工是否提報勞工保險(或其他商業保險)資料及安全衛生教育訓練紀錄：□有 □無 □無新進勞工
A83: 3.檢查勞工個人防護具：□有 □無
A84: (二)其他事項：
A85: 六、施工取樣試驗紀錄：
A86: 七、通知協力廠商辦理事項：
A87: 八、重要事項記錄：
A88: 簽章：【工地主任】（註3）：
A89: 註：1.依營造業法第32條第1項第2款規定，工地主任應按日填報施工日誌
... A95: 公共工程施工日誌
A96: 表報編號： | B96: =B49+1 -> 3
A97: 本日天氣： | B97: 上午： | C97: 晴 | D97: 下午： 晴 | F97: 填表日期： | H97: =H50+1 -> 46157 | K97: =H97 -> 46157
A98: 工程名稱 | D98: =D51 -> 雲林縣明倫國民小學114-116年公立國民中小學老舊廁所整修工程計畫 | H98: 承攬廠商名稱 | K98: 承昇營造有限公司
A100: 核定工期 | B100: =B53 -> 120日曆天 | D100: 累計工期 | G100: =G53+1 -> 3 | H100: 剩餘工期 | I100: =I53-1 -> 117 | K100: 工期展延天數 | M100: 0
A101: 開工日期 | D101: =D54 -> 115年5月13日 | H101: 完工日期 | K101: =K54 -> 115年9月9日
A102: 預定進度(%) | D102: 0.009 | H102: 實際進度(%) | K102: =施工項目!AQ140 -> 0.011274629
A103: 一、依施工計畫書執行按圖施工概況（含約定之重要施工項目及完成數量等）：
A104: 施工項目 | E104: 單位 | F104: 契約數量 | H104: 本日完成數量 | J104: 累計完成數量 | L104: 備註
A105: 圍籬及安全措施施作 | E105: 式 | F105: 1 | H105: 1 | J105: 1
A114: 營造業專業工程特定施工項目
A115: A.
A116: B.
A117: 二、工地材料管理概況（含約定之重要材料使用狀況及數量等）：
A118: 材料名稱 | E118: 單位 | F118: 設計數量 | H118: 本日使用數量 | J118: 累計使用數量 | L118: 備註
A121: 三、工地人員及機具管理（含約定之出工人數及機具使用情形及數量）：
A122: 工別 | C122: 本日人數 | E122: 累計人數 | H122: 機具名稱 | J122: 本日使用數量 | L122: 累計使用數量
A123: 大工
A124: 小工 | C124: 3 | E124: 5
A125: 四、本日施工項目是否有須依「營造業專業工程特定施工項目應置之技術士種類、比率或人數標準表」規定應設置技術士之專業工程：□有 □無（此項如勾選”有”，則應填寫後附「公共工程施工日誌之技術士簽章表」）
A126: 五、工地職業安全衛生事項之督導、公共環境與安全之維護及其他工地行政事務：
A127: (ㄧ)施工前檢查事項：
A128: 1.實施勤前教育(含工地預防災變及危害告知)：□有 □無
A129: 2.確認新進勞工是否提報勞工保險(或其他商業保險)資料及安全衛生教育訓練紀錄：□有 □無 □無新進勞工
A130: 3.檢查勞工個人防護具：□有 □無
A131: (二)其他事項：
A132: 六、施工取樣試驗紀錄：
A133: 七、通知協力廠商辦理事項：
A134: 八、重要事項記錄：
A135: 簽章：【工地主任】（註3）：
A136: 註：1.依營造業法第32條第1項第2款規定，工地主任應按日填報施工日誌
... A142: 公共工程施工日誌
A143: 表報編號： | B143: =B96+1 -> 4
A144: 本日天氣： | B144: 上午： | C144: 晴 | D144: 下午： 晴 | F144: 填表日期： | H144: =H97+1 -> 46158 | K144: =H144 -> 46158
A145: 工程名稱 | D145: =D98 -> 雲林縣明倫國民小學114-116年公立國民中小學老舊廁所整修工程計畫 | H145: 承攬廠商名稱 | K145: 承昇營造有限公司
A147: 核定工期 | B147: =B100 -> 120日曆天 | D147: 累計工期 | G147: =G100+1 -> 4 | H147: 剩餘工期 | I147: =I100-1 -> 116 | K147: 工期展延天數 | M147: 0
...

Sheet 施工項目
A1: 承昇營造有限公司
A2: 第二聯 | J2: 公共工程施工日誌
A3: 工程名稱： | I3: 雲林縣明倫國民小學114-116年公立國民中小學老舊廁所整修工程計畫 | AO3: 日期： | AW3: 46155
A4: 項次 | E4: 工程項目 | U4: 單位 | Y4: 契約數量 | AE4: 契約單價 | AK4: 本日 完成數量 | AQ4: 本日 完成金額 | AW4: 累計 完成數量 | BC4: 累計 完成金額
A5: =[1]詳細價目表!A2 -> 壹 | E5: =[1]詳細價目表!B2 -> 直接工程費 | BI5: =Y5*AE5 -> 0
A6: =[1]詳細價目表!A3 -> 1 | E6: =[1]詳細價目表!B3 -> 乙種施工圍籬、警示帶、安全警示燈等安全措施(租用) | U6: =[1]詳細價目表!C3 -> 式 | Y6: =[1]詳細價目表!D3 -> 1 | AE6: =[1]詳細價目表!E3 -> 2200 | AK6: 0 | AQ6: =AK6*AE6 -> 0 | AW6: 0 | BC6: =AE6*AW6 -> 0 | BI6: =Y6*AE6 -> 2200
A7: =[1]詳細價目表!A4 -> 2 | E7: =[1]詳細價目表!B4 -> 工程告示牌與職安衛告示牌(租用) | U7: =[1]詳細價目表!C4 -> 式 | Y7: =[1]詳細價目表!D4 -> 1 | AE7: =[1]詳細價目表!E4 -> 6000 | AK7: 1 | AQ7: =AK7*AE7 -> 6000 | AW7: 1 | BC7: =AE7*AW7 -> 6000 | BI7: =Y7*AE7 -> 6000
A8: =[1]詳細價目表!A5 -> 3 | E8: =[1]詳細價目表!B5 -> 施工動線開闢與損壞復原，既有設備管線遷移與復原；測量與放樣 | U8: =[1]詳細價目表!C5 -> 式 | Y8: =[1]詳細價目表!D5 -> 1 | AE8: =[1]詳細價目表!E5 -> 9000 | AK8: 0 | AQ8: =AK8*AE8 -> 0 | AW8: 0 | BC8: =AE8*AW8 -> 0 | BI8: =Y8*AE8 -> 9000
A9: =[1]詳細價目表!A6 -> 4 | E9: =[1]詳細價目表!B6 -> 既有牆面、地坪、磁磚、衛生設備、給排水設施、搗擺及天花板等拆除(含切割)及運棄(含合法證明);環境保護與清潔 | U9: =[1]詳細價目表!C6 -> 式 | Y9: =[1]詳細價目表!D6 -> 1 | AE9: =[1]詳細價目表!E6 -> 214844 | AK9: 0 | AQ9: =AK9*AE9 -> 0 | AW9: =AK9 -> 0 | BC9: =AE9*AW9 -> 0 | BI9: =Y9*AE9 -> 214844
A10: =[1]詳細價目表!A7 -> 5 | E10: =[1]詳細價目表!B7 -> 既有污水處理設施抽水肥(含清潔孔開挖與復原) | U10: =[1]詳細價目表!C7 -> 式 | Y10: =[1]詳細價目表!D7 -> 1 | AE10: =[1]詳細價目表!E7 -> 10000 | AK10: 0 | AQ10: =AK10*AE10 -> 0 | AW10: 0 | BC10: =AE10*AW10 -> 0 | BI10: =Y10*AE10 -> 10000
A11: =[1]詳細價目表!A8 -> 6 | E11: =[1]詳細價目表!B8 -> 地坪與蹲便台階增築 | U11: =[1]詳細價目表!C8 -> 式 | Y11: =[1]詳細價目表!D8 -> 1 | AE11: =[1]詳細價目表!E8 -> 35000 | AK11: 0 | AQ11: =AK11*AE11 -> 0 | AW11: =AK11 -> 0 | BC11: =AE11*AW11 -> 0 | BI11: =Y11*AE11 -> 35000
A12: =[1]詳細價目表!A9 -> 7 | E12: =[1]詳細價目表!B9 -> 砌1/2B磚牆 | U12: =[1]詳細價目表!C9 -> M2 | Y12: =[1]詳細價目表!D9 -> 13 | AE12: =[1]詳細價目表!E9 -> 1500 | AK12: 0 | AQ12: =AK12*AE12 -> 0 | AW12: 0 | BC12: =AE12*AW12 -> 0 | BI12: =Y12*AE12 -> 19500
A13: =[1]詳細價目表!A10 -> 8 | E13: =[1]詳細價目表!B10 -> 施工範圍內樓板穿管處與既有無用穿管及孔洞需以水泥砂漿封閉並刷防水層；樓板防水層試水 | U13: =[1]詳細價目表!C10 -> 式 | Y13: =[1]詳細價目表!D10 -> 1 | AE13: =[1]詳細價目表!E10 -> 9000 | AK13: 0 | AQ13: =AK13*AE13 -> 0 | AW13: 0 | BC13: =AE13*AW13 -> 0 | BI13: =Y13*AE13 -> 9000
A14: =[1]詳細價目表!A11 -> 9 | E14: =[1]詳細價目表!B11 -> 地坪、牆面1:3水泥砂漿粉刷 | U14: =[1]詳細價目表!C11 -> M2 | Y14: =[1]詳細價目表!D11 -> 207 | AE14: =[1]詳細價目表!E11 -> 800 | AK14: 0 | AQ14: =AK14*AE14 -> 0 | AW14: =AK14 -> 0 | BC14: =AE14*AW14 -> 0 | BI14: =Y14*AE14 -> 165600
A15: =[1]詳細價目表!A12 -> 10 | E15: =[1]詳細價目表!B12 -> 地坪及牆面(H=1.5m)塗刷防水層 | U15: =[1]詳細價目表!C12 -> M2 | Y15: =[1]詳細價目表!D12 -> 113 | AE15: =[1]詳細價目表!E12 -> 700 | AK15: 0 | AQ15: =AK15*AE15 -> 0 | AW15: =AK15 -> 0 | BC15: =AE15*AW15 -> 0 | BI15: =Y15*AE15 -> 79100
A16: =[1]詳細價目表!A13 -> 11 | E16: =[1]詳細價目表!B13 -> 安裝不銹鋼方形地板落水頭(10cm*10cm,連工帶料) | U16: =[1]詳細價目表!C13 -> 組 | Y16: =[1]詳細價目表!D13 -> 9 | AE16: =[1]詳細價目表!E13 -> 750 | AK16: 0 | AQ16: =AK16*AE16 -> 0 | AW16: 0 | BC16: =AE16*AW16 -> 0 | BI16: =Y16*AE16 -> 6750
A17: =[1]詳細價目表!A14 -> 12 | E17: =[1]詳細價目表!B14 -> 地坪貼止滑石英磚30cm*30cm，本色水泥勾縫(連工帶料) | U17: =[1]詳細價目表!C14 -> M2 | Y17: =[1]詳細價目表!D14 -> 48 | AE17: =[1]詳細價目表!E14 -> 1300 | AK17: 0 | AQ17: =AK17*AE17 -> 0 | AW17: 0 | BC17: =AE17*AW17 -> 0 | BI17: =Y17*AE17 -> 62400
A18: =[1]詳細價目表!A15 -> 13 | E18: =[1]詳細價目表!B15 -> 地坪貼60cm*60cm止滑石英磚，本色水泥勾縫(連工帶料) | U18: =[1]詳細價目表!C15 -> M2 | Y18: =[1]詳細價目表!D15 -> 2 | AE18: =[1]詳細價目表!E15 -> 1700 | AK18: 0 | AQ18: =AK18*AE18 -> 0 | AW18: 0 | BC18: =AE18*AW18 -> 0 | BI18: =Y18*AE18 -> 3400
A19: =[1]詳細價目表!A16 -> 14 | E19: =[1]詳細價目表!B16 -> 牆面貼數位噴印石英磚30*60cm，白色水泥抹縫(連工帶料) | U19: =[1]詳細價目表!C16 -> M2 | Y19: =[1]詳細價目表!D16 -> 85 | AE19: =[1]詳細價目表!E16 -> 1700 | AK19: 0 | AQ19: =AK19*AE19 -> 0 | AW19: 0 | BC19: =AE19*AW19 -> 0 | BI19: =Y19*AE19 -> 144500
A20: =[1]詳細價目表!A17 -> 15 | E20: =[1]詳細價目表!B17 -> 牆面貼地鐵磚10cm*20cm，白色水泥勾縫(連工帶料) | U20: =[1]詳細價目表!C17 -> M2 | Y20: =[1]詳細價目表!D17 -> 13 | AE20: =[1]詳細價目表!E17 -> 1500 | AK20: 0 | AQ20: =AK20*AE20 -> 0 | AW20: =AK20 -> 0 | BC20: =AE20*AW20 -> 0 | BI20: =Y20*AE20 -> 19500
A21: =[1]詳細價目表!A18 -> 16 | E21: =[1]詳細價目表!B18 -> 安裝鋁合金陽角收邊條 | U21: =[1]詳細價目表!C18 -> M | Y21: =[1]詳細價目表!D18 -> 30 | AE21: =[1]詳細價目表!E18 -> 550 | AK21: 0 | AQ21: =AK21*AE21 -> 0 | AW21: 0 | BC21: =AE21*AW21 -> 0 | BI21: =Y21*AE21 -> 16500
A22: =[1]詳細價目表!A19 -> 17 | E22: =[1]詳細價目表!B19 -> 施做抿石子(1~2分霓虹石，抿石子專用泥) | U22: =[1]詳細價目表!C19 -> M2 | Y22: =[1]詳細價目表!D19 -> 9 | AE22: =[1]詳細價目表!E19 -> 1200 | AK22: 0 | AQ22: =AK22*AE22 -> 0 | AW22: =AK22 -> 0 | BC22: =AE22*AW22 -> 0 | BI22: =Y22*AE22 -> 10800
A23: =[1]詳細價目表!A20 -> 18 | E23: =[1]詳細價目表!B20 -> 牆壁面貼圖案排版釉面馬賽克(方型馬賽克寬1.8cm，12色以上排版，含排版費，白色抺縫，連工帶料) | U23: =[1]詳細價目表!C20 -> 才 | Y23: =[1]詳細價目表!D20 -> 58 | AE23: =[1]詳細價目表!E20 -> 750 | AK23: 0 | AQ23: =AK23*AE23 -> 0 | AW23: =AK23 -> 0 | BC23: =AE23*AW23 -> 0 | BI23: =Y23*AE23 -> 43500
A24: =[1]詳細價目表!A21 -> 19 | E24: =[1]詳細價目表!B21 -> 牆面與平頂塗刷水泥漆(含清潔，批土整平，一底漆二度面漆) | U24: =[1]詳細價目表!C21 -> M2 | Y24: =[1]詳細價目表!D21 -> 82 | AE24: =[1]詳細價目表!E21 -> 200 | AK24: 0 | AQ24: =AK24*AE24 -> 0 | AW24: 0 | BC24: =AE24*AW24 -> 0 | BI24: =Y24*AE24 -> 16400
A25: =[1]詳細價目表!A22 -> 20 | E25: =[1]詳細價目表!B22 -> 安裝13mm熱固性樹脂板隔間含門片(頂面H=200cm以上) | U25: =[1]詳細價目表!C22 -> M2 | Y25: =[1]詳細價目表!D22 -> 38 | AE25: =[1]詳細價目表!E22 -> 3500 | AK25: 0 | AQ25: =AK25*AE25 -> 0 | AW25: =AK25 -> 0 | BC25: =AE25*AW25 -> 0 | BI25: =Y25*AE25 -> 133000
A26: =[1]詳細價目表!A23 -> 21 | E26: =[1]詳細價目表!B23 -> 廁間安裝不鏽鋼掛鈎與置物板 | U26: =[1]詳細價目表!C23 -> 間 | Y26: =[1]詳細價目表!D23 -> 6 | AE26: =[1]詳細價目表!E23 -> 1200 | AK26: 0 | AQ26: =AK26*AE26 -> 0 | AW26: 0 | BC26: =AE26*AW26 -> 0 | BI26: =Y26*AE26 -> 7200
A27: =[1]詳細價目表!A24 -> 22 | E27: =[1]詳細價目表!B24 -> 新設砌磚洗手台 | U27: =[1]詳細價目表!C24 -> 式 | Y27: =[1]詳細價目表!D24 -> 1 | AE27: =[1]詳細價目表!E24 -> 54000 | AK27: 0 | AQ27: =AK27*AE27 -> 0 | AW27: 0 | BC27: =AE27*AW27 -> 0 | BI27: =Y27*AE27 -> 54000
A28: =[1]詳細價目表!A25 -> 23 | E28: =[1]詳細價目表!B25 -> 貼深色石材檯面(t=2cm，倒圓角) | U28: =[1]詳細價目表!C25 -> 才 | Y28: =[1]詳細價目表!D25 -> 4 | AE28: =[1]詳細價目表!E25 -> 750 | AK28: 0 | AQ28: =AK28*AE28 -> 0 | AW28: =AK28 -> 0 | BC28: =AE28*AW28 -> 0 | BI28: =Y28*AE28 -> 3000
A29: =[1]詳細價目表!A26 -> 24 | E29: =[1]詳細價目表!B26 -> 安裝輕鋼架、金屬烤漆透空網與耐燃一級貼皮天花板(含必要之側封板與窗簾盒批土刷漆) | U29: =[1]詳細價目表!C26 -> 式 | Y29: =[1]詳細價目表!D26 -> 1 | AE29: =[1]詳細價目表!E26 -> 53000 | AK29: 0 | AQ29: =AK29*AE29 -> 0 | AW29: 0 | BC29: =AE29*AW29 -> 0 | BI29: =Y29*AE29 -> 53000
A30: =[1]詳細價目表!A27 -> 25 | E30: =[1]詳細價目表!B27 -> 廁所安裝衛生設備(連工帶料) | U30: =[1]詳細價目表!C27 -> 式 | Y30: =[1]詳細價目表!D27 -> 1 | AE30: =[1]詳細價目表!E27 -> 90400 | AK30: 0 | AQ30: =AK30*AE30 -> 0 | AW30: =AK30 -> 0 | BC30: =AE30*AW30 -> 0 | BI30: =Y30*AE30 -> 90400
A31: =[1]詳細價目表!A28 -> 26 | E31: =[1]詳細價目表!B28 -> 安裝開關、插座與燈具(連工帶料) | U31: =[1]詳細價目表!C28 -> 式 | Y31: =[1]詳細價目表!D28 -> 1 | AE31: =[1]詳細價目表!E28 -> 28500 | AK31: 0 | AQ31: =AK31*AE31 -> 0 | AW31: =AK31 -> 0 | BC31: =AE31*AW31 -> 0 | BI31: =Y31*AE31 -> 28500
A32: =[1]詳細價目表!A29 -> 27 | E32: =[1]詳細價目表!B29 -> 給排水系統配管與安裝(連工帶料) | U32: =[1]詳細價目表!C29 -> 式 | Y32: =[1]詳細價目表!D29 -> 1 | AE32: =[1]詳細價目表!E29 -> 80500 | AK32: 0 | AQ32: =AK32*AE32 -> 0 | AW32: 0 | BC32: =AE32*AW32 -> 0 | BI32: =Y32*AE32 -> 80500
A33: =[1]詳細價目表!A30 -> 28 | E33: =[1]詳細價目表!B30 -> 施做緊急求救按鈕(含閃光與蜂嗚警報器、線材、五金配件, 各層樓每間廁所皆有求救鈕，連工帶料，責任施工) | U33: =[1]詳細價目表!C30 -> 式 | Y33: =[1]詳細價目表!D30 -> 1 | AE33: =[1]詳細價目表!E30 -> 12500 | AK33: 0 | AQ33: =AK33*AE33 -> 0 | AW33: =AK33 -> 0 | BC33: =AE33*AW33 -> 0 | BI33: =Y33*AE33 -> 12500
A34: =[1]詳細價目表!A31 -> 29 | E34: =[1]詳細價目表!B31 -> 施做拖布盆(砌磚粉刷貼磁磚，H=30cm) | U34: =[1]詳細價目表!C31 -> 式 | Y34: =[1]詳細價目表!D31 -> 1 | AE34: =[1]詳細價目表!E31 -> 6000 | AK34: 0 | AQ34: =AK34*AE34 -> 0 | AW34: 0 | BC34: =AE34*AW34 -> 0 | BI34: =Y34*AE34 -> 6000
A35: =[1]詳細價目表!A32 -> 30 | E35: =[1]詳細價目表!B32 -> 安裝廁所指標系統、拖把夾(連工帶料，責任施工) | U35: =[1]詳細價目表!C32 -> 式 | Y35: =[1]詳細價目表!D32 -> 1 | AE35: =[1]詳細價目表!E32 -> 16500 | AK35: 0 | AQ35: =AK35*AE35 -> 0 | AW35: =AK35 -> 0 | BC35: =AE35*AW35 -> 0 | BI35: =Y35*AE35 -> 16500
A36: =[1]詳細價目表!A33 -> 31 | E36: =[1]詳細價目表!B33 -> 門窗與雜項工程 | U36: =[1]詳細價目表!C33 -> 式 | Y36: =[1]詳細價目表!D33 -> 1 | AE36: =[1]詳細價目表!E33 -> 63400 | AK36: 0 | AQ36: =AK36*AE36 -> 0 | AW36: 0 | BC36: =AE36*AW36 -> 0 | BI36: =Y36*AE36 -> 63400
A37: =[1]詳細價目表!A35 -> 貳 | E37: =[1]詳細價目表!B35 -> 職業安全衛生管理費(壹*1%) | U37: =[1]詳細價目表!C35 -> 式 | Y37: 1 | AE37: =[1]詳細價目表!E35 -> 14220 | AK37: 0.009 | AQ37: =AK37*AE37 -> 127.98 | AW37: =AK37 -> 0.009 | BC37: =AE37*AW37 -> 127.98 | BI37: =Y37*AE37 -> 14220
A38: =[1]詳細價目表!A36 -> 參 | E38: =[1]詳細價目表!B36 -> 公共工程品質管制作業費(壹*1%) | U38: =[1]詳細價目表!C36 -> 式 | Y38: 1 | AE38: =[1]詳細價目表!E36 -> 14220 | AK38: 0.009 | AQ38: =AK38*AE38 -> 127.98 | AW38: =AK38 -> 0.009 | BC38: =AE38*AW38 -> 127.98 | BI38: =Y38*AE38 -> 14220
A39: =[1]詳細價目表!A37 -> 肆 | E39: =[1]詳細價目表!B37 -> 包商利潤及管理費(約壹*7%) | U39: =[1]詳細價目表!C37 -> 式 | Y39: 1 | AE39: =[1]詳細價目表!E37 -> 99540 | AK39: 0.009 | AQ39: =AK39*AE39 -> 895.86 | AW39: =AK39 -> 0.009 | BC39: =AE39*AW39 -> 895.86 | BI39: =Y39*AE39 -> 99540
A40: =[1]詳細價目表!A38 -> 伍 | E40: =[1]詳細價目表!B38 -> 營造綜合保險費 | U40: =[1]詳細價目表!C38 -> 式 | Y40: 1 | AE40: =[1]詳細價目表!E38 -> 4650 | AK40: 1 | AQ40: =AK40*AE40 -> 4650 | AW40: =AK40 -> 1 | BC40: =AE40*AW40 -> 4650 | BI40: =Y40*AE40 -> 4650
A41: =[1]詳細價目表!A39 -> 陸 | E41: =[1]詳細價目表!B39 -> 營業稅((壹~伍)*5%) | U41: =[1]詳細價目表!C39 -> 式 | Y41: 1 | AE41: =[1]詳細價目表!E39 -> 77731 | AK41: 0.009 | AQ41: =AK41*AE41 -> 699.579 | AW41: =AK41 -> 0.009 | BC41: =AE41*AW41 -> 699.579 | BI41: 77731
E42: 計 | AQ42: =SUM(AQ6:AQ41) -> 12501.399 | BC42: =SUM(BC6:BC41) -> 12501.399 | BI42: =SUM(BI5:BI41) -> 1632355
BI43: =Y43*AE43 -> 0
A44: 累計完成進度=(累計完成金額÷契約金額)%= | AQ44: =BC42/BI42 -> 0.007658505 | BI44: =AQ44 -> 0.007658505
A45: 承 包 廠 商 | AE45: 負 責 人
A49: 承昇營造有限公司
A50: 第二聯 | J50: 公共工程施工日誌
A51: 工程名稱： | I51: 雲林縣明倫國民小學114-116年公立國民中小學老舊廁所整修工程計畫 | AO51: 日期： | AW51: =AW3+1 -> 46156
A52: 項次 | E52: 工程項目 | U52: 單位 | Y52: 契約數量 | AE52: 契約單價 | AK52: 本日 完成數量 | AQ52: 本日 完成金額 | AW52: 累計 完成數量 | BC52: 累計 完成金額
A53: =A5 -> 壹 | E53: =E5 -> 直接工程費 | BI53: =Y53*AE53 -> 0
A54: =A6 -> 1 | E54: =E6 -> 乙種施工圍籬、警示帶、安全警示燈等安全措施(租用) | U54: =U6 -> 式 | Y54: =Y6 -> 1 | AE54: =AE6 -> 2200 | AK54: 0 | AQ54: =AK54*AE54 -> 0 | AW54: =AW6+AK54 -> 0 | BC54: =AE54*AW54 -> 0 | BI54: =Y54*AE54 -> 2200
A55: =A7 -> 2 | E55: =E7 -> 工程告示牌與職安衛告示牌(租用) | U55: =U7 -> 式 | Y55: =Y7 -> 1 | AE55: =AE7 -> 6000 | AK55: 0 | AQ55: =AK55*AE55 -> 0 | AW55: =AW7+AK55 -> 1 | BC55: =AE55*AW55 -> 6000 | BI55: =Y55*AE55 -> 6000
A56: =A8 -> 3 | E56: =E8 -> 施工動線開闢與損壞復原，既有設備管線遷移與復原；測量與放樣 | U56: =U8 -> 式 | Y56: =Y8 -> 1 | AE56: =AE8 -> 9000 | AK56: 0 | AQ56: =AK56*AE56 -> 0 | AW56: =AW8+AK56 -> 0 | BC56: =AE56*AW56 -> 0 | BI56: =Y56*AE56 -> 9000
A57: =A9 -> 4 | E57: =E9 -> 既有牆面、地坪、磁磚、衛生設備、給排水設施、搗擺及天花板等拆除(含切割)及運棄(含合法證明);環境保護與清潔 | U57: =U9 -> 式 | Y57: =Y9 -> 1 | AE57: =AE9 -> 214844 | AK57: 0 | AQ57: =AK57*AE57 -> 0 | AW57: =AW9+AK57 -> 0 | BC57: =AE57*AW57 -> 0 | BI57: =Y57*AE57 -> 214844
A58: =A10 -> 5 | E58: =E10 -> 既有污水處理設施抽水肥(含清潔孔開挖與復原) | U58: =U10 -> 式 | Y58: =Y10 -> 1 | AE58: =AE10 -> 10000 | AK58: 0 | AQ58: =AK58*AE58 -> 0 | AW58: =AW10+AK58 -> 0 | BC58: =AE58*AW58 -> 0 | BI58: =Y58*AE58 -> 10000
A59: =A11 -> 6 | E59: =E11 -> 地坪與蹲便台階增築 | U59: =U11 -> 式 | Y59: =Y11 -> 1 | AE59: =AE11 -> 35000 | AK59: 0 | AQ59: =AK59*AE59 -> 0 | AW59: =AW11+AK59 -> 0 | BC59: =AE59*AW59 -> 0 | BI59: =Y59*AE59 -> 35000
A60: =A12 -> 7 | E60: =E12 -> 砌1/2B磚牆 | U60: =U12 -> M2 | Y60: =Y12 -> 13 | AE60: =AE12 -> 1500 | AK60: 0 | AQ60: =AK60*AE60 -> 0 | AW60: =AW12+AK60 -> 0 | BC60: =AE60*AW60 -> 0 | BI60: =Y60*AE60 -> 19500
A61: =A13 -> 8 | E61: =E13 -> 施工範圍內樓板穿管處與既有無用穿管及孔洞需以水泥砂漿封閉並刷防水層；樓板防水層試水 | U61: =U13 -> 式 | Y61: =Y13 -> 1 | AE61: =AE13 -> 9000 | AK61: 0 | AQ61: =AK61*AE61 -> 0 | AW61: =AW13+AK61 -> 0 | BC61: =AE61*AW61 -> 0 | BI61: =Y61*AE61 -> 9000
A62: =A14 -> 9 | E62: =E14 -> 地坪、牆面1:3水泥砂漿粉刷 | U62: =U14 -> M2 | Y62: =Y14 -> 207 | AE62: =AE14 -> 800 | AK62: 0 | AQ62: =AK62*AE62 -> 0 | AW62: =AW14+AK62 -> 0 | BC62: =AE62*AW62 -> 0 | BI62: =Y62*AE62 -> 165600
A63: =A15 -> 10 | E63: =E15 -> 地坪及牆面(H=1.5m)塗刷防水層 | U63: =U15 -> M2 | Y63: =Y15 -> 113 | AE63: =AE15 -> 700 | AK63: 0 | AQ63: =AK63*AE63 -> 0 | AW63: =AW15+AK63 -> 0 | BC63: =AE63*AW63 -> 0 | BI63: =Y63*AE63 -> 79100
A64: =A16 -> 11 | E64: =E16 -> 安裝不銹鋼方形地板落水頭(10cm*10cm,連工帶料) | U64: =U16 -> 組 | Y64: =Y16 -> 9 | AE64: =AE16 -> 750 | AK64: 0 | AQ64: =AK64*AE64 -> 0 | AW64: =AW16+AK64 -> 0 | BC64: =AE64*AW64 -> 0 | BI64: =Y64*AE64 -> 6750
A65: =A17 -> 12 | E65: =E17 -> 地坪貼止滑石英磚30cm*30cm，本色水泥勾縫(連工帶料) | U65: =U17 -> M2 | Y65: =Y17 -> 48 | AE65: =AE17 -> 1300 | AK65: 0 | AQ65: =AK65*AE65 -> 0 | AW65: =AW17+AK65 -> 0 | BC65: =AE65*AW65 -> 0 | BI65: =Y65*AE65 -> 62400
... A88: =A40 -> 伍 | E88: =E40 -> 營造綜合保險費 | U88: =U40 -> 式 | Y88: =Y40 -> 1 | AE88: =AE40 -> 4650 | AK88: 0 | AQ88: =AK88*AE88 -> 0 | AW88: =AW40+AK88 -> 1 | BC88: =AE88*AW88 -> 4650 | BI88: =Y88*AE88 -> 4650
A89: =A41 -> 陸 | E89: =E41 -> 營業稅((壹~伍)*5%) | U89: =U41 -> 式 | Y89: =Y41 -> 1 | AE89: =AE41 -> 77731 | AK89: 0.009 | AQ89: =AK89*AE89 -> 699.579 | AW89: =AW41+AK89 -> 0.018 | BC89: =AE89*AW89 -> 1399.158 | BI89: 77731
E90: 計 | AQ90: =SUM(AQ54:AQ89) -> 1851.399 | BC90: =SUM(BC54:BC89) -> 14352.798 | BI90: =SUM(BI53:BI89) -> 1632355
BI91: =Y91*AE91 -> 0
A92: 累計完成進度=(累計完成金額÷契約金額)%= | AQ92: =BC90/BI90 -> 0.008792694 | BI92: =AQ92 -> 0.008792694
A93: 承 包 廠 商 | AE93: 負 責 人
A97: 承昇營造有限公司
A98: 第二聯 | J98: 公共工程施工日誌
A99: 工程名稱： | I99: 雲林縣明倫國民小學114-116年公立國民中小學老舊廁所整修工程計畫 | AO99: 日期： | AW99: =AW51+1 -> 46157
A100: 項次 | E100: 工程項目 | U100: 單位 | Y100: 契約數量 | AE100: 契約單價 | AK100: 本日 完成數量 | AQ100: 本日 完成金額 | AW100: 累計 完成數量 | BC100: 累計 完成金額
A101: =A53 -> 壹 | E101: =E53 -> 直接工程費 | BI101: =Y101*AE101 -> 0
A102: =A54 -> 1 | E102: =E54 -> 乙種施工圍籬、警示帶、安全警示燈等安全措施(租用) | U102: =U54 -> 式 | Y102: =Y54 -> 1 | AE102: =AE54 -> 2200 | AK102: 1 | AQ102: =AK102*AE102 -> 2200 | AW102: =AW54+AK102 -> 1 | BC102: =AE102*AW102 -> 2200 | BI102: =Y102*AE102 -> 2200
A103: =A55 -> 2 | E103: =E55 -> 工程告示牌與職安衛告示牌(租用) | U103: =U55 -> 式 | Y103: =Y55 -> 1 | AE103: =AE55 -> 6000 | AK103: 0 | AQ103: =AK103*AE103 -> 0 | AW103: =AW55+AK103 -> 1 | BC103: =AE103*AW103 -> 6000 | BI103: =Y103*AE103 -> 6000
A104: =A56 -> 3 | E104: =E56 -> 施工動線開闢與損壞復原，既有設備管線遷移與復原；測量與放樣 | U104: =U56 -> 式 | Y104: =Y56 -> 1 | AE104: =AE56 -> 9000 | AK104: 0 | AQ104: =AK104*AE104 -> 0 | AW104: =AW56+AK104 -> 0 | BC104: =AE104*AW104 -> 0 | BI104: =Y104*AE104 -> 9000
A105: =A57 -> 4 | E105: =E57 -> 既有牆面、地坪、磁磚、衛生設備、給排水設施、搗擺及天花板等拆除(含切割)及運棄(含合法證明);環境保護與清潔 | U105: =U57 -> 式 | Y105: =Y57 -> 1 | AE105: =AE57 -> 214844 | AK105: 0 | AQ105: =AK105*AE105 -> 0 | AW105: =AW57+AK105 -> 0 | BC105: =AE105*AW105 -> 0 | BI105: =Y105*AE105 -> 214844
A106: =A58 -> 5 | E106: =E58 -> 既有污水處理設施抽水肥(含清潔孔開挖與復原) | U106: =U58 -> 式 | Y106: =Y58 -> 1 | AE106: =AE58 -> 10000 | AK106: 0 | AQ106: =AK106*AE106 -> 0 | AW106: =AW58+AK106 -> 0 | BC106: =AE106*AW106 -> 0 | BI106: =Y106*AE106 -> 10000
A107: =A59 -> 6 | E107: =E59 -> 地坪與蹲便台階增築 | U107: =U59 -> 式 | Y107: =Y59 -> 1 | AE107: =AE59 -> 35000 | AK107: 0 | AQ107: =AK107*AE107 -> 0 | AW107: =AW59+AK107 -> 0 | BC107: =AE107*AW107 -> 0 | BI107: =Y107*AE107 -> 35000
A108: =A60 -> 7 | E108: =E60 -> 砌1/2B磚牆 | U108: =U60 -> M2 | Y108: =Y60 -> 13 | AE108: =AE60 -> 1500 | AK108: 0 | AQ108: =AK108*AE108 -> 0 | AW108: =AW60+AK108 -> 0 | BC108: =AE108*AW108 -> 0 | BI108: =Y108*AE108 -> 19500
A109: =A61 -> 8 | E109: =E61 -> 施工範圍內樓板穿管處與既有無用穿管及孔洞需以水泥砂漿封閉並刷防水層；樓板防水層試水 | U109: =U61 -> 式 | Y109: =Y61 -> 1 | AE109: =AE61 -> 9000 | AK109: 0 | AQ109: =AK109*AE109 -> 0 | AW109: =AW61+AK109 -> 0 | BC109: =AE109*AW109 -> 0 | BI109: =Y109*AE109 -> 9000
A110: =A62 -> 9 | E110: =E62 -> 地坪、牆面1:3水泥砂漿粉刷 | U110: =U62 -> M2 | Y110: =Y62 -> 207 | AE110: =AE62 -> 800 | AK110: 0 | AQ110: =AK110*AE110 -> 0 | AW110: =AW62+AK110 -> 0 | BC110: =AE110*AW110 -> 0 | BI110: =Y110*AE110 -> 165600
A111: =A63 -> 10 | E111: =E63 -> 地坪及牆面(H=1.5m)塗刷防水層 | U111: =U63 -> M2 | Y111: =Y63 -> 113 | AE111: =AE63 -> 700 | AK111: 0 | AQ111: =AK111*AE111 -> 0 | AW111: =AW63+AK111 -> 0 | BC111: =AE111*AW111 -> 0 | BI111: =Y111*AE111 -> 79100
A112: =A64 -> 11 | E112: =E64 -> 安裝不銹鋼方形地板落水頭(10cm*10cm,連工帶料) | U112: =U64 -> 組 | Y112: =Y64 -> 9 | AE112: =AE64 -> 750 | AK112: 0 | AQ112: =AK112*AE112 -> 0 | AW112: =AW64+AK112 -> 0 | BC112: =AE112*AW112 -> 0 | BI112: =Y112*AE112 -> 6750
A113: =A65 -> 12 | E113: =E65 -> 地坪貼止滑石英磚30cm*30cm，本色水泥勾縫(連工帶料) | U113: =U65 -> M2 | Y113: =Y65 -> 48 | AE113: =AE65 -> 1300 | AK113: 0 | AQ113: =AK113*AE113 -> 0 | AW113: =AW65+AK113 -> 0 | BC113: =AE113*AW113 -> 0 | BI113: =Y113*AE113 -> 62400
... A136: =A88 -> 伍 | E136: =E88 -> 營造綜合保險費 | U136: =U88 -> 式 | Y136: =Y88 -> 1 | AE136: =AE88 -> 4650 | AK136: 0 | AQ136: =AK136*AE136 -> 0 | AW136: =AW88+AK136 -> 1 | BC136: =AE136*AW136 -> 4650 | BI136: =Y136*AE136 -> 4650
A137: =A89 -> 陸 | E137: =E89 -> 營業稅((壹~伍)*5%) | U137: =U89 -> 式 | Y137: =Y89 -> 1 | AE137: =AE89 -> 77731 | AK137: 0.009 | AQ137: =AK137*AE137 -> 699.579 | AW137: =AW89+AK137 -> 0.027 | BC137: =AE137*AW137 -> 2098.737 | BI137: 77731
E138: 計 | AQ138: =SUM(AQ102:AQ137) -> 4051.399 | BC138: =SUM(BC102:BC137) -> 18404.197 | BI138: =SUM(BI101:BI137) -> 1632355
BI139: =Y139*AE139 -> 0
A140: 累計完成進度=(累計完成金額÷契約金額)%= | AQ140: =BC138/BI138 -> 0.011274629 | BI140: =AQ140 -> 0.011274629
A141: 承 包 廠 商 | AE141: 負 責 人
A145: 承昇營造有限公司
A146: 第二聯 | J146: 公共工程施工日誌
A147: 工程名稱： | I147: 雲林縣明倫國民小學114-116年公立國民中小學老舊廁所整修工程計畫 | AO147: 日期： | AW147: =AW99+1 -> 46158
A148: 項次 | E148: 工程項目 | U148: 單位 | Y148: 契約數量 | AE148: 契約單價 | AK148: 本日 完成數量 | AQ148: 本日 完成金額 | AW148: 累計 完成數量 | BC148: 累計 完成金額
A149: =A101 -> 壹 | E149: =E101 -> 直接工程費 | BI149: =Y149*AE149 -> 0
A150: =A102 -> 1 | E150: =E102 -> 乙種施工圍籬、警示帶、安全警示燈等安全措施(租用) | U150: =U102 -> 式 | Y150: =Y102 -> 1 | AE150: =AE102 -> 2200 | AQ150: =AK150*AE150 -> 0 | AW150: =AW102+AK150 -> 1 | BC150: =AE150*AW150 -> 2200 | BI150: =Y150*AE150 -> 2200
A151: =A103 -> 2 | E151: =E103 -> 工程告示牌與職安衛告示牌(租用) | U151: =U103 -> 式 | Y151: =Y103 -> 1 | AE151: =AE103 -> 6000 | AQ151: =AK151*AE151 -> 0 | AW151: =AW103+AK151 -> 1 | BC151: =AE151*AW151 -> 6000 | BI151: =Y151*AE151 -> 6000
A152: =A104 -> 3 | E152: =E104 -> 施工動線開闢與損壞復原，既有設備管線遷移與復原；測量與放樣 | U152: =U104 -> 式 | Y152: =Y104 -> 1 | AE152: =AE104 -> 9000 | AK152: 0.4 | AQ152: =AK152*AE152 -> 3600 | AW152: =AW104+AK152 -> 0.4 | BC152: =AE152*AW152 -> 3600 | BI152: =Y152*AE152 -> 9000
A153: =A105 -> 4 | E153: =E105 -> 既有牆面、地坪、磁磚、衛生設備、給排水設施、搗擺及天花板等拆除(含切割)及運棄(含合法證明);環境保護與清潔 | U153: =U105 -> 式 | Y153: =Y105 -> 1 | AE153: =AE105 -> 214844 | AK153: 0.3 | AQ153: =AK153*AE153 -> 64453.2 | AW153: =AW105+AK153 -> 0.3 | BC153: =AE153*AW153 -> 64453.2 | BI153: =Y153*AE153 -> 214844
...
