Workbook

Sheet 封面
A4: 雲林縣二崙鄉永定國民小學
A7: 雲林縣永定國小114年度改善無障礙校園環境工程
A12: 施工日誌
A24: 施工廠商：和穩土木包工業
A25: 施工日期：114年09月10日~114年09月30日

Sheet 日報
A1: 公共工程施工日誌
A2: 表報編號： | B2: 1
A3: 本日天氣： | B3: 上午： | C3: 晴 | D3: 下午： 晴 | F3: 填表日期： | H3: 45910 | K3: =H3 -> 45910
A4: 工程名稱 | D4: 雲林縣永定國小114年度改善無障礙校園環境工程 | H4: 承攬廠商名稱 | K4: 和穩土木包工業
A6: 核定工期 | B6: 60日曆天 | D6: 累計工期 | G6: 1 | H6: 剩餘工期 | I6: 59 | K6: 工期展延天數 | M6: 0
A7: 開工日期 | D7: 114年09年10日 | H7: 完工日期 | K7: 114年11月08日
A8: 預定進度(%) | D8: 0.002 | H8: 實際進度(%) | K8: =施工項目!AQ24 -> 0.0048686275
A9: 一、依施工計畫書執行按圖施工概況（含約定之重要施工項目及完成數量等）：
A10: 施工項目 | E10: 單位 | F10: 契約數量 | H10: 本日完成數量 | J10: 累計完成數量 | L10: 備註
A11: 設立工程告示牌 | E11: 式 | F11: 1 | H11: 1 | J11: 1
A12: 工程保險 | E12: 式 | F12: 1 | H12: 1 | J12: 1
A13: 申報開工
A20: 營造業專業工程特定施工項目
A21: A.
A22: B.
A23: 二、工地材料管理概況（含約定之重要材料使用狀況及數量等）：
A24: 材料名稱 | E24: 單位 | F24: 設計數量 | H24: 本日使用數量 | J24: 累計使用數量 | L24: 備註
A27: 三、工地人員及機具管理（含約定之出工人數及機具使用情形及數量）：
A28: 工別 | C28: 本日人數 | E28: 累計人數 | H28: 機具名稱 | J28: 本日使用數量 | L28: 累計使用數量
A29: 大工
A30: 小工 | C30: 2 | E30: 2
A31: 四、本日施工項目是否有須依「營造業專業工程特定施工項目應置之技術士種類、比率或人數標準表」規定應設置技術士之專業工程：□有 □無（此項如勾選”有”，則應填寫後附「公共工程施工日誌之技術士簽章表」）
A32: 五、工地職業安全衛生事項之督導、公共環境與安全之維護及其他工地行政事務：
A33: (ㄧ)施工前檢查事項：
A34: 1.實施勤前教育(含工地預防災變及危害告知)：□有 □無
A35: 2.確認新進勞工是否提報勞工保險(或其他商業保險)資料及安全衛生教育訓練紀錄：□有 □無 □無新進勞工
A36: 3.檢查勞工個人防護具：□有 □無
A37: (二)其他事項：
A38: 六、施工取樣試驗紀錄：
A39: 七、通知協力廠商辦理事項：
A40: 八、重要事項記錄：
A41: 簽章：【工地主任】（註3）：
A42: 註：1.依營造業法第32條第1項第2款規定，工地主任應按日填報施工日誌
... A48: 公共工程施工日誌
A49: 表報編號： | B49: =B2+1 -> 2
A50: 本日天氣： | B50: 上午： | C50: 晴 | D50: 下午： 晴 | F50: 填表日期： | H50: =H3+1 -> 45911 | K50: =H50 -> 45911
A51: 工程名稱 | D51: 雲林縣永定國小114年度改善無障礙校園環境工程 | H51: 承攬廠商名稱 | K51: 和穩土木包工業
A53: 核定工期 | B53: 60日曆天 | D53: 累計工期 | G53: =G6+1 -> 2 | H53: 剩餘工期 | I53: =I6-1 -> 58 | K53: 工期展延天數 | M53: 0
A54: 開工日期 | D54: 114年09年10日 | H54: 完工日期 | K54: 114年11月08日
A55: 預定進度(%) | D55: 0.004 | H55: 實際進度(%) | K55: =施工項目!AQ52 -> 0.011066667
A56: 一、依施工計畫書執行按圖施工概況（含約定之重要施工項目及完成數量等）：
A57: 施工項目 | E57: 單位 | F57: 契約數量 | H57: 本日完成數量 | J57: 累計完成數量 | L57: 備註
A58: 測量放樣 | E58: 式 | F58: 1 | H58: 0.5 | J58: 0.5
A59: =施工項目!E35 -> 三角錐與連桿(租用) | E59: M | F59: 86 | H59: 86 | J59: 86
A67: 營造業專業工程特定施工項目
A68: A.
A69: B.
A70: 二、工地材料管理概況（含約定之重要材料使用狀況及數量等）：
A71: 材料名稱 | E71: 單位 | F71: 設計數量 | H71: 本日使用數量 | J71: 累計使用數量 | L71: 備註
A74: 三、工地人員及機具管理（含約定之出工人數及機具使用情形及數量）：
A75: 工別 | C75: 本日人數 | E75: 累計人數 | H75: 機具名稱 | J75: 本日使用數量 | L75: 累計使用數量
A76: 大工
A77: 小工 | C77: 2 | E77: 4
A78: 四、本日施工項目是否有須依「營造業專業工程特定施工項目應置之技術士種類、比率或人數標準表」規定應設置技術士之專業工程：□有 □無（此項如勾選”有”，則應填寫後附「公共工程施工日誌之技術士簽章表」）
A79: 五、工地職業安全衛生事項之督導、公共環境與安全之維護及其他工地行政事務：
A80: (ㄧ)施工前檢查事項：
A81: 1.實施勤前教育(含工地預防災變及危害告知)：□有 □無
A82: 2.確認新進勞工是否提報勞工保險(或其他商業保險)資料及安全衛生教育訓練紀錄：□有 □無 □無新進勞工
A83: 3.檢查勞工個人防護具：□有 □無
A84: (二)其他事項：
A85: 六、施工取樣試驗紀錄：
A86: 七、通知協力廠商辦理事項：
A87: 八、重要事項記錄：
A88: 簽章：【工地主任】（註3）：
A89: 註：1.依營造業法第32條第1項第2款規定，工地主任應按日填報施工日誌
... A95: 公共工程施工日誌
A96: 表報編號： | B96: =B49+1 -> 3
A97: 本日天氣： | B97: 上午： | C97: 晴 | D97: 下午： 晴 | F97: 填表日期： | H97: =H50+1 -> 45912 | K97: =H97 -> 45912
A98: 工程名稱 | D98: 雲林縣永定國小114年度改善無障礙校園環境工程 | H98: 承攬廠商名稱 | K98: 和穩土木包工業
A100: 核定工期 | B100: 60日曆天 | D100: 累計工期 | G100: =G53+1 -> 3 | H100: 剩餘工期 | I100: =I53-1 -> 57 | K100: 工期展延天數 | M100: 0
A101: 開工日期 | D101: 114年09年10日 | H101: 完工日期 | K101: 114年11月08日
A102: 預定進度(%) | D102: 0.006 | H102: 實際進度(%) | K102: =施工項目!AQ80 -> 0.013345098
A103: 一、依施工計畫書執行按圖施工概況（含約定之重要施工項目及完成數量等）：
A104: 施工項目 | E104: 單位 | F104: 契約數量 | H104: 本日完成數量 | J104: 累計完成數量 | L104: 備註
A105: 備料
A114: 營造業專業工程特定施工項目
A115: A.
A116: B.
A117: 二、工地材料管理概況（含約定之重要材料使用狀況及數量等）：
A118: 材料名稱 | E118: 單位 | F118: 設計數量 | H118: 本日使用數量 | J118: 累計使用數量 | L118: 備註
A121: 三、工地人員及機具管理（含約定之出工人數及機具使用情形及數量）：
A122: 工別 | C122: 本日人數 | E122: 累計人數 | H122: 機具名稱 | J122: 本日使用數量 | L122: 累計使用數量
A123: 大工
A124: 小工 | E124: 4
A125: 四、本日施工項目是否有須依「營造業專業工程特定施工項目應置之技術士種類、比率或人數標準表」規定應設置技術士之專業工程：□有 □無（此項如勾選”有”，則應填寫後附「公共工程施工日誌之技術士簽章表」）
A126: 五、工地職業安全衛生事項之督導、公共環境與安全之維護及其他工地行政事務：
A127: (ㄧ)施工前檢查事項：
A128: 1.實施勤前教育(含工地預防災變及危害告知)：□有 □無
A129: 2.確認新進勞工是否提報勞工保險(或其他商業保險)資料及安全衛生教育訓練紀錄：□有 □無 □無新進勞工
A130: 3.檢查勞工個人防護具：□有 □無
A131: (二)其他事項：
A132: 六、施工取樣試驗紀錄：
A133: 七、通知協力廠商辦理事項：
A134: 八、重要事項記錄：
A135: 簽章：【工地主任】（註3）：
A136: 註：1.依營造業法第32條第1項第2款規定，工地主任應按日填報施工日誌
... A142: 公共工程施工日誌
A143: 表報編號： | B143: =B96+1 -> 4
A144: 本日天氣： | B144: 上午： | C144: 晴 | D144: 下午： 晴 | F144: 填表日期： | H144: =H97+1 -> 45913 | K144: =H144 -> 45913
A145: 工程名稱 | D145: 雲林縣永定國小114年度改善無障礙校園環境工程 | H145: 承攬廠商名稱 | K145: 和穩土木包工業
...

Sheet 施工項目
A1: 和穩土木包工業
A2: 第二聯 | J2: 公共工程施工日誌
A3: 工程名稱： | I3: 雲林縣永定國小114年度改善無障礙校園環境工程 | AO3: 日期： | AW3: 45910
A4: 項次 | E4: 工程項目 | U4: 單位 | Y4: 契約數量 | AE4: 契約單價 | AK4: 本日 完成數量 | AQ4: 本日 完成金額 | AW4: 累計 完成數量 | BC4: 累計 完成金額
A5: ='[1](標單)詳細價目表'!A2 -> 壹 | E5: ='[1](標單)詳細價目表'!B2 -> 直接工程費 | BI5: =Y5*AE5 -> 0
A6: 1 | E6: ='[1](標單)詳細價目表'!B3 -> 工程告示牌與職安衛告示牌(租用) | U6: ='[1](標單)詳細價目表'!C3 -> 式 | Y6: 1 | Z6: 1 | AA6: 1 | AB6: 1 | AC6: 1 | AD6: 1 | AE6: ='[1](標單)詳細價目表'!E3 -> 5000 | AK6: 1 | AQ6: =AK6*AE6 -> 5000 | AW6: =AK6 -> 1 | BC6: =ROUND(AW6*AE6,0) -> 5000 | BI6: =Y6*AE6 -> 5000
A7: ='[1](標單)詳細價目表'!A4 -> 2 | E7: ='[1](標單)詳細價目表'!B4 -> 三角錐與連桿(租用) | U7: ='[1](標單)詳細價目表'!C4 -> M | Y7: 86 | Z7: 86 | AA7: 86 | AB7: 86 | AC7: 86 | AD7: 86 | AE7: ='[1](標單)詳細價目表'!E4 -> 60 | AK7: 0 | AQ7: =AK7*AE7 -> 0 | AW7: =AK7 -> 0 | BC7: =ROUND(AW7*AE7,0) -> 0 | BI7: =Y7*AE7 -> 5160
A8: ='[1](標單)詳細價目表'!A5 -> 3 | E8: ='[1](標單)詳細價目表'!B5 -> 施工動線開闢及損害復原；測量與放樣 | U8: ='[1](標單)詳細價目表'!C5 -> 式 | Y8: 1 | Z8: 1 | AA8: 1 | AB8: 1 | AC8: 1 | AD8: 1 | AE8: ='[1](標單)詳細價目表'!E5 -> 4000 | AK8: 0 | AQ8: =AK8*AE8 -> 0 | AW8: =AK8 -> 0 | BC8: =ROUND(AW8*AE8,0) -> 0 | BI8: =Y8*AE8 -> 4000
A9: ='[1](標單)詳細價目表'!A6 -> 4 | E9: ='[1](標單)詳細價目表'!B6 -> 切割打除清運校舍與教室出入口地坪以及司令台階梯平台(含合法清運證明) | U9: ='[1](標單)詳細價目表'!C6 -> 式 | Y9: 1 | Z9: 1 | AA9: 1 | AB9: 1 | AC9: 1 | AD9: 1 | AE9: ='[1](標單)詳細價目表'!E6 -> 52817 | AK9: 0 | AQ9: =AK9*AE9 -> 0 | AW9: =AK9 -> 0 | BC9: =ROUND(AW9*AE9,0) -> 0 | BI9: =Y9*AE9 -> 52817
A10: ='[1](標單)詳細價目表'!A7 -> 5 | E10: ='[1](標單)詳細價目表'!B7 -> 校舍出入口施做斜坡順平高差 | U10: ='[1](標單)詳細價目表'!C7 -> M2 | Y10: 15 | Z10: 15 | AA10: 15 | AB10: 15 | AC10: 15 | AD10: 15 | AE10: ='[1](標單)詳細價目表'!E7 -> 600 | AK10: 0 | AQ10: =AK10*AE10 -> 0 | AW10: =AK10 -> 0 | BC10: =ROUND(AW10*AE10,0) -> 0 | BI10: =Y10*AE10 -> 9000
A11: ='[1](標單)詳細價目表'!A8 -> 6 | E11: ='[1](標單)詳細價目表'!B8 -> 開挖整地，新設無障礙RC坡道，牆面與地坪粉刷整平(連工帶料，責任施工) | U11: ='[1](標單)詳細價目表'!C8 -> 式 | Y11: 1 | Z11: 1 | AA11: 1 | AB11: 1 | AC11: 1 | AD11: 1 | AE11: ='[1](標單)詳細價目表'!E8 -> 153000 | AK11: 0 | AQ11: =AK11*AE11 -> 0 | AW11: =AK11 -> 0 | BC11: =ROUND(AW11*AE11,0) -> 0 | BI11: =Y11*AE11 -> 153000
A12: ='[1](標單)詳細價目表'!A9 -> 7 | E12: ='[1](標單)詳細價目表'!B9 -> 施做抿石子(1~2分AK石，抿石子專用泥) | U12: ='[1](標單)詳細價目表'!C9 -> M2 | Y12: 38 | Z12: 38 | AA12: 38 | AB12: 38 | AC12: 38 | AD12: 38 | AE12: ='[1](標單)詳細價目表'!E9 -> 1460 | AK12: 0 | AQ12: =AK12*AE12 -> 0 | AW12: =AK12 -> 0 | BC12: =ROUND(AW12*AE12,0) -> 0 | BI12: =Y12*AE12 -> 55480
A13: ='[1](標單)詳細價目表'!A10 -> 8 | E13: ='[1](標單)詳細價目表'!B10 -> 無障礙坡道地坪拉毛 | U13: ='[1](標單)詳細價目表'!C10 -> M2 | Y13: 33 | Z13: 33 | AA13: 33 | AB13: 33 | AC13: 33 | AD13: 33 | AE13: ='[1](標單)詳細價目表'!E10 -> 100 | BI13: =Y13*AE13 -> 3300
A14: ='[1](標單)詳細價目表'!A11 -> 9 | E14: ='[1](標單)詳細價目表'!B11 -> 司令台既有樓梯面清潔，刷止滑漆(一底二度) | U14: ='[1](標單)詳細價目表'!C11 -> 式 | Y14: 1 | Z14: 1 | AA14: 1 | AB14: 1 | AC14: 1 | AD14: 1 | AE14: ='[1](標單)詳細價目表'!E11 -> 3000 | AK14: 0 | AQ14: =AK14*AE14 -> 0 | AW14: =AK14 -> 0 | BC14: =ROUND(AW14*AE14,0) -> 0 | BI14: =Y14*AE14 -> 3000
A15: ='[1](標單)詳細價目表'!A12 -> 10 | E15: ='[1](標單)詳細價目表'!B12 -> 校舍、教室及司令台坡道出入口配置無線押扣與插電式緊急求救鈴 | U15: ='[1](標單)詳細價目表'!C12 -> 組 | Y15: 8 | Z15: 8 | AA15: 8 | AB15: 8 | AC15: 8 | AD15: 8 | AE15: ='[1](標單)詳細價目表'!E12 -> 700 | AK15: 0 | AQ15: =AK15*AE15 -> 0 | AW15: =AK15 -> 0 | BC15: =ROUND(AW15*AE15,0) -> 0 | BI15: =Y15*AE15 -> 5600
A16: ='[1](標單)詳細價目表'!A13 -> 11 | E16: ='[1](標單)詳細價目表'!B13 -> 司令台周圍及無障礙坡道安裝不鏽鋼扶手(連工帶料) | U16: ='[1](標單)詳細價目表'!C13 -> M | Y16: 48 | Z16: 48 | AA16: 48 | AB16: 48 | AC16: 48 | AD16: 48 | AE16: ='[1](標單)詳細價目表'!E13 -> 3000 | AK16: 0 | AQ16: =AK16*AE16 -> 0 | AW16: =AK16 -> 0 | BC16: =ROUND(AW16*AE16,0) -> 0 | BI16: =Y16*AE16 -> 144000
A17: ='[1](標單)詳細價目表'!A15 -> 貳 | E17: ='[1](標單)詳細價目表'!B15 -> 職業安全衛生管理費與施工環境保護與清潔（壹*2%） | U17: ='[1](標單)詳細價目表'!C15 -> 式 | Y17: ='[1](標單)詳細價目表'!D15 -> 1 | AE17: ='[1](標單)詳細價目表'!E15 -> 8807 | AK17: 0.017 | AQ17: =AK17*AE17 -> 149.719 | AW17: =AK17 -> 0.017 | BC17: =ROUND(AW17*AE17,0) -> 150 | BI17: =Y17*AE17 -> 8807
A18: ='[1](標單)詳細價目表'!A16 -> 參 | E18: ='[1](標單)詳細價目表'!B16 -> 公共工程品質管制作業費（壹*1%） | U18: ='[1](標單)詳細價目表'!C16 -> 式 | Y18: ='[1](標單)詳細價目表'!D16 -> 1 | AE18: ='[1](標單)詳細價目表'!E16 -> 4404 | AK18: 0.017 | AQ18: =AK18*AE18 -> 74.868 | AW18: =AK18 -> 0.017 | BC18: =ROUND(AW18*AE18,0) -> 75 | BI18: =Y18*AE18 -> 4404
A19: ='[1](標單)詳細價目表'!A17 -> 肆 | E19: ='[1](標單)詳細價目表'!B17 -> 包商管理及利潤費（約壹*7%） | U19: ='[1](標單)詳細價目表'!C17 -> 式 | Y19: ='[1](標單)詳細價目表'!D17 -> 1 | AE19: ='[1](標單)詳細價目表'!E17 -> 30825 | AK19: 0.017 | AQ19: =AK19*AE19 -> 524.025 | AW19: =AK19 -> 0.017 | BC19: =ROUND(AW19*AE19,0) -> 524 | BI19: =Y19*AE19 -> 30825
A20: ='[1](標單)詳細價目表'!A18 -> 伍 | E20: ='[1](標單)詳細價目表'!B18 -> 營造綜合保險費 | U20: ='[1](標單)詳細價目表'!C18 -> 式 | Y20: ='[1](標單)詳細價目表'!D18 -> 1 | AE20: ='[1](標單)詳細價目表'!E18 -> 1321 | AK20: 1 | AQ20: =AK20*AE20 -> 1321 | AW20: =AK20 -> 1 | BC20: =ROUND(AW20*AE20,0) -> 1321 | BI20: =Y20*AE20 -> 1321
A21: ='[1](標單)詳細價目表'!A19 -> 陸 | E21: ='[1](標單)詳細價目表'!B19 -> 營業稅（(壹~伍)*5％） | U21: ='[1](標單)詳細價目表'!C19 -> 式 | Y21: ='[1](標單)詳細價目表'!D19 -> 1 | AE21: ='[1](標單)詳細價目表'!E19 -> 24286 | AK21: 0.017 | AQ21: =AK21*AE21 -> 412.862 | AW21: =AK21 -> 0.017 | BC21: =ROUND(AW21*AE21,0) -> 413 | BI21: =Y21*AE21 -> 24286
E22: 計 | AQ22: =SUM(AQ8:AQ21) -> 2482.474 | BC22: =SUM(BC8:BC21) -> 2483 | BI22: =SUM(BI6:BI21) -> 510000
BI23: =Y23*AE23 -> 0
A24: 累計完成進度=(累計完成金額÷契約金額)%= | AQ24: =BC22/BI22 -> 0.0048686275 | BI24: =AQ24 -> 0.0048686275
A25: 承 包 廠 商 | AE25: 負 責 人
A29: 和穩土木包工業
A30: 第二聯 | J30: 公共工程施工日誌
A31: 工程名稱： | I31: 雲林縣永定國小114年度改善無障礙校園環境工程 | AO31: 日期： | AW31: =AW3+1 -> 45911
A32: 項次 | E32: 工程項目 | U32: 單位 | Y32: 契約數量 | AE32: 契約單價 | AK32: 本日 完成數量 | AQ32: 本日 完成金額 | AW32: 累計 完成數量 | BC32: 累計 完成金額
A33: =A5 -> 壹 | E33: =E5 -> 直接工程費 | BI33: =Y33*AE33 -> 0
A34: =A6 -> 1 | E34: =E6 -> 工程告示牌與職安衛告示牌(租用) | U34: =U6 -> 式 | Y34: =Y6 -> 1 | AE34: =AE6 -> 5000 | AK34: 0 | AQ34: =AK34*AE34 -> 0 | AW34: =AW6+AK34 -> 1 | BC34: =ROUND(AW34*AE34,0) -> 5000 | BI34: =Y34*AE34 -> 5000
A35: =A7 -> 2 | E35: =E7 -> 三角錐與連桿(租用) | U35: =U7 -> M | Y35: =Y7 -> 86 | AE35: =AE7 -> 60 | AK35: 86 | AQ35: =AK35*AE35 -> 5160 | AW35: =AW7+AK35 -> 86 | BC35: =ROUND(AW35*AE35,0) -> 5160 | BI35: =Y35*AE35 -> 5160
A36: =A8 -> 3 | E36: =E8 -> 施工動線開闢及損害復原；測量與放樣 | U36: =U8 -> 式 | Y36: =Y8 -> 1 | AE36: =AE8 -> 4000 | AK36: 0.5 | AQ36: =AK36*AE36 -> 2000 | AW36: =AW8+AK36 -> 0.5 | BC36: =ROUND(AW36*AE36,0) -> 2000 | BI36: =Y36*AE36 -> 4000
A37: =A9 -> 4 | E37: =E9 -> 切割打除清運校舍與教室出入口地坪以及司令台階梯平台(含合法清運證明) | U37: =U9 -> 式 | Y37: =Y9 -> 1 | AE37: =AE9 -> 52817 | AK37: 0 | AQ37: =AK37*AE37 -> 0 | AW37: =AW9+AK37 -> 0 | BC37: =ROUND(AW37*AE37,0) -> 0 | BI37: =Y37*AE37 -> 52817
A38: =A10 -> 5 | E38: =E10 -> 校舍出入口施做斜坡順平高差 | U38: =U10 -> M2 | Y38: =Y10 -> 15 | AE38: =AE10 -> 600 | AK38: 0 | AQ38: =AK38*AE38 -> 0 | AW38: =AW10+AK38 -> 0 | BC38: =ROUND(AW38*AE38,0) -> 0 | BI38: =Y38*AE38 -> 9000
A39: =A11 -> 6 | E39: =E11 -> 開挖整地，新設無障礙RC坡道，牆面與地坪粉刷整平(連工帶料，責任施工) | U39: =U11 -> 式 | Y39: =Y11 -> 1 | AE39: =AE11 -> 153000 | AK39: 0 | AQ39: =AK39*AE39 -> 0 | AW39: =AW11+AK39 -> 0 | BC39: =ROUND(AW39*AE39,0) -> 0 | BI39: =Y39*AE39 -> 153000
A40: =A12 -> 7 | E40: =E12 -> 施做抿石子(1~2分AK石，抿石子專用泥) | U40: =U12 -> M2 | Y40: =Y12 -> 38 | AE40: =AE12 -> 1460 | AK40: 0 | AQ40: =AK40*AE40 -> 0 | AW40: =AW12+AK40 -> 0 | BC40: =ROUND(AW40*AE40,0) -> 0 | BI40: =Y40*AE40 -> 55480
A41: =A13 -> 8 | E41: =E13 -> 無障礙坡道地坪拉毛 | U41: =U13 -> M2 | Y41: =Y13 -> 33 | AE41: =AE13 -> 100 | AW41: =AW13+AK41 -> 0 | BI41: =Y41*AE41 -> 3300
A42: =A14 -> 9 | E42: =E14 -> 司令台既有樓梯面清潔，刷止滑漆(一底二度) | U42: =U14 -> 式 | Y42: =Y14 -> 1 | AE42: =AE14 -> 3000 | AK42: 0 | AQ42: =AK42*AE42 -> 0 | AW42: =AW14+AK42 -> 0 | BC42: =ROUND(AW42*AE42,0) -> 0 | BI42: =Y42*AE42 -> 3000
A43: =A15 -> 10 | E43: =E15 -> 校舍、教室及司令台坡道出入口配置無線押扣與插電式緊急求救鈴 | U43: =U15 -> 組 | Y43: =Y15 -> 8 | AE43: =AE15 -> 700 | AK43: 0 | AQ43: =AK43*AE43 -> 0 | AW43: =AW15+AK43 -> 0 | BC43: =ROUND(AW43*AE43,0) -> 0 | BI43: =Y43*AE43 -> 5600
A44: =A16 -> 11 | E44: =E16 -> 司令台周圍及無障礙坡道安裝不鏽鋼扶手(連工帶料) | U44: =U16 -> M | Y44: =Y16 -> 48 | AE44: =AE16 -> 3000 | AK44: 0 | AQ44: =AK44*AE44 -> 0 | AW44: =AW16+AK44 -> 0 | BC44: =ROUND(AW44*AE44,0) -> 0 | BI44: =Y44*AE44 -> 144000
A45: =A17 -> 貳 | E45: =E17 -> 職業安全衛生管理費與施工環境保護與清潔（壹*2%） | U45: =U17 -> 式 | Y45: =Y17 -> 1 | AE45: =AE17 -> 8807 | AK45: 0.017 | AQ45: =AK45*AE45 -> 149.719 | AW45: =AW17+AK45 -> 0.034 | BC45: =ROUND(AW45*AE45,0) -> 299 | BI45: =Y45*AE45 -> 8807
A46: =A18 -> 參 | E46: =E18 -> 公共工程品質管制作業費（壹*1%） | U46: =U18 -> 式 | Y46: =Y18 -> 1 | AE46: =AE18 -> 4404 | AK46: 0.017 | AQ46: =AK46*AE46 -> 74.868 | AW46: =AW18+AK46 -> 0.034 | BC46: =ROUND(AW46*AE46,0) -> 150 | BI46: =Y46*AE46 -> 4404
A47: =A19 -> 肆 | E47: =E19 -> 包商管理及利潤費（約壹*7%） | U47: =U19 -> 式 | Y47: =Y19 -> 1 | AE47: =AE19 -> 30825 | AK47: 0.017 | AQ47: =AK47*AE47 -> 524.025 | AW47: =AW19+AK47 -> 0.034 | BC47: =ROUND(AW47*AE47,0) -> 1048 | BI47: =Y47*AE47 -> 30825
A48: =A20 -> 伍 | E48: =E20 -> 營造綜合保險費 | U48: =U20 -> 式 | Y48: =Y20 -> 1 | AE48: =AE20 -> 1321 | AK48: 0 | AQ48: =AK48*AE48 -> 0 | AW48: =AW20+AK48 -> 1 | BC48: =ROUND(AW48*AE48,0) -> 1321 | BI48: =Y48*AE48 -> 1321
A49: =A21 -> 陸 | E49: =E21 -> 營業稅（(壹~伍)*5％） | U49: =U21 -> 式 | Y49: =Y21 -> 1 | AE49: =AE21 -> 24286 | AK49: 0.017 | AQ49: =AK49*AE49 -> 412.862 | AW49: =AW21+AK49 -> 0.034 | BC49: =ROUND(AW49*AE49,0) -> 826 | BI49: =Y49*AE49 -> 24286
E50: 計 | AQ50: =SUM(AQ36:AQ49) -> 3161.474 | BC50: =SUM(BC36:BC49) -> 5644 | BI50: =SUM(BI34:BI49) -> 510000
BI51: =Y51*AE51 -> 0
A52: 累計完成進度=(累計完成金額÷契約金額)%= | AQ52: =BC50/BI50 -> 0.011066667 | BI52: =AQ52 -> 0.011066667
A53: 承 包 廠 商 | AE53: 負 責 人
A57: 和穩土木包工業
A58: 第二聯 | J58: 公共工程施工日誌
A59: 工程名稱： | I59: 雲林縣永定國小114年度改善無障礙校園環境工程 | AO59: 日期： | AW59: =AW31+1 -> 45912
A60: 項次 | E60: 工程項目 | U60: 單位 | Y60: 契約數量 | AE60: 契約單價 | AK60: 本日 完成數量 | AQ60: 本日 完成金額 | AW60: 累計 完成數量 | BC60: 累計 完成金額
A61: =A33 -> 壹 | E61: =E33 -> 直接工程費 | BI61: =Y61*AE61 -> 0
A62: =A34 -> 1 | E62: =E34 -> 工程告示牌與職安衛告示牌(租用) | U62: =U34 -> 式 | Y62: =Y34 -> 1 | AE62: =AE34 -> 5000 | AK62: 0 | AQ62: =AK62*AE62 -> 0 | AW62: =AW34+AK62 -> 1 | BC62: =ROUND(AW62*AE62,0) -> 5000 | BI62: =Y62*AE62 -> 5000
A63: =A35 -> 2 | E63: =E35 -> 三角錐與連桿(租用) | U63: =U35 -> M | Y63: =Y35 -> 86 | AE63: =AE35 -> 60 | AK63: 0 | AQ63: =AK63*AE63 -> 0 | AW63: =AW35+AK63 -> 86 | BC63: =ROUND(AW63*AE63,0) -> 5160 | BI63: =Y63*AE63 -> 5160
A64: =A36 -> 3 | E64: =E36 -> 施工動線開闢及損害復原；測量與放樣 | U64: =U36 -> 式 | Y64: =Y36 -> 1 | AE64: =AE36 -> 4000 | AK64: 0 | AQ64: =AK64*AE64 -> 0 | AW64: =AW36+AK64 -> 0.5 | BC64: =ROUND(AW64*AE64,0) -> 2000 | BI64: =Y64*AE64 -> 4000
A65: =A37 -> 4 | E65: =E37 -> 切割打除清運校舍與教室出入口地坪以及司令台階梯平台(含合法清運證明) | U65: =U37 -> 式 | Y65: =Y37 -> 1 | AE65: =AE37 -> 52817 | AK65: 0 | AQ65: =AK65*AE65 -> 0 | AW65: =AW37+AK65 -> 0 | BC65: =ROUND(AW65*AE65,0) -> 0 | BI65: =Y65*AE65 -> 52817
A66: =A38 -> 5 | E66: =E38 -> 校舍出入口施做斜坡順平高差 | U66: =U38 -> M2 | Y66: =Y38 -> 15 | AE66: =AE38 -> 600 | AK66: 0 | AQ66: =AK66*AE66 -> 0 | AW66: =AW38+AK66 -> 0 | BC66: =ROUND(AW66*AE66,0) -> 0 | BI66: =Y66*AE66 -> 9000
A67: =A39 -> 6 | E67: =E39 -> 開挖整地，新設無障礙RC坡道，牆面與地坪粉刷整平(連工帶料，責任施工) | U67: =U39 -> 式 | Y67: =Y39 -> 1 | AE67: =AE39 -> 153000 | AK67: 0 | AQ67: =AK67*AE67 -> 0 | AW67: =AW39+AK67 -> 0 | BC67: =ROUND(AW67*AE67,0) -> 0 | BI67: =Y67*AE67 -> 153000
A68: =A40 -> 7 | E68: =E40 -> 施做抿石子(1~2分AK石，抿石子專用泥) | U68: =U40 -> M2 | Y68: =Y40 -> 38 | AE68: =AE40 -> 1460 | AK68: 0 | AQ68: =AK68*AE68 -> 0 | AW68: =AW40+AK68 -> 0 | BC68: =ROUND(AW68*AE68,0) -> 0 | BI68: =Y68*AE68 -> 55480
A69: =A41 -> 8 | E69: =E41 -> 無障礙坡道地坪拉毛 | U69: =U41 -> M2 | Y69: =Y41 -> 33 | AE69: =AE41 -> 100 | AW69: =AW41+AK69 -> 0 | BI69: =Y69*AE69 -> 3300
A70: =A42 -> 9 | E70: =E42 -> 司令台既有樓梯面清潔，刷止滑漆(一底二度) | U70: =U42 -> 式 | Y70: =Y42 -> 1 | AE70: =AE42 -> 3000 | AK70: 0 | AQ70: =AK70*AE70 -> 0 | AW70: =AW42+AK70 -> 0 | BC70: =ROUND(AW70*AE70,0) -> 0 | BI70: =Y70*AE70 -> 3000
A71: =A43 -> 10 | E71: =E43 -> 校舍、教室及司令台坡道出入口配置無線押扣與插電式緊急求救鈴 | U71: =U43 -> 組 | Y71: =Y43 -> 8 | AE71: =AE43 -> 700 | AK71: 0 | AQ71: =AK71*AE71 -> 0 | AW71: =AW43+AK71 -> 0 | BC71: =ROUND(AW71*AE71,0) -> 0 | BI71: =Y71*AE71 -> 5600
A72: =A44 -> 11 | E72: =E44 -> 司令台周圍及無障礙坡道安裝不鏽鋼扶手(連工帶料) | U72: =U44 -> M | Y72: =Y44 -> 48 | AE72: =AE44 -> 3000 | AK72: 0 | AQ72: =AK72*AE72 -> 0 | AW72: =AW44+AK72 -> 0 | BC72: =ROUND(AW72*AE72,0) -> 0 | BI72: =Y72*AE72 -> 144000
A73: =A45 -> 貳 | E73: =E45 -> 職業安全衛生管理費與施工環境保護與清潔（壹*2%） | U73: =U45 -> 式 | Y73: =Y45 -> 1 | AE73: =AE45 -> 8807 | AK73: 0.017 | AQ73: =AK73*AE73 -> 149.719 | AW73: =AW45+AK73 -> 0.051 | BC73: =ROUND(AW73*AE73,0) -> 449 | BI73: =Y73*AE73 -> 8807
A74: =A46 -> 參 | E74: =E46 -> 公共工程品質管制作業費（壹*1%） | U74: =U46 -> 式 | Y74: =Y46 -> 1 | AE74: =AE46 -> 4404 | AK74: 0.017 | AQ74: =AK74*AE74 -> 74.868 | AW74: =AW46+AK74 -> 0.051 | BC74: =ROUND(AW74*AE74,0) -> 225 | BI74: =Y74*AE74 -> 4404
A75: =A47 -> 肆 | E75: =E47 -> 包商管理及利潤費（約壹*7%） | U75: =U47 -> 式 | Y75: =Y47 -> 1 | AE75: =AE47 -> 30825 | AK75: 0.017 | AQ75: =AK75*AE75 -> 524.025 | AW75: =AW47+AK75 -> 0.051 | BC75: =ROUND(AW75*AE75,0) -> 1572 | BI75: =Y75*AE75 -> 30825
A76: =A48 -> 伍 | E76: =E48 -> 營造綜合保險費 | U76: =U48 -> 式 | Y76: =Y48 -> 1 | AE76: =AE48 -> 1321 | AK76: 0 | AQ76: =AK76*AE76 -> 0 | AW76: =AW48+AK76 -> 1 | BC76: =ROUND(AW76*AE76,0) -> 1321 | BI76: =Y76*AE76 -> 1321
A77: =A49 -> 陸 | E77: =E49 -> 營業稅（(壹~伍)*5％） | U77: =U49 -> 式 | Y77: =Y49 -> 1 | AE77: =AE49 -> 24286 | AK77: 0.017 | AQ77: =AK77*AE77 -> 412.862 | AW77: =AW49+AK77 -> 0.051 | BC77: =ROUND(AW77*AE77,0) -> 1239 | BI77: =Y77*AE77 -> 24286
E78: 計 | AQ78: =SUM(AQ64:AQ77) -> 1161.474 | BC78: =SUM(BC64:BC77) -> 6806 | BI78: =SUM(BI62:BI77) -> 510000
BI79: =Y79*AE79 -> 0
A80: 累計完成進度=(累計完成金額÷契約金額)%= | AQ80: =BC78/BI78 -> 0.013345098 | BI80: =AQ80 -> 0.013345098
A81: 承 包 廠 商 | AE81: 負 責 人
A85: 和穩土木包工業
A86: 第二聯 | J86: 公共工程施工日誌
A87: 工程名稱： | I87: 雲林縣永定國小114年度改善無障礙校園環境工程 | AO87: 日期： | AW87: =AW59+1 -> 45913
A88: 項次 | E88: 工程項目 | U88: 單位 | Y88: 契約數量 | AE88: 契約單價 | AK88: 本日 完成數量 | AQ88: 本日 完成金額 | AW88: 累計 完成數量 | BC88: 累計 完成金額
A89: =A61 -> 壹 | E89: =E61 -> 直接工程費 | BI89: =Y89*AE89 -> 0
A90: =A62 -> 1 | E90: =E62 -> 工程告示牌與職安衛告示牌(租用) | U90: =U62 -> 式 | Y90: =Y62 -> 1 | AE90: =AE62 -> 5000 | AK90: 0 | AQ90: =AK90*AE90 -> 0 | AW90: =AW62+AK90 -> 1 | BC90: =ROUND(AW90*AE90,0) -> 5000 | BI90: =Y90*AE90 -> 5000
A91: =A63 -> 2 | E91: =E63 -> 三角錐與連桿(租用) | U91: =U63 -> M | Y91: =Y63 -> 86 | AE91: =AE63 -> 60 | AK91: 0 | AQ91: =AK91*AE91 -> 0 | AW91: =AW63+AK91 -> 86 | BC91: =ROUND(AW91*AE91,0) -> 5160 | BI91: =Y91*AE91 -> 5160
A92: =A64 -> 3 | E92: =E64 -> 施工動線開闢及損害復原；測量與放樣 | U92: =U64 -> 式 | Y92: =Y64 -> 1 | AE92: =AE64 -> 4000 | AK92: 0 | AQ92: =AK92*AE92 -> 0 | AW92: =AW64+AK92 -> 0.5 | BC92: =ROUND(AW92*AE92,0) -> 2000 | BI92: =Y92*AE92 -> 4000
A93: =A65 -> 4 | E93: =E65 -> 切割打除清運校舍與教室出入口地坪以及司令台階梯平台(含合法清運證明) | U93: =U65 -> 式 | Y93: =Y65 -> 1 | AE93: =AE65 -> 52817 | AK93: 0 | AQ93: =AK93*AE93 -> 0 | AW93: =AW65+AK93 -> 0 | BC93: =ROUND(AW93*AE93,0) -> 0 | BI93: =Y93*AE93 -> 52817
A94: =A66 -> 5 | E94: =E66 -> 校舍出入口施做斜坡順平高差 | U94: =U66 -> M2 | Y94: =Y66 -> 15 | AE94: =AE66 -> 600 | AK94: 0 | AQ94: =AK94*AE94 -> 0 | AW94: =AW66+AK94 -> 0 | BC94: =ROUND(AW94*AE94,0) -> 0 | BI94: =Y94*AE94 -> 9000
A95: =A67 -> 6 | E95: =E67 -> 開挖整地，新設無障礙RC坡道，牆面與地坪粉刷整平(連工帶料，責任施工) | U95: =U67 -> 式 | Y95: =Y67 -> 1 | AE95: =AE67 -> 153000 | AK95: 0 | AQ95: =AK95*AE95 -> 0 | AW95: =AW67+AK95 -> 0 | BC95: =ROUND(AW95*AE95,0) -> 0 | BI95: =Y95*AE95 -> 153000
A96: =A68 -> 7 | E96: =E68 -> 施做抿石子(1~2分AK石，抿石子專用泥) | U96: =U68 -> M2 | Y96: =Y68 -> 38 | AE96: =AE68 -> 1460 | AK96: 0 | AQ96: =AK96*AE96 -> 0 | AW96: =AW68+AK96 -> 0 | BC96: =ROUND(AW96*AE96,0) -> 0 | BI96: =Y96*AE96 -> 55480
A97: =A69 -> 8 | E97: =E69 -> 無障礙坡道地坪拉毛 | U97: =U69 -> M2 | Y97: =Y69 -> 33 | AE97: =AE69 -> 100 | AW97: =AW69+AK97 -> 0 | BI97: =Y97*AE97 -> 3300
A98: =A70 -> 9 | E98: =E70 -> 司令台既有樓梯面清潔，刷止滑漆(一底二度) | U98: =U70 -> 式 | Y98: =Y70 -> 1 | AE98: =AE70 -> 3000 | AK98: 0 | AQ98: =AK98*AE98 -> 0 | AW98: =AW70+AK98 -> 0 | BC98: =ROUND(AW98*AE98,0) -> 0 | BI98: =Y98*AE98 -> 3000
A99: =A71 -> 10 | E99: =E71 -> 校舍、教室及司令台坡道出入口配置無線押扣與插電式緊急求救鈴 | U99: =U71 -> 組 | Y99: =Y71 -> 8 | AE99: =AE71 -> 700 | AK99: 0 | AQ99: =AK99*AE99 -> 0 | AW99: =AW71+AK99 -> 0 | BC99: =ROUND(AW99*AE99,0) -> 0 | BI99: =Y99*AE99 -> 5600
A100: =A72 -> 11 | E100: =E72 -> 司令台周圍及無障礙坡道安裝不鏽鋼扶手(連工帶料) | U100: =U72 -> M | Y100: =Y72 -> 48 | AE100: =AE72 -> 3000 | AK100: 0 | AQ100: =AK100*AE100 -> 0 | AW100: =AW72+AK100 -> 0 | BC100: =ROUND(AW100*AE100,0) -> 0 | BI100: =Y100*AE100 -> 144000
A101: =A73 -> 貳 | E101: =E73 -> 職業安全衛生管理費與施工環境保護與清潔（壹*2%） | U101: =U73 -> 式 | Y101: =Y73 -> 1 | AE101: =AE73 -> 8807 | AK101: 0.017 | AQ101: =AK101*AE101 -> 149.719 | AW101: =AW73+AK101 -> 0.068 | BC101: =ROUND(AW101*AE101,0) -> 599 | BI101: =Y101*AE101 -> 8807
A102: =A74 -> 參 | E102: =E74 -> 公共工程品質管制作業費（壹*1%） | U102: =U74 -> 式 | Y102: =Y74 -> 1 | AE102: =AE74 -> 4404 | AK102: 0.017 | AQ102: =AK102*AE102 -> 74.868 | AW102: =AW74+AK102 -> 0.068 | BC102: =ROUND(AW102*AE102,0) -> 299 | BI102: =Y102*AE102 -> 4404
A103: =A75 -> 肆 | E103: =E75 -> 包商管理及利潤費（約壹*7%） | U103: =U75 -> 式 | Y103: =Y75 -> 1 | AE103: =AE75 -> 30825 | AK103: 0.017 | AQ103: =AK103*AE103 -> 524.025 | AW103: =AW75+AK103 -> 0.068 | BC103: =ROUND(AW103*AE103,0) -> 2096 | BI103: =Y103*AE103 -> 30825
A104: =A76 -> 伍 | E104: =E76 -> 營造綜合保險費 | U104: =U76 -> 式 | Y104: =Y76 -> 1 | AE104: =AE76 -> 1321 | AK104: 0 | AQ104: =AK104*AE104 -> 0 | AW104: =AW76+AK104 -> 1 | BC104: =ROUND(AW104*AE104,0) -> 1321 | BI104: =Y104*AE104 -> 1321
A105: =A77 -> 陸 | E105: =E77 -> 營業稅（(壹~伍)*5％） | U105: =U77 -> 式 | Y105: =Y77 -> 1 | AE105: =AE77 -> 24286 | AK105: 0.017 | AQ105: =AK105*AE105 -> 412.862 | AW105: =AW77+AK105 -> 0.068 | BC105: =ROUND(AW105*AE105,0) -> 1651 | BI105: =Y105*AE105 -> 24286
E106: 計 | AQ106: =SUM(AQ92:AQ105) -> 1161.474 | BC106: =SUM(BC92:BC105) -> 7966 | BI106: =SUM(BI90:BI105) -> 510000
BI107: =Y107*AE107 -> 0
A108: 累計完成進度=(累計完成金額÷契約金額)%= | AQ108: =BC106/BI106 -> 0.015619608 | BI108: =AQ108 -> 0.015619608
A109: 承 包 廠 商 | AE109: 負 責 人
...
