Workbook

Sheet 9月
A1: 公共工程施工日誌
A2: 表報編號： | B2: 1
A3: 本日天氣：上午：晴 下午：晴 | H3: 填表日期： | K3: 45927
A4: 工程名稱 | D4: 光明國中B與C區5樓老舊廁所整修工程 | H4: 承攬廠商名稱 | K4: 利成營造有限公司
A5: 核定工期 | B5: 130 | C5: 天 | D5: 累計工期 | F5: 1 | G5: 天 | H5: 剩餘工期 | I5: =+B5-F5 -> 129 | J5: 天 | K5: 工期展延天數 | M5: 0
A6: 開工日期 | D6: 114.9.27 | H6: 完工日期 | K6: 115.2.3
A7: 預定進度(%) | D7: 0.01 | H7: 實際進度(%) | K7: =0.5%+0.5%+1.5% -> 0.025
A8: 一、依施工計畫書執行按圖施工概況（含約定之重要施工項目及完成數量等）：
A9: 施工項目 | E9: 單位 | F9: 契約數量 | H9: 本日完成數量 | J9: 累計完成數量 | L9: 備註
A10: 乙種施工圍籬、警示帶、安全警示燈等安全措施 | E10: 式 | F10: 1 | H10: 1 | J10: 1
A11: 工程告示牌與職安衛告示牌 | E11: 式 | F11: 1 | H11: 1 | J11: 1
A12: 既有地坪、磁磚、衛生設備、給排水設施、搗擺及天花板等拆除;工區下方廁所保護措施與清潔復原;環境保護與清潔 | E12: 式 | F12: 1 | H12: 0.1 | J12: 0.1
A15: 二、工地材料管理概況（含約定之重要材料使用狀況及數量等）：
A16: 材料名稱 | E16: 單位 | F16: 契約數量 | H16: 本日使用數量 | J16: 累計使用數量 | L16: 備註
A19: 三、工地人員及機具管理（含約定之出工人數及機具使用情形及數量）：
A20: 工別 | C20: 本日人數 | E20: 累計人數 | H20: 機具名稱 | J20: 本日使用數量 | L20: 累計使用數量
A21: 普通工 | C21: 2 | E21: 2
A22: 體力工 | C22: 6 | E22: 6
A23: 四、本日施工項目是否有須依「營造業專業工程特定施工項目應置之技術士種類、比率或人數標準表」規定應設置技術士之專業工程：□有 ■無（此項如勾選”有”，則應填寫後附「公共工程施工日誌之技術士簽章表」）
A24: 五、工地職業安全衛生事項之督導、公共環境與安全之維護及其他工地行政事務：
A25: (ㄧ)施工前檢查事項：
A26: 1.實施勤前教育(含工地預防災變及危害告知)：■有 □無
A27: 2.確認新進勞工是否提報勞工保險(或其他商業保險)資料及安全衛生教育訓練紀錄：□有 □無
A28: ■無新進勞工
A29: 3.檢查勞工個人防護具：■有 □無
A30: (二)其他事項：
A32: 六、施工取樣試驗紀錄：
A33: 七、通知協力廠商辦理事項：
A34: 八、重要事項記錄：1.申報本日開工 2.廁所舊有設備拆除
A35: 簽章：【工地負責人】（註3）：
... A45: 公共工程施工日誌
A46: 表報編號： | B46: =+B2+1 -> 2
A47: 本日天氣：上午：晴 下午：晴 | H47: 填表日期： | K47: =+K3+1 -> 45928
A48: 工程名稱 | D48: =+D4 -> 光明國中B與C區5樓老舊廁所整修工程 | H48: 承攬廠商名稱 | K48: 利成營造有限公司
A49: 核定工期 | B49: =+B5 -> 130 | C49: 天 | D49: 累計工期 | F49: =+F5+1 -> 2 | G49: 天 | H49: 剩餘工期 | I49: =+B49-F49 -> 128 | J49: 天 | K49: 工期展延天數 | M49: =+M5 -> 0
A50: 開工日期 | D50: =+D6 -> 114.9.27 | H50: 完工日期 | K50: =+K6 -> 115.2.3
A51: 預定進度(%) | D51: 0.012 | H51: 實際進度(%) | K51: =+K7+1.5% -> 0.04
A52: 一、依施工計畫書執行按圖施工概況（含約定之重要施工項目及完成數量等）：
A53: 施工項目 | E53: 單位 | F53: 契約數量 | H53: 本日完成數量 | J53: 累計完成數量 | L53: 備註
A54: 既有地坪、磁磚、衛生設備、給排水設施、搗擺及天花板等拆除;工區下方廁所保護措施與清潔復原;環境保護與清潔 | E54: 式 | F54: 1 | H54: 0.1 | J54: 0.2
A56: 營造業專業工程特定施工項目
A57: A.
A58: B.
A59: 二、工地材料管理概況（含約定之重要材料使用狀況及數量等）：
A60: 材料名稱 | E60: 單位 | F60: 契約數量 | H60: 本日使用數量 | J60: 累計使用數量 | L60: 備註
A63: 三、工地人員及機具管理（含約定之出工人數及機具使用情形及數量）：
A64: 工別 | C64: 本日人數 | E64: 累計人數 | H64: 機具名稱 | J64: 本日使用數量 | L64: 累計使用數量
A65: 體力工 | C65: 6 | E65: 12
A67: 四、本日施工項目是否有須依「營造業專業工程特定施工項目應置之技術士種類、比率或人數標準表」規定應設置技術士之專業工程：□有 ■無（此項如勾選”有”，則應填寫後附「公共工程施工日誌之技術士簽章表」）
A68: 五、工地職業安全衛生事項之督導、公共環境與安全之維護及其他工地行政事務：
A69: (ㄧ)施工前檢查事項：
A70: 1.實施勤前教育(含工地預防災變及危害告知)：■有 □無
A71: 2.確認新進勞工是否提報勞工保險(或其他商業保險)資料及安全衛生教育訓練紀錄：□有 □無
A72: ■無新進勞工
A73: 3.檢查勞工個人防護具：■有 □無
A74: (二)其他事項：
A76: 六、施工取樣試驗紀錄：
A77: 七、通知協力廠商辦理事項：
A78: 八、重要事項記錄：廁所舊有設備拆除
A79: 簽章：【工地負責人】（註3）：
... A89: 公共工程施工日誌
A90: 表報編號： | B90: =+B46+1 -> 3
A91: 本日天氣：上午：晴 下午：晴 | H91: 填表日期： | K91: =+K47+1 -> 45929
A92: 工程名稱 | D92: =+D48 -> 光明國中B與C區5樓老舊廁所整修工程 | H92: 承攬廠商名稱 | K92: 利成營造有限公司
A93: 核定工期 | B93: =+B49 -> 130 | C93: 天 | D93: 累計工期 | F93: =+F49+1 -> 3 | G93: 天 | H93: 剩餘工期 | I93: =+B93-F93 -> 127 | J93: 天 | K93: 工期展延天數 | M93: =+M49 -> 0
A94: 開工日期 | D94: =+D50 -> 114.9.27 | H94: 完工日期 | K94: =+K50 -> 115.2.3
A95: 預定進度(%) | D95: 0.014 | H95: 實際進度(%) | K95: =+K51+1.5%+0.3% -> 0.058
A96: 一、依施工計畫書執行按圖施工概況（含約定之重要施工項目及完成數量等）：
A97: 施工項目 | E97: 單位 | F97: 契約數量 | H97: 本日完成數量 | J97: 累計完成數量 | L97: 備註
A98: 既有地坪、磁磚、衛生設備、給排水設施、搗擺及天花板等拆除;工區下方廁所保護措施與清潔復原;環境保護與清潔 | E98: 式 | F98: 1 | H98: 0.1 | J98: 0.3
A99: 施工動線開闢與損壞復原，既有設備管線遷移與復原；測量與放樣 | E99: 式 | F99: 1 | H99: 0.2 | J99: 0.2
A100: 營造業專業工程特定施工項目
A101: A.
A102: B.
A103: 二、工地材料管理概況（含約定之重要材料使用狀況及數量等）：
A104: 材料名稱 | E104: 單位 | F104: 契約數量 | H104: 本日使用數量 | J104: 累計使用數量 | L104: 備註
A107: 三、工地人員及機具管理（含約定之出工人數及機具使用情形及數量）：
A108: 工別 | C108: 本日人數 | E108: 累計人數 | H108: 機具名稱 | J108: 本日使用數量 | L108: 累計使用數量
A109: 體力工 | C109: 6 | E109: 18
A110: 水電工 | C110: 1 | E110: 1
A111: 四、本日施工項目是否有須依「營造業專業工程特定施工項目應置之技術士種類、比率或人數標準表」規定應設置技術士之專業工程：□有 ■無（此項如勾選”有”，則應填寫後附「公共工程施工日誌之技術士簽章表」）
A112: 五、工地職業安全衛生事項之督導、公共環境與安全之維護及其他工地行政事務：
A113: (ㄧ)施工前檢查事項：
A114: 1.實施勤前教育(含工地預防災變及危害告知)：■有 □無
A115: 2.確認新進勞工是否提報勞工保險(或其他商業保險)資料及安全衛生教育訓練紀錄：□有 □無
A116: ■無新進勞工
A117: 3.檢查勞工個人防護具：■有 □無
A118: (二)其他事項：
A120: 六、施工取樣試驗紀錄：
A121: 七、通知協力廠商辦理事項：
A122: 八、重要事項記錄：1.廁所舊有設備拆除及管線遷移 2.專任工程人員督導
A123: 簽章：【工地負責人】（註3）：
... A133: 公共工程施工日誌
A134: 表報編號： | B134: =+B90+1 -> 4
A135: 本日天氣：上午：晴 下午：晴 | H135: 填表日期： | K135: =+K91+1 -> 45930
A136: 工程名稱 | D136: =+D92 -> 光明國中B與C區5樓老舊廁所整修工程 | H136: 承攬廠商名稱 | K136: 利成營造有限公司
A137: 核定工期 | B137: =+B93+1 -> 131 | C137: 天 | D137: 累計工期 | F137: =+F93+1 -> 4 | G137: 天 | H137: 剩餘工期 | I137: =+B137-F137 -> 127 | J137: 天 | K137: 工期展延天數 | M137: 1
A138: 開工日期 | D138: =+D94 -> 114.9.27 | H138: 完工日期 | K138: 115.2.4
A139: 預定進度(%) | D139: 0.016 | H139: 實際進度(%) | K139: =+K95 -> 0.058
A140: 一、依施工計畫書執行按圖施工概況（含約定之重要施工項目及完成數量等）：
...

Sheet 10月
A1: 公共工程施工日誌
A2: 表報編號： | B2: =+'9月'!B134+1 -> 5
A3: 本日天氣：上午：晴 下午：晴 | H3: 填表日期： | K3: 45931
A4: 工程名稱 | D4: 光明國中B與C區5樓老舊廁所整修工程 | H4: 承攬廠商名稱 | K4: 利成營造有限公司
A5: 核定工期 | B5: =+'9月'!B137+1 -> 132 | C5: 天 | D5: 累計工期 | F5: =+'9月'!F137+1 -> 5 | G5: 天 | H5: 剩餘工期 | I5: =+B5-F5 -> 127 | J5: 天 | K5: 工期展延天數 | M5: =+'9月'!M137+1 -> 2
A6: 開工日期 | D6: =+'9月'!D138:G138 -> 114.9.27 | H6: 完工日期 | K6: 114.2.5
A7: 預定進度(%) | D7: 0.018 | H7: 實際進度(%) | K7: =+'9月'!K139:M139 -> 0.058
A8: 一、依施工計畫書執行按圖施工概況（含約定之重要施工項目及完成數量等）：
A9: 施工項目 | E9: 單位 | F9: 契約數量 | H9: 本日完成數量 | J9: 累計完成數量 | L9: 備註
A12: 營造業專業工程特定施工項目
A13: A.
A14: B.
A15: 二、工地材料管理概況（含約定之重要材料使用狀況及數量等）：
A16: 材料名稱 | E16: 單位 | F16: 契約數量 | H16: 本日使用數量 | J16: 累計使用數量 | L16: 備註
A19: 三、工地人員及機具管理（含約定之出工人數及機具使用情形及數量）：
A20: 工別 | C20: 本日人數 | E20: 累計人數 | H20: 機具名稱 | J20: 本日使用數量 | L20: 累計使用數量
A23: 四、本日施工項目是否有須依「營造業專業工程特定施工項目應置之技術士種類、比率或人數標準表」規定應設置技術士之專業工程：□有 □無（此項如勾選”有”，則應填寫後附「公共工程施工日誌之技術士簽章表」）
A24: 五、工地職業安全衛生事項之督導、公共環境與安全之維護及其他工地行政事務：
A25: (ㄧ)施工前檢查事項：
A26: 1.實施勤前教育(含工地預防災變及危害告知)：□有 □無
A27: 2.確認新進勞工是否提報勞工保險(或其他商業保險)資料及安全衛生教育訓練紀錄：□有 □無
A28: □無新進勞工
A29: 3.檢查勞工個人防護具：□有 □無
A30: (二)其他事項：
A32: 六、施工取樣試驗紀錄：
A33: 七、通知協力廠商辦理事項：
A34: 八、重要事項記錄：1.本日無施工 2.依據9月22日施工協調會紀錄,校方同意開工日起前4周上班日予以不計工期。
A35: 簽章：【工地負責人】（註3）：
... A45: 公共工程施工日誌
A46: 表報編號： | B46: =+B2+1 -> 6
A47: 本日天氣：上午：晴 下午：晴 | H47: 填表日期： | K47: =+K3+1 -> 45932
A48: 工程名稱 | D48: =+D4 -> 光明國中B與C區5樓老舊廁所整修工程 | H48: 承攬廠商名稱 | K48: 利成營造有限公司
A49: 核定工期 | B49: =+B5+1 -> 133 | C49: 天 | D49: 累計工期 | F49: =+F5+1 -> 6 | G49: 天 | H49: 剩餘工期 | I49: =+B49-F49 -> 127 | J49: 天 | K49: 工期展延天數 | M49: =+M5+1 -> 3
A50: 開工日期 | D50: =+D6 -> 114.9.27 | H50: 完工日期 | K50: 115.2.6
A51: 預定進度(%) | D51: 0.02 | H51: 實際進度(%) | K51: =+K7 -> 0.058
A52: 一、依施工計畫書執行按圖施工概況（含約定之重要施工項目及完成數量等）：
A53: 施工項目 | E53: 單位 | F53: 契約數量 | H53: 本日完成數量 | J53: 累計完成數量 | L53: 備註
A56: 營造業專業工程特定施工項目
A57: A.
A58: B.
A59: 二、工地材料管理概況（含約定之重要材料使用狀況及數量等）：
A60: 材料名稱 | E60: 單位 | F60: 契約數量 | H60: 本日使用數量 | J60: 累計使用數量 | L60: 備註
A63: 三、工地人員及機具管理（含約定之出工人數及機具使用情形及數量）：
A64: 工別 | C64: 本日人數 | E64: 累計人數 | H64: 機具名稱 | J64: 本日使用數量 | L64: 累計使用數量
A67: 四、本日施工項目是否有須依「營造業專業工程特定施工項目應置之技術士種類、比率或人數標準表」規定應設置技術士之專業工程：□有 □無（此項如勾選”有”，則應填寫後附「公共工程施工日誌之技術士簽章表」）
A68: 五、工地職業安全衛生事項之督導、公共環境與安全之維護及其他工地行政事務：
A69: (ㄧ)施工前檢查事項：
A70: 1.實施勤前教育(含工地預防災變及危害告知)：□有 □無
A71: 2.確認新進勞工是否提報勞工保險(或其他商業保險)資料及安全衛生教育訓練紀錄：□有 □無
A72: □無新進勞工
A73: 3.檢查勞工個人防護具：□有 □無
A74: (二)其他事項：
A76: 六、施工取樣試驗紀錄：
A77: 七、通知協力廠商辦理事項：
A78: 八、重要事項記錄：1.本日無施工 2.依據9月22日施工協調會紀錄,校方同意開工日起前4周上班日予以不計工期。
A79: 簽章：【工地負責人】（註3）：
... A89: 公共工程施工日誌
A90: 表報編號： | B90: =+B46+1 -> 7
A91: 本日天氣：上午：晴 下午：晴 | H91: 填表日期： | K91: =+K47+1 -> 45933
A92: 工程名稱 | D92: =+D48 -> 光明國中B與C區5樓老舊廁所整修工程 | H92: 承攬廠商名稱 | K92: 利成營造有限公司
A93: 核定工期 | B93: =+B49+1 -> 134 | C93: 天 | D93: 累計工期 | F93: =+F49+1 -> 7 | G93: 天 | H93: 剩餘工期 | I93: =+B93-F93 -> 127 | J93: 天 | K93: 工期展延天數 | M93: =+M49+1 -> 4
A94: 開工日期 | D94: =+D50 -> 114.9.27 | H94: 完工日期 | K94: 115.2.7
A95: 預定進度(%) | D95: 0.022 | H95: 實際進度(%) | K95: =+K51 -> 0.058
A96: 一、依施工計畫書執行按圖施工概況（含約定之重要施工項目及完成數量等）：
A97: 施工項目 | E97: 單位 | F97: 契約數量 | H97: 本日完成數量 | J97: 累計完成數量 | L97: 備註
A100: 營造業專業工程特定施工項目
A101: A.
A102: B.
A103: 二、工地材料管理概況（含約定之重要材料使用狀況及數量等）：
A104: 材料名稱 | E104: 單位 | F104: 契約數量 | H104: 本日使用數量 | J104: 累計使用數量 | L104: 備註
A107: 三、工地人員及機具管理（含約定之出工人數及機具使用情形及數量）：
A108: 工別 | C108: 本日人數 | E108: 累計人數 | H108: 機具名稱 | J108: 本日使用數量 | L108: 累計使用數量
A111: 四、本日施工項目是否有須依「營造業專業工程特定施工項目應置之技術士種類、比率或人數標準表」規定應設置技術士之專業工程：□有 □無（此項如勾選”有”，則應填寫後附「公共工程施工日誌之技術士簽章表」）
A112: 五、工地職業安全衛生事項之督導、公共環境與安全之維護及其他工地行政事務：
A113: (ㄧ)施工前檢查事項：
A114: 1.實施勤前教育(含工地預防災變及危害告知)：□有 □無
A115: 2.確認新進勞工是否提報勞工保險(或其他商業保險)資料及安全衛生教育訓練紀錄：□有 □無
A116: □無新進勞工
A117: 3.檢查勞工個人防護具：□有 □無
A118: (二)其他事項：
A120: 六、施工取樣試驗紀錄：
A121: 七、通知協力廠商辦理事項：
A122: 八、重要事項記錄：1.本日無施工 2.依據9月22日施工協調會紀錄,校方同意開工日起前4周上班日予以不計工期。
A123: 簽章：【工地負責人】（註3）：
... A133: 公共工程施工日誌
A134: 表報編號： | B134: =+B90+1 -> 8
A135: 本日天氣：上午：晴 下午：晴 | H135: 填表日期： | K135: =+K91+1 -> 45934
A136: 工程名稱 | D136: =+D92 -> 光明國中B與C區5樓老舊廁所整修工程 | H136: 承攬廠商名稱 | K136: 利成營造有限公司
A137: 核定工期 | B137: =+B93 -> 134 | C137: 天 | D137: 累計工期 | F137: =+F93+1 -> 8 | G137: 天 | H137: 剩餘工期 | I137: =+B137-F137 -> 126 | J137: 天 | K137: 工期展延天數 | M137: =+M93 -> 4
A138: 開工日期 | D138: =+D94 -> 114.9.27 | H138: 完工日期 | K138: =+K94 -> 115.2.7
A139: 預定進度(%) | D139: 0.024 | H139: 實際進度(%) | K139: 0.064
A140: 一、依施工計畫書執行按圖施工概況（含約定之重要施工項目及完成數量等）：
A141: 施工項目 | E141: 單位 | F141: 契約數量 | H141: 本日完成數量 | J141: 累計完成數量 | L141: 備註
A142: 既有地坪、磁磚、衛生設備、給排水設施、搗擺及天花板等拆除;工區下方廁所保護措施與清潔復原;環境保護與清潔 | E142: 式 | F142: 1 | H142: 0.1 | J142: 0.4
A143: 施工動線開闢與損壞復原，既有設備管線遷移與復原；測量與放樣 | E143: 式 | F143: 1 | H143: 0.2 | J143: 0.4
A144: 營造業專業工程特定施工項目
A145: A.
A146: B.
A147: 二、工地材料管理概況（含約定之重要材料使用狀況及數量等）：
A148: 材料名稱 | E148: 單位 | F148: 契約數量 | H148: 本日使用數量 | J148: 累計使用數量 | L148: 備註
...

Sheet 11月
A1: 公共工程施工日誌
A2: 表報編號： | B2: =+'10月'!B1322+1 -> 36
A3: 本日天氣：上午：晴 下午：晴 | H3: 填表日期： | K3: 45962
A4: 工程名稱 | D4: 光明國中B與C區5樓老舊廁所整修工程 | H4: 承攬廠商名稱 | K4: 利成營造有限公司
A5: 核定工期 | B5: =+'10月'!B1325 -> 142 | C5: 天 | D5: 累計工期 | F5: =+'10月'!F1325+1 -> 36 | G5: 天 | H5: 剩餘工期 | I5: =+B5-F5 -> 106 | J5: 天 | K5: 工期展延天數 | M5: =+'10月'!M1325 -> 12
A6: 開工日期 | D6: =+'9月'!D138:G138 -> 114.9.27 | H6: 完工日期 | K6: =+'10月'!K1326:M1326 -> 115.2.15
A7: 預定進度(%) | D7: 0.12 | H7: 實際進度(%) | K7: =+'10月'!K1327:M1327+0.3% -> 0.177
A8: 一、依施工計畫書執行按圖施工概況（含約定之重要施工項目及完成數量等）：
A9: 施工項目 | E9: 單位 | F9: 契約數量 | H9: 本日完成數量 | J9: 累計完成數量 | L9: 備註
A10: 給排水系統配管與安裝 | E10: 式 | F10: 1 | H10: 0.05 | J10: 0.65
A12: 營造業專業工程特定施工項目
A13: A.
A14: B.
A15: 二、工地材料管理概況（含約定之重要材料使用狀況及數量等）：
A16: 材料名稱 | E16: 單位 | F16: 契約數量 | H16: 本日使用數量 | J16: 累計使用數量 | L16: 備註
A19: 三、工地人員及機具管理（含約定之出工人數及機具使用情形及數量）：
A20: 工別 | C20: 本日人數 | E20: 累計人數 | H20: 機具名稱 | J20: 本日使用數量 | L20: 累計使用數量
A21: 水電工 | C21: 1 | E21: 20
A23: 四、本日施工項目是否有須依「營造業專業工程特定施工項目應置之技術士種類、比率或人數標準表」規定應設置技術士之專業工程：□有 ■無（此項如勾選”有”，則應填寫後附「公共工程施工日誌之技術士簽章表」）
A24: 五、工地職業安全衛生事項之督導、公共環境與安全之維護及其他工地行政事務：
A25: (ㄧ)施工前檢查事項：
A26: 1.實施勤前教育(含工地預防災變及危害告知)：■有 □無
A27: 2.確認新進勞工是否提報勞工保險(或其他商業保險)資料及安全衛生教育訓練紀錄：□有 □無
A28: ■無新進勞工
A29: 3.檢查勞工個人防護具：■有 □無
A30: (二)其他事項：
A32: 六、施工取樣試驗紀錄：
A33: 七、通知協力廠商辦理事項：
A34: 八、重要事項記錄：1.給排水配管施工
A35: 簽章：【工地負責人】（註3）：
... A44: 公共工程施工日誌
A45: 表報編號： | B45: =+B2+1 -> 37
A46: 本日天氣：上午：晴 下午：晴 | H46: 填表日期： | K46: =+K3+1 -> 45963
A47: 工程名稱 | D47: =+D4 -> 光明國中B與C區5樓老舊廁所整修工程 | H47: 承攬廠商名稱 | K47: 利成營造有限公司
A48: 核定工期 | B48: =+B5 -> 142 | C48: 天 | D48: 累計工期 | F48: =+F5+1 -> 37 | G48: 天 | H48: 剩餘工期 | I48: =+B48-F48 -> 105 | J48: 天 | K48: 工期展延天數 | M48: =+M5 -> 12
A49: 開工日期 | D49: =+D6 -> 114.9.27 | H49: 完工日期 | K49: =+K6 -> 115.2.15
A50: 預定進度(%) | D50: 0.126 | H50: 實際進度(%) | K50: =+K7 -> 0.177
A51: 一、依施工計畫書執行按圖施工概況（含約定之重要施工項目及完成數量等）：
A52: 施工項目 | E52: 單位 | F52: 契約數量 | H52: 本日完成數量 | J52: 累計完成數量 | L52: 備註
A55: 營造業專業工程特定施工項目
A56: A.
A57: B.
A58: 二、工地材料管理概況（含約定之重要材料使用狀況及數量等）：
A59: 材料名稱 | E59: 單位 | F59: 契約數量 | H59: 本日使用數量 | J59: 累計使用數量 | L59: 備註
A62: 三、工地人員及機具管理（含約定之出工人數及機具使用情形及數量）：
A63: 工別 | C63: 本日人數 | E63: 累計人數 | H63: 機具名稱 | J63: 本日使用數量 | L63: 累計使用數量
A66: 四、本日施工項目是否有須依「營造業專業工程特定施工項目應置之技術士種類、比率或人數標準表」規定應設置技術士之專業工程：□有 □無（此項如勾選”有”，則應填寫後附「公共工程施工日誌之技術士簽章表」）
A67: 五、工地職業安全衛生事項之督導、公共環境與安全之維護及其他工地行政事務：
A68: (ㄧ)施工前檢查事項：
A69: 1.實施勤前教育(含工地預防災變及危害告知)：□有 □無
A70: 2.確認新進勞工是否提報勞工保險(或其他商業保險)資料及安全衛生教育訓練紀錄：□有 □無
A71: □無新進勞工
A72: 3.檢查勞工個人防護具：□有 □無
A73: (二)其他事項：
A75: 六、施工取樣試驗紀錄：
A76: 七、通知協力廠商辦理事項：
A77: 八、重要事項記錄：本日無施工備料。
A78: 簽章：【工地負責人】（註3）：
... A88: 公共工程施工日誌
A89: 表報編號： | B89: =+B45+1 -> 38
A90: 本日天氣：上午：晴 下午：晴 | H90: 填表日期： | K90: =+K46+1 -> 45964
A91: 工程名稱 | D91: =+D47 -> 光明國中B與C區5樓老舊廁所整修工程 | H91: 承攬廠商名稱 | K91: 利成營造有限公司
A92: 核定工期 | B92: =+B48 -> 142 | C92: 天 | D92: 累計工期 | F92: =+F48+1 -> 38 | G92: 天 | H92: 剩餘工期 | I92: =+B92-F92 -> 104 | J92: 天 | K92: 工期展延天數 | M92: =+M48 -> 12
A93: 開工日期 | D93: =+D49 -> 114.9.27 | H93: 完工日期 | K93: =+K49 -> 115.2.15
A94: 預定進度(%) | D94: 0.132 | H94: 實際進度(%) | K94: =+K50+0.3% -> 0.18
A95: 一、依施工計畫書執行按圖施工概況（含約定之重要施工項目及完成數量等）：
A96: 施工項目 | E96: 單位 | F96: 契約數量 | H96: 本日完成數量 | J96: 累計完成數量 | L96: 備註
A97: 給排水系統配管與安裝 | E97: 式 | F97: 1 | H97: 0.05 | J97: 0.7
A99: 營造業專業工程特定施工項目
A100: A.
A101: B.
A102: 二、工地材料管理概況（含約定之重要材料使用狀況及數量等）：
A103: 材料名稱 | E103: 單位 | F103: 契約數量 | H103: 本日使用數量 | J103: 累計使用數量 | L103: 備註
A106: 三、工地人員及機具管理（含約定之出工人數及機具使用情形及數量）：
A107: 工別 | C107: 本日人數 | E107: 累計人數 | H107: 機具名稱 | J107: 本日使用數量 | L107: 累計使用數量
A108: 水電工 | C108: 1 | E108: 21
A110: 四、本日施工項目是否有須依「營造業專業工程特定施工項目應置之技術士種類、比率或人數標準表」規定應設置技術士之專業工程：□有 ■無（此項如勾選”有”，則應填寫後附「公共工程施工日誌之技術士簽章表」）
A111: 五、工地職業安全衛生事項之督導、公共環境與安全之維護及其他工地行政事務：
A112: (ㄧ)施工前檢查事項：
A113: 1.實施勤前教育(含工地預防災變及危害告知)：■有 □無
A114: 2.確認新進勞工是否提報勞工保險(或其他商業保險)資料及安全衛生教育訓練紀錄：□有 □無
A115: ■無新進勞工
A116: 3.檢查勞工個人防護具：■有 □無
A117: (二)其他事項：
A119: 六、施工取樣試驗紀錄：
A120: 七、通知協力廠商辦理事項：
A121: 八、重要事項記錄：1.給排水配管施工
A122: 簽章：【工地負責人】（註3）：
... A131: 公共工程施工日誌
A132: 表報編號： | B132: =+B89+1 -> 39
A133: 本日天氣：上午：晴 下午：晴 | H133: 填表日期： | K133: =+K90+1 -> 45965
A134: 工程名稱 | D134: =+D91 -> 光明國中B與C區5樓老舊廁所整修工程 | H134: 承攬廠商名稱 | K134: 利成營造有限公司
A135: 核定工期 | B135: =+B92 -> 142 | C135: 天 | D135: 累計工期 | F135: =+F92+1 -> 39 | G135: 天 | H135: 剩餘工期 | I135: =+B135-F135 -> 103 | J135: 天 | K135: 工期展延天數 | M135: =+M92 -> 12
A136: 開工日期 | D136: =+D93 -> 114.9.27 | H136: 完工日期 | K136: =+K93 -> 115.2.15
A137: 預定進度(%) | D137: 0.138 | H137: 實際進度(%) | K137: =+K94+0.3%+0.6% -> 0.189
A138: 一、依施工計畫書執行按圖施工概況（含約定之重要施工項目及完成數量等）：
A139: 施工項目 | E139: 單位 | F139: 契約數量 | H139: 本日完成數量 | J139: 累計完成數量 | L139: 備註
A140: 給排水系統配管與安裝 | E140: 式 | F140: 1 | H140: 0.05 | J140: 0.75
A141: 廁所安裝衛生設備 | E141: 式 | F141: 1 | H141: 0.1 | J141: 0.1
A142: 營造業專業工程特定施工項目
...

Sheet 12月
A1: 公共工程施工日誌
A2: 表報編號： | B2: =+'11月'!B1272+1 -> 66
A3: 本日天氣：上午：晴 下午：晴 | H3: 填表日期： | K3: 45992
A4: 工程名稱 | D4: 光明國中B與C區5樓老舊廁所整修工程 | H4: 承攬廠商名稱 | K4: 利成營造有限公司
A5: 核定工期 | B5: =+'11月'!B1275 -> 143 | C5: 天 | D5: 累計工期 | F5: =+'11月'!F1275+1 -> 66 | G5: 天 | H5: 剩餘工期 | I5: =+B5-F5 -> 77 | J5: 天 | K5: 工期展延天數 | M5: =+'11月'!M1275 -> 13
A6: 開工日期 | D6: =+'9月'!D138:G138 -> 114.9.27 | H6: 完工日期 | K6: =+'11月'!K1276:M1276 -> 115.2.16
A7: 預定進度(%) | D7: 0.3 | H7: 實際進度(%) | K7: =+'11月'!K1277:M1277+2.5%+2% -> 0.393
A8: 一、依施工計畫書執行按圖施工概況（含約定之重要施工項目及完成數量等）：
A9: 施工項目 | E9: 單位 | F9: 契約數量 | H9: 本日完成數量 | J9: 累計完成數量 | L9: 備註
A10: 牆面貼石英磚30*60cm，白色水泥抹縫 | E10: M2 | F10: 190 | H10: 40 | J10: 60
A11: 地坪、牆面1:3水泥砂漿粉刷 | E11: M2 | F11: 313 | H11: 133 | J11: 313
A12: 地坪及牆面(H=1.2m)防水層粉刷 | E12: M2 | F12: 160 | H12: 60 | J12: 160
A15: 二、工地材料管理概況（含約定之重要材料使用狀況及數量等）：
A16: 材料名稱 | E16: 單位 | F16: 契約數量 | H16: 本日使用數量 | J16: 累計使用數量 | L16: 備註
A19: 三、工地人員及機具管理（含約定之出工人數及機具使用情形及數量）：
A20: 工別 | C20: 本日人數 | E20: 累計人數 | H20: 機具名稱 | J20: 本日使用數量 | L20: 累計使用數量
A21: 泥水工 | C21: 4 | E21: 42
A23: 四、本日施工項目是否有須依「營造業專業工程特定施工項目應置之技術士種類、比率或人數標準表」規定應設置技術士之專業工程：□有 ■無（此項如勾選”有”，則應填寫後附「公共工程施工日誌之技術士簽章表」）
A24: 五、工地職業安全衛生事項之督導、公共環境與安全之維護及其他工地行政事務：
A25: (ㄧ)施工前檢查事項：
A26: 1.實施勤前教育(含工地預防災變及危害告知)：■有 □無
A27: 2.確認新進勞工是否提報勞工保險(或其他商業保險)資料及安全衛生教育訓練紀錄：□有 □無
A28: ■無新進勞工
A29: 3.檢查勞工個人防護具：■有 □無
A30: (二)其他事項：
A32: 六、施工取樣試驗紀錄：
A33: 七、通知協力廠商辦理事項：
A34: 八、重要事項記錄：1.牆面貼石英磚30*60cm施工2.地坪、牆面1:3水泥砂漿粉刷3.地坪及牆面(H=1.2m)防水層粉刷4.防水粉刷施工自主檢查。
A35: 簽章：【工地負責人】（註3）：
... A45: 公共工程施工日誌
A46: 表報編號： | B46: =+B2+1 -> 67
A47: 本日天氣：上午：晴 下午：晴 | H47: 填表日期： | K47: =+K3+1 -> 45993
A48: 工程名稱 | D48: =+D4 -> 光明國中B與C區5樓老舊廁所整修工程 | H48: 承攬廠商名稱 | K48: 利成營造有限公司
A49: 核定工期 | B49: =+B5+1 -> 144 | C49: 天 | D49: 累計工期 | F49: =+F5+1 -> 67 | G49: 天 | H49: 剩餘工期 | I49: =+B49-F49 -> 77 | J49: 天 | K49: 工期展延天數 | M49: =+M5+1 -> 14
A50: 開工日期 | D50: =+D6 -> 114.9.27 | H50: 完工日期 | K50: 115.2.17
A51: 預定進度(%) | D51: 0.306 | H51: 實際進度(%) | K51: =+K7 -> 0.393
A52: 一、依施工計畫書執行按圖施工概況（含約定之重要施工項目及完成數量等）：
A53: 施工項目 | E53: 單位 | F53: 契約數量 | H53: 本日完成數量 | J53: 累計完成數量 | L53: 備註
A56: 營造業專業工程特定施工項目
A57: A.
A58: B.
A59: 二、工地材料管理概況（含約定之重要材料使用狀況及數量等）：
A60: 材料名稱 | E60: 單位 | F60: 契約數量 | H60: 本日使用數量 | J60: 累計使用數量 | L60: 備註
A63: 三、工地人員及機具管理（含約定之出工人數及機具使用情形及數量）：
A64: 工別 | C64: 本日人數 | E64: 累計人數 | H64: 機具名稱 | J64: 本日使用數量 | L64: 累計使用數量
A67: 四、本日施工項目是否有須依「營造業專業工程特定施工項目應置之技術士種類、比率或人數標準表」規定應設置技術士之專業工程：□有 □無（此項如勾選”有”，則應填寫後附「公共工程施工日誌之技術士簽章表」）
A68: 五、工地職業安全衛生事項之督導、公共環境與安全之維護及其他工地行政事務：
A69: (ㄧ)施工前檢查事項：
A70: 1.實施勤前教育(含工地預防災變及危害告知)：□有 □無
A71: 2.確認新進勞工是否提報勞工保險(或其他商業保險)資料及安全衛生教育訓練紀錄：□有 □無
A72: □無新進勞工
A73: 3.檢查勞工個人防護具：□有 □無
A74: (二)其他事項：
A76: 六、施工取樣試驗紀錄：
A77: 七、通知協力廠商辦理事項：
A78: 八、重要事項記錄：依據業主12月1日光中總字第1140006855號函指示12/2及12/3學校段考停工2日。
A79: 簽章：【工地負責人】（註3）：
... A89: 公共工程施工日誌
A90: 表報編號： | B90: =+B46+1 -> 68
A91: 本日天氣：上午：晴 下午：晴 | H91: 填表日期： | K91: =+K47+1 -> 45994
A92: 工程名稱 | D92: =+D48 -> 光明國中B與C區5樓老舊廁所整修工程 | H92: 承攬廠商名稱 | K92: 利成營造有限公司
A93: 核定工期 | B93: =+B49+1 -> 145 | C93: 天 | D93: 累計工期 | F93: =+F49+1 -> 68 | G93: 天 | H93: 剩餘工期 | I93: =+B93-F93 -> 77 | J93: 天 | K93: 工期展延天數 | M93: =+M49+1 -> 15
A94: 開工日期 | D94: =+D50 -> 114.9.27 | H94: 完工日期 | K94: 115.2.18
A95: 預定進度(%) | D95: 0.312 | H95: 實際進度(%) | K95: =+K51 -> 0.393
A96: 一、依施工計畫書執行按圖施工概況（含約定之重要施工項目及完成數量等）：
A97: 施工項目 | E97: 單位 | F97: 契約數量 | H97: 本日完成數量 | J97: 累計完成數量 | L97: 備註
A100: 營造業專業工程特定施工項目
A101: A.
A102: B.
A103: 二、工地材料管理概況（含約定之重要材料使用狀況及數量等）：
A104: 材料名稱 | E104: 單位 | F104: 契約數量 | H104: 本日使用數量 | J104: 累計使用數量 | L104: 備註
A107: 三、工地人員及機具管理（含約定之出工人數及機具使用情形及數量）：
A108: 工別 | C108: 本日人數 | E108: 累計人數 | H108: 機具名稱 | J108: 本日使用數量 | L108: 累計使用數量
A111: 四、本日施工項目是否有須依「營造業專業工程特定施工項目應置之技術士種類、比率或人數標準表」規定應設置技術士之專業工程：□有 □無（此項如勾選”有”，則應填寫後附「公共工程施工日誌之技術士簽章表」）
A112: 五、工地職業安全衛生事項之督導、公共環境與安全之維護及其他工地行政事務：
A113: (ㄧ)施工前檢查事項：
A114: 1.實施勤前教育(含工地預防災變及危害告知)：□有 □無
A115: 2.確認新進勞工是否提報勞工保險(或其他商業保險)資料及安全衛生教育訓練紀錄：□有 □無
A116: □無新進勞工
A117: 3.檢查勞工個人防護具：□有 □無
A118: (二)其他事項：
A120: 六、施工取樣試驗紀錄：
A121: 七、通知協力廠商辦理事項：
A122: 八、重要事項記錄：依據業主12月1日光中總字第1140006855號函指示12/2及12/3學校段考停工2日。
A123: 簽章：【工地負責人】（註3）：
... A133: 公共工程施工日誌
A134: 表報編號： | B134: =+B90+1 -> 69
A135: 本日天氣：上午：晴 下午：晴 | H135: 填表日期： | K135: =+K91+1 -> 45995
A136: 工程名稱 | D136: =+D92 -> 光明國中B與C區5樓老舊廁所整修工程 | H136: 承攬廠商名稱 | K136: 利成營造有限公司
A137: 核定工期 | B137: =+B93 -> 145 | C137: 天 | D137: 累計工期 | F137: =+F93+1 -> 69 | G137: 天 | H137: 剩餘工期 | I137: =+B137-F137 -> 76 | J137: 天 | K137: 工期展延天數 | M137: =+M93 -> 15
A138: 開工日期 | D138: =+D94 -> 114.9.27 | H138: 完工日期 | K138: =+K94 -> 115.2.18
A139: 預定進度(%) | D139: 0.318 | H139: 實際進度(%) | K139: =+K95+2.5%+0.4% -> 0.422
A140: 一、依施工計畫書執行按圖施工概況（含約定之重要施工項目及完成數量等）：
A141: 施工項目 | E141: 單位 | F141: 契約數量 | H141: 本日完成數量 | J141: 累計完成數量 | L141: 備註
A142: 牆面貼石英磚30*60cm，白色水泥抹縫 | E142: M2 | F142: 190 | H142: 40 | J142: 100
A143: 牆面與平頂水泥漆粉刷 | E143: M2 | F143: 175 | H143: 50 | J143: 50
A144: 營造業專業工程特定施工項目
A145: A.
A146: B.
A147: 二、工地材料管理概況（含約定之重要材料使用狀況及數量等）：
...

Sheet 12月 (2)
A1: 公共工程施工日誌
A2: 表報編號： | B2: =+'10月'!B1322+1 -> 36
A3: 本日天氣：上午：晴 下午：晴 | H3: 填表日期： | K3: 45962
A4: 工程名稱 | D4: 光明國中B與C區5樓老舊廁所整修工程 | H4: 承攬廠商名稱 | K4: 利成營造有限公司
A5: 核定工期 | B5: =+'10月'!B1325 -> 142 | C5: 天 | D5: 累計工期 | F5: =+'10月'!F1325+1 -> 36 | G5: 天 | H5: 剩餘工期 | I5: =+B5-F5 -> 106 | J5: 天 | K5: 工期展延天數 | M5: =+'10月'!M1325 -> 12
A6: 開工日期 | D6: =+'9月'!D138:G138 -> 114.9.27 | H6: 完工日期 | K6: =+'10月'!K1326:M1326 -> 115.2.15
A7: 預定進度(%) | D7: 0.018 | H7: 實際進度(%) | K7: =+'9月'!K139:M139 -> 0.058
A8: 一、依施工計畫書執行按圖施工概況（含約定之重要施工項目及完成數量等）：
A9: 施工項目 | E9: 單位 | F9: 契約數量 | H9: 本日完成數量 | J9: 累計完成數量 | L9: 備註
A12: 營造業專業工程特定施工項目
A13: A.
A14: B.
A15: 二、工地材料管理概況（含約定之重要材料使用狀況及數量等）：
A16: 材料名稱 | E16: 單位 | F16: 契約數量 | H16: 本日使用數量 | J16: 累計使用數量 | L16: 備註
A19: 三、工地人員及機具管理（含約定之出工人數及機具使用情形及數量）：
A20: 工別 | C20: 本日人數 | E20: 累計人數 | H20: 機具名稱 | J20: 本日使用數量 | L20: 累計使用數量
A23: 四、本日施工項目是否有須依「營造業專業工程特定施工項目應置之技術士種類、比率或人數標準表」規定應設置技術士之專業工程：□有 □無（此項如勾選”有”，則應填寫後附「公共工程施工日誌之技術士簽章表」）
A24: 五、工地職業安全衛生事項之督導、公共環境與安全之維護及其他工地行政事務：
A25: (ㄧ)施工前檢查事項：
A26: 1.實施勤前教育(含工地預防災變及危害告知)：□有 □無
A27: 2.確認新進勞工是否提報勞工保險(或其他商業保險)資料及安全衛生教育訓練紀錄：□有 □無
A28: □無新進勞工
A29: 3.檢查勞工個人防護具：□有 □無
A30: (二)其他事項：
A32: 六、施工取樣試驗紀錄：
A33: 七、通知協力廠商辦理事項：
A34: 八、重要事項記錄：本日無施工,施工準備
A35: 簽章：【工地負責人】（註3）：
... A45: 公共工程施工日誌
A46: 表報編號： | B46: =+B2+1 -> 37
A47: 本日天氣：上午：晴 下午：晴 | H47: 填表日期： | K47: =+K3+1 -> 45963
A48: 工程名稱 | D48: =+D4 -> 光明國中B與C區5樓老舊廁所整修工程 | H48: 承攬廠商名稱 | K48: 利成營造有限公司
A49: 核定工期 | B49: =+B5 -> 142 | C49: 天 | D49: 累計工期 | F49: =+F5+1 -> 37 | G49: 天 | H49: 剩餘工期 | I49: =+B49-F49 -> 105 | J49: 天 | K49: 工期展延天數 | M49: =+M5 -> 12
A50: 開工日期 | D50: =+D6 -> 114.9.27 | H50: 完工日期 | K50: =+K6 -> 115.2.15
A51: 預定進度(%) | D51: 0.02 | H51: 實際進度(%) | K51: =+K7 -> 0.058
A52: 一、依施工計畫書執行按圖施工概況（含約定之重要施工項目及完成數量等）：
A53: 施工項目 | E53: 單位 | F53: 契約數量 | H53: 本日完成數量 | J53: 累計完成數量 | L53: 備註
A56: 營造業專業工程特定施工項目
A57: A.
A58: B.
A59: 二、工地材料管理概況（含約定之重要材料使用狀況及數量等）：
A60: 材料名稱 | E60: 單位 | F60: 契約數量 | H60: 本日使用數量 | J60: 累計使用數量 | L60: 備註
A63: 三、工地人員及機具管理（含約定之出工人數及機具使用情形及數量）：
A64: 工別 | C64: 本日人數 | E64: 累計人數 | H64: 機具名稱 | J64: 本日使用數量 | L64: 累計使用數量
A67: 四、本日施工項目是否有須依「營造業專業工程特定施工項目應置之技術士種類、比率或人數標準表」規定應設置技術士之專業工程：□有 □無（此項如勾選”有”，則應填寫後附「公共工程施工日誌之技術士簽章表」）
A68: 五、工地職業安全衛生事項之督導、公共環境與安全之維護及其他工地行政事務：
A69: (ㄧ)施工前檢查事項：
A70: 1.實施勤前教育(含工地預防災變及危害告知)：□有 □無
A71: 2.確認新進勞工是否提報勞工保險(或其他商業保險)資料及安全衛生教育訓練紀錄：□有 □無
A72: □無新進勞工
A73: 3.檢查勞工個人防護具：□有 □無
A74: (二)其他事項：
A76: 六、施工取樣試驗紀錄：
A77: 七、通知協力廠商辦理事項：
A78: 八、重要事項記錄：本日無施工,施工準備
A79: 簽章：【工地負責人】（註3）：
... A89: 公共工程施工日誌
A90: 表報編號： | B90: =+B46+1 -> 38
A91: 本日天氣：上午：晴 下午：晴 | H91: 填表日期： | K91: =+K47+1 -> 45964
A92: 工程名稱 | D92: =+D48 -> 光明國中B與C區5樓老舊廁所整修工程 | H92: 承攬廠商名稱 | K92: 利成營造有限公司
A93: 核定工期 | B93: =+B49 -> 142 | C93: 天 | D93: 累計工期 | F93: =+F49+1 -> 38 | G93: 天 | H93: 剩餘工期 | I93: =+B93-F93 -> 104 | J93: 天 | K93: 工期展延天數 | M93: =+M49 -> 12
A94: 開工日期 | D94: =+D50 -> 114.9.27 | H94: 完工日期 | K94: =+K50 -> 115.2.15
A95: 預定進度(%) | D95: 0.022 | H95: 實際進度(%) | K95: =+K51 -> 0.058
A96: 一、依施工計畫書執行按圖施工概況（含約定之重要施工項目及完成數量等）：
A97: 施工項目 | E97: 單位 | F97: 契約數量 | H97: 本日完成數量 | J97: 累計完成數量 | L97: 備註
A100: 營造業專業工程特定施工項目
A101: A.
A102: B.
A103: 二、工地材料管理概況（含約定之重要材料使用狀況及數量等）：
A104: 材料名稱 | E104: 單位 | F104: 契約數量 | H104: 本日使用數量 | J104: 累計使用數量 | L104: 備註
A107: 三、工地人員及機具管理（含約定之出工人數及機具使用情形及數量）：
A108: 工別 | C108: 本日人數 | E108: 累計人數 | H108: 機具名稱 | J108: 本日使用數量 | L108: 累計使用數量
A111: 四、本日施工項目是否有須依「營造業專業工程特定施工項目應置之技術士種類、比率或人數標準表」規定應設置技術士之專業工程：□有 □無（此項如勾選”有”，則應填寫後附「公共工程施工日誌之技術士簽章表」）
A112: 五、工地職業安全衛生事項之督導、公共環境與安全之維護及其他工地行政事務：
A113: (ㄧ)施工前檢查事項：
A114: 1.實施勤前教育(含工地預防災變及危害告知)：□有 □無
A115: 2.確認新進勞工是否提報勞工保險(或其他商業保險)資料及安全衛生教育訓練紀錄：□有 □無
A116: □無新進勞工
A117: 3.檢查勞工個人防護具：□有 □無
A118: (二)其他事項：
A120: 六、施工取樣試驗紀錄：
A121: 七、通知協力廠商辦理事項：
A122: 八、重要事項記錄：本日無施工,施工準備
A123: 簽章：【工地負責人】（註3）：
... A133: 公共工程施工日誌
A134: 表報編號： | B134: =+B90+1 -> 39
A135: 本日天氣：上午：晴 下午：晴 | H135: 填表日期： | K135: =+K91+1 -> 45965
A136: 工程名稱 | D136: =+D92 -> 光明國中B與C區5樓老舊廁所整修工程 | H136: 承攬廠商名稱 | K136: 利成營造有限公司
A137: 核定工期 | B137: =+B93 -> 142 | C137: 天 | D137: 累計工期 | F137: =+F93+1 -> 39 | G137: 天 | H137: 剩餘工期 | I137: =+B137-F137 -> 103 | J137: 天 | K137: 工期展延天數 | M137: =+M93 -> 12
A138: 開工日期 | D138: =+D94 -> 114.9.27 | H138: 完工日期 | K138: =+K94 -> 115.2.15
A139: 預定進度(%) | D139: 0.024 | H139: 實際進度(%) | K139: =+K95 -> 0.058
A140: 一、依施工計畫書執行按圖施工概況（含約定之重要施工項目及完成數量等）：
A141: 施工項目 | E141: 單位 | F141: 契約數量 | H141: 本日完成數量 | J141: 累計完成數量 | L141: 備註
A144: 營造業專業工程特定施工項目
A145: A.
A146: B.
A147: 二、工地材料管理概況（含約定之重要材料使用狀況及數量等）：
A148: 材料名稱 | E148: 單位 | F148: 契約數量 | H148: 本日使用數量 | J148: 累計使用數量 | L148: 備註
A151: 三、工地人員及機具管理（含約定之出工人數及機具使用情形及數量）：
A152: 工別 | C152: 本日人數 | E152: 累計人數 | H152: 機具名稱 | J152: 本日使用數量 | L152: 累計使用數量
...

Sheet Sheet3
