Workbook

Sheet 1215
A1: 公共工程施工日誌
A2: 表報編號： | H2: 1
A3: 本日天氣: | G3: 上午： | K3: 晴 | Q3: 下午: | U3: 晴 | AR3: 日期： | AW3: =SUM(R6+H2)-1 -> 45641 | BH3: =WEEKDAY(AW3) -> 1
A4: 工程名稱 | G4: 113年育英樓排水改善工程 | AN4: 承攬廠商名稱 | AV4: 齊全土木包工業
A5: 核定工期 | J5: 60 | O5: 天 | R5: 累計工期 | Z5: =H2 -> 1 | AE5: 天 | AH5: 剩餘工期 | AP5: =J5-Z5 -> 59 | AU5: 天 | AX5: 工期展廷天數 | BK5: 天
A6: 開 工 日 期 | R6: 45641 | AH6: 完 工 日 期 | AX6: =SUM(R6,J5)+31 -> 45732
A7: 本日預定進度(%) | R7: 0.00301 | AH7: 本日實際進度(%) | AX7: =SUM(AR33/BO7) -> 0.01579478 | BO7: 891687
A8: 累計預定進度(%) | R8: =R7 -> 0.00301 | AH8: 累計實際進度(%) | AX8: =AX7 -> 0.01579478
A9: 一、依施工計劃書執行按圖施工概況(含約定之重要施工項目及完成數量等)等：
A10: 項次 | D10: 施工項目 | AE10: 單位 | AI10: 契約數量 | AR10: 本日完成數量 | BA10: 累計完成數量 | BJ10: 備註 | BN10: 契約單價金額 | BO10: 本日完成金額 | BP10: 累計完成金額 | BR10: 契約總額
A11: 壹. | D11: 直接工程
A12: 1 | D12: 工程告示牌、職業安全衛生告示牌與交通管制設施(租用) | AE12: 式 | AI12: 1 | AR12: 1 | BA12: =AR12 -> 1 | BN12: 5000 | BO12: =SUM(AR12*BN12) -> 5000 | BP12: =BO12 -> 5000 | BQ12: =BP12 -> 5000 | BR12: 5000
A13: 2 | D13: 施工圍籬(租用) | AE13: M | AI13: 74 | AR13: 15 | BA13: =AR13 -> 15 | BN13: 400 | BO13: =SUM(AR13*BN13) -> 6000 | BP13: =BO13 -> 6000 | BQ13: =BP13 -> 6000 | BR13: 29600
A14: 3 | D14: 施工動線開闢及損壞復原 | AE14: 式 | AI14: 1 | BA14: =AR14 -> 0 | BN14: 5000 | BO14: =SUM(AR14*BN14) -> 0 | BP14: =BO14 -> 0 | BQ14: =BP14 -> 0 | BR14: 5000
A15: 4 | D15: 測量與放樣 | AE15: 式 | AI15: 1 | BA15: =AR15 -> 0 | BN15: 5000 | BO15: =SUM(AR15*BN15) -> 0 | BP15: =BO15 -> 0 | BQ15: =BP15 -> 0 | BR15: 5000
A16: 5 | D16: 既有水溝清淤(含移除水溝內樹木竄根)，破損處以樹脂水泥砂漿整平，外側溝壁以樹脂水泥砂漿打底至與鋪面齊平 | AE16: M | AI16: 81 | BA16: =AR16 -> 0 | BN16: 1000 | BO16: =SUM(AR16*BN16) -> 0 | BP16: =BO16 -> 0 | BQ16: =BP16 -> 0 | BR16: 81000
A17: 6 | D17: 既有水溝安裝鍍鋅鋼板 | AE17: M | AI17: 22 | BA17: =AR17 -> 0 | BN17: 4650 | BO17: =SUM(AR17*BN17) -> 0 | BP17: =BO17 -> 0 | BQ17: =BP17 -> 0 | BR17: 102300
A18: 7 | D18: 新設RC水溝 | AE18: M | AI18: 23 | BA18: =AR18 -> 0 | BN18: 3500 | BO18: =SUM(AR18*BN18) -> 0 | BP18: =BO18 -> 0 | BQ18: =BP18 -> 0 | BR18: 80500
A19: 8 | D19: 設置鍍鋅鋼材烤漆止滑細縫水溝蓋含框 | AE19: 組 | AI19: 8 | BA19: =AR19 -> 0 | BN19: 6250 | BO19: =SUM(AR19*BN19) -> 0 | BP19: =BO19 -> 0 | BQ19: =BP19 -> 0 | BR19: 50000
A20: 9 | D20: 切割打除既有地坪，整地，底土壓實 | AE20: M2 | AI20: 68 | BA20: =AR20 -> 0 | BN20: 1200 | BO20: =SUM(AR20*BN20) -> 0 | BP20: =BO20 -> 0 | BQ20: =BP20 -> 0 | BR20: 81600
A21: 10 | D21: 新設RC地坪與斜坡，面層抿石子 | AE21: M2 | AI21: 68 | BA21: =AR21 -> 0 | BN21: 3000 | BO21: =SUM(AR21*BN21) -> 0 | BP21: =BO21 -> 0 | BQ21: =BP21 -> 0 | BR21: 204000
A22: 11 | D22: 北側圍牆邊陰井新設不鏽鋼沉水馬達220V/110V 1HP以上(含工帶料，需配浮球開關)，抽水至圍牆外水溝 | AE22: 組 | AI22: 1 | BA22: =AR22 -> 0 | BN22: 20000 | BO22: =SUM(AR22*BN22) -> 0 | BP22: =BO22 -> 0 | BQ22: =BP22 -> 0 | BR22: 20000
A23: 12 | D23: 西側既有走廊上水溝格柵蓋板，設置化妝蓋板含框，周邊復原 | AE23: 式 | AI23: 1 | BA23: =AR23 -> 0 | BN23: 68000 | BO23: =SUM(AR23*BN23) -> 0 | BP23: =BO23 -> 0 | BQ23: =BP23 -> 0 | BR23: 68000
A24: 13 | D24: 營建廢棄物清除與環境清潔 | AE24: 式 | AI24: 1 | BA24: =AR24 -> 0 | BN24: 42839 | BO24: =SUM(AR24*BN24) -> 0 | BP24: =BO24 -> 0 | BQ24: =BP24 -> 0 | BR24: 42839
A25: 14 | D25: 材料檢驗費用 | AE25: 式 | AI25: 1 | BA25: =AR25 -> 0 | BN25: 1440 | BO25: =SUM(AR25*BN25) -> 0 | BP25: =BO25 -> 0 | BQ25: =BP25 -> 0 | BR25: 1440
D26: 合計(壹) | BO26: =SUM(BO12:BO25) -> 11000 | BP26: =SUM(BP12:BP25) -> 11000 | BQ26: =BP26 -> 11000 | BR26: =SUM(BR12:BR25) -> 776279
A27: 貳 | D27: 職業安全衛生管理費 (壹*1%) | AE27: 式 | AI27: 1 | AR27: =SUM(BO27/BN27) -> 0 | BA27: =AR27 -> 0 | BN27: 7762 | BO27: 0 | BP27: =BO27 -> 0 | BQ27: =BP27 -> 0 | BR27: 7762 | BT27: 0.01
A28: 參 | D28: 工程品質管制作業費 (壹*1%) | AE28: 式 | AI28: 1 | AR28: =SUM(BO28/BN28) -> 0 | BA28: =AR28 -> 0 | BN28: 7763 | BO28: 0 | BP28: =BO28 -> 0 | BQ28: =BP28 -> 0 | BR28: 7763 | BT28: 0.01
A29: 肆 | D29: 包商利潤及管理費 (約壹*7%) | AE29: 式 | AI29: 1 | AR29: =SUM(BO29/BN29) -> 0 | BA29: =AR29 -> 0 | BN29: 54338 | BO29: 0 | BP29: =BO29 -> 0 | BQ29: =BP29 -> 0 | BR29: 54338 | BT29: 0.07
A30: 伍 | D30: 保險費 | AE30: 式 | AI30: 1 | AR30: 1 | BA30: =AR30 -> 1 | BN30: 3084 | BO30: 3084 | BP30: =BO30 -> 3084 | BQ30: =BP30 -> 3084 | BR30: 3084 | BS30: =SUM(BO26:BO30) -> 14084 | BU30: =SUM(BR26:BR30) -> 849226
A31: 陸 | D31: 營業稅 ((壹~伍)*5%) | AE31: 式 | AI31: 1 | AR31: 0 | BA31: =AR31 -> 0 | BN31: 42461 | BO31: 0 | BP31: =BO31 -> 0 | BQ31: =BP31 -> 0 | BR31: 42461 | BT31: 0.05
D32: 發包工程費合計 (壹~陸) | BO32: =SUM(BO26:BO31) -> 14084 | BP32: =SUM(BP26:BP31) -> 14084 | BQ32: =SUM(BQ26:BQ31) -> 14084 | BR32: =SUM(BR26:BR31) -> 891687
D33: 本日合計金額 | AR33: =BO32 -> 14084
D34: 累計合計金額 | AR34: =BP32 -> 14084 | BN34: 契約單價金額 | BO34: 本日完成金額 | BP34: 累計完成金額
A35: 營造業專業工程特定施工項目
A36: A.
A37: B.
A38: 二、工地材料管理概況(含約定之重要材料使用情況及數量等)：
A39: 材料名稱 | V39: 單位 | Y39: 設計數量 | AI39: 本日使用數量 | AS39: 累計使用數量 | BC39: 備註
AS40: =AI40 -> 0
AS41: =AI41 -> 0
AS42: =AI42 -> 0
AS43: =AI43 -> 0
AS44: =AI44 -> 0
A45: 三、工地人員及機具管理（含約定之出工人數及機具使用情形及數量）:
A46: 工別 | L46: 本日人數 | V46: 累計人數 | AI46: 機具名稱 | AS46: 本日完成數量 | BC46: 累計完成數量
A47: 技術工 | V47: =L47 -> 0 | AI47: 挖土機 | BC47: =AS47 -> 0
A48: 小工 | V48: =L48 -> 0 | AI48: 鏟土機 | BC48: =AS48 -> 0
A49: 四、本日施工項目是否有須依「營造業專業工程持定施工項目應置之技術士總類、比率或人數標準表」規定
A50: 應設置技術士之專業工程:□有(施工項目內容: )■無(此項如勾選"有"，則應
A51: 填寫「公共工程施工日誌之技術士簽章表」）
A52: 五、工地勞工安全衛生事項之督導、公共環境與安全之維護及其他工地行政事務：
A53: (一)施工前檢查事項：
A54: 1.實施勤前教育(含工地預防災變及危害告知)：■有 □無
A55: 2.確認新進勞工是否提報勞工保險(或其他商業保險)資料及安全衛生教育訓練紀錄：■有□無□無新進勞工
A56: 3.檢查勞工個人防護具：■有 □無
A57: (二)其他事項：
A58: 六、施工取樣試驗紀錄：
A59: 七、通知協力廠商辦理事項：
A60: 八、重要事項紀錄：申報開工，工程保險投保/假設工程
A61: 簽章；【工地主任】(註3)
B62: 註1.依營造業法第32第1項第2款規定，工地主任應按日填報施工日誌
B63: 2.本施工日誌格式僅供參考，惟原則應包含上開欄位，各機關亦得依工程性質及契約約定事項自行增訂之。
B64: 3.本工程依營業法第30條規定須置工地主任者，由工地主任簽章；依上開規定免置工地主任者，則由營造業法第32條
B65: 第2項所定之人員簽章。廠商非屬營造業者,由工地負責人簽章。
B66: 4.契約工期如有修正，應填修正後之契約工期，含展延工期及不計工期天數；如有依契約變更設計，預定進度及實際
B67: 進度應填變更設計後計算之進度。
B68: 5.上開重要事項記錄包含(1)主辦機關及監造單位指示波(2)工地遇緊急異常狀況之通報處理情形(3)本日是否由專任工
B69: 程人員督察按圖施工，解決施工技術問題等。
B70: 6.公共工程屬建築物者，請依內政部99年2月5日台內營字第0990800804號令頒之「建築物施工日誌」

Sheet 1216
A1: 公共工程施工日誌
A2: 表報編號： | H2: 2
A3: 本日天氣: | G3: 上午： | K3: 晴 | Q3: 下午: | U3: 晴 | AR3: 日期： | AW3: =SUM(R6+H2)-1 -> 45642 | BH3: =WEEKDAY(AW3) -> 2
A4: 工程名稱 | G4: 113年育英樓排水改善工程 | AN4: 承攬廠商名稱 | AV4: 齊全土木包工業
A5: 核定工期 | J5: 60 | O5: 天 | R5: 累計工期 | Z5: =H2-1 -> 1 | AE5: 天 | AH5: 剩餘工期 | AP5: =J5-Z5 -> 59 | AU5: 天 | AX5: 工期展廷天數 | BK5: 天
A6: 開 工 日 期 | R6: 45641 | AH6: 完 工 日 期 | AX6: =SUM(R6,J5)+31 -> 45732
A7: 本日預定進度(%) | R7: 0 | AH7: 本日實際進度(%) | AX7: =SUM(AR33/BO7) -> 0 | BO7: 891687
A8: 累計預定進度(%) | R8: =R7+'1215'!R8 -> 0.00301 | AH8: 累計實際進度(%) | AX8: =AX7+'1215'!AX8 -> 0.01579478
A9: 一、依施工計劃書執行按圖施工概況(含約定之重要施工項目及完成數量等)等：
A10: 項次 | D10: 施工項目 | AE10: 單位 | AI10: 契約數量 | AR10: 本日完成數量 | BA10: 累計完成數量 | BJ10: 備註 | BN10: 契約單價金額 | BO10: 本日完成金額 | BP10: 累計完成金額 | BR10: 契約總額
A11: 壹. | D11: 直接工程
A12: 1 | D12: 工程告示牌、職業安全衛生告示牌與交通管制設施(租用) | AE12: 式 | AI12: 1 | BA12: =AR12+'1215'!BA12 -> 1 | BN12: 5000 | BO12: =SUM(AR12*BN12) -> 0 | BP12: =BO12+'1215'!BP12 -> 5000 | BQ12: =BP12 -> 5000 | BR12: 5000
A13: 2 | D13: 施工圍籬(租用) | AE13: M | AI13: 74 | BA13: =AR13+'1215'!BA13 -> 15 | BN13: 400 | BO13: =SUM(AR13*BN13) -> 0 | BP13: =BO13+'1215'!BP13 -> 6000 | BQ13: =BP13 -> 6000 | BR13: 29600
A14: 3 | D14: 施工動線開闢及損壞復原 | AE14: 式 | AI14: 1 | BA14: =AR14+'1215'!BA14 -> 0 | BN14: 5000 | BO14: =SUM(AR14*BN14) -> 0 | BP14: =BO14+'1215'!BP14 -> 0 | BQ14: =BP14 -> 0 | BR14: 5000
A15: 4 | D15: 測量與放樣 | AE15: 式 | AI15: 1 | BA15: =AR15+'1215'!BA15 -> 0 | BN15: 5000 | BO15: =SUM(AR15*BN15) -> 0 | BP15: =BO15+'1215'!BP15 -> 0 | BQ15: =BP15 -> 0 | BR15: 5000
A16: 5 | D16: 既有水溝清淤(含移除水溝內樹木竄根)，破損處以樹脂水泥砂漿整平，外側溝壁以樹脂水泥砂漿打底至與鋪面齊平 | AE16: M | AI16: 81 | BA16: =AR16+'1215'!BA16 -> 0 | BN16: 1000 | BO16: =SUM(AR16*BN16) -> 0 | BP16: =BO16+'1215'!BP16 -> 0 | BQ16: =BP16 -> 0 | BR16: 81000
A17: 6 | D17: 既有水溝安裝鍍鋅鋼板 | AE17: M | AI17: 22 | BA17: =AR17+'1215'!BA17 -> 0 | BN17: 4650 | BO17: =SUM(AR17*BN17) -> 0 | BP17: =BO17+'1215'!BP17 -> 0 | BQ17: =BP17 -> 0 | BR17: 102300
A18: 7 | D18: 新設RC水溝 | AE18: M | AI18: 23 | BA18: =AR18+'1215'!BA18 -> 0 | BN18: 3500 | BO18: =SUM(AR18*BN18) -> 0 | BP18: =BO18+'1215'!BP18 -> 0 | BQ18: =BP18 -> 0 | BR18: 80500
A19: 8 | D19: 設置鍍鋅鋼材烤漆止滑細縫水溝蓋含框 | AE19: 組 | AI19: 8 | BA19: =AR19+'1215'!BA19 -> 0 | BN19: 6250 | BO19: =SUM(AR19*BN19) -> 0 | BP19: =BO19+'1215'!BP19 -> 0 | BQ19: =BP19 -> 0 | BR19: 50000
A20: 9 | D20: 切割打除既有地坪，整地，底土壓實 | AE20: M2 | AI20: 68 | BA20: =AR20+'1215'!BA20 -> 0 | BN20: 1200 | BO20: =SUM(AR20*BN20) -> 0 | BP20: =BO20+'1215'!BP20 -> 0 | BQ20: =BP20 -> 0 | BR20: 81600
A21: 10 | D21: 新設RC地坪與斜坡，面層抿石子 | AE21: M2 | AI21: 68 | BA21: =AR21+'1215'!BA21 -> 0 | BN21: 3000 | BO21: =SUM(AR21*BN21) -> 0 | BP21: =BO21+'1215'!BP21 -> 0 | BQ21: =BP21 -> 0 | BR21: 204000
A22: 11 | D22: 北側圍牆邊陰井新設不鏽鋼沉水馬達220V/110V 1HP以上(含工帶料，需配浮球開關)，抽水至圍牆外水溝 | AE22: 組 | AI22: 1 | BA22: =AR22+'1215'!BA22 -> 0 | BN22: 20000 | BO22: =SUM(AR22*BN22) -> 0 | BP22: =BO22+'1215'!BP22 -> 0 | BQ22: =BP22 -> 0 | BR22: 20000
A23: 12 | D23: 西側既有走廊上水溝格柵蓋板，設置化妝蓋板含框，周邊復原 | AE23: 式 | AI23: 1 | BA23: =AR23+'1215'!BA23 -> 0 | BN23: 68000 | BO23: =SUM(AR23*BN23) -> 0 | BP23: =BO23+'1215'!BP23 -> 0 | BQ23: =BP23 -> 0 | BR23: 68000
... A25: 14 | D25: 材料檢驗費用 | AE25: 式 | AI25: 1 | BA25: =AR25+'1215'!BA25 -> 0 | BN25: 1440 | BO25: =SUM(AR25*BN25) -> 0 | BP25: =BO25+'1215'!BP25 -> 0 | BQ25: =BP25 -> 0 | BR25: 1440
D26: 合計(壹) | BO26: =SUM(BO12:BO25) -> 0 | BP26: =SUM(BP12:BP25) -> 11000 | BQ26: =BP26 -> 11000 | BR26: =SUM(BR12:BR25) -> 776279
A27: 貳 | D27: 職業安全衛生管理費 (壹*1%) | AE27: 式 | AI27: 1 | AR27: =SUM(BO26/BN27) -> 0 | BA27: =AR27+'1215'!BA27 -> 0 | BN27: 7762 | BO27: =SUM(AR27*BN27) -> 0 | BP27: =BO27+'1215'!BP27 -> 0 | BQ27: =BP27 -> 0 | BR27: 7762 | BS27: =SUM(BN27/BR26) -> 0.0099989823
A28: 參 | D28: 工程品質管制作業費 (壹*1%) | AE28: 式 | AI28: 1 | AR28: =SUM(BO26/BN28) -> 0 | BA28: =AR28+'1215'!BA28 -> 0 | BN28: 7763 | BO28: =SUM(AR28*BN28) -> 0 | BP28: =BO28+'1215'!BP28 -> 0 | BQ28: =BP28 -> 0 | BR28: 7763 | BS28: =SUM(BN28/BR26) -> 0.010000271
A29: 肆 | D29: 包商利潤及管理費 (約壹*7%) | AE29: 式 | AI29: 1 | AR29: =SUM(BO26/BN29) -> 0 | BA29: =AR29+'1215'!BA29 -> 0 | BN29: 54338 | BO29: =SUM(AR29*BN29) -> 0 | BP29: =BO29+'1215'!BP29 -> 0 | BQ29: =BP29 -> 0 | BR29: 54338 | BS29: =SUM(BN29/BR26) -> 0.069998029
A30: 伍 | D30: 保險費 | AE30: 式 | AI30: 1 | AR30: 0 | BA30: =AR30+'1215'!BA30 -> 1 | BN30: 3084 | BO30: =SUM(AR30*BN30) -> 0 | BP30: =BO30+'1215'!BP30 -> 3084 | BQ30: =BP30 -> 3084 | BR30: 3084 | BT30: =SUM(BR26:BR30) -> 849226
A31: 陸 | D31: 營業稅 ((壹~伍)*5%) | AE31: 式 | AI31: 1 | AR31: =SUM(BT31/BN31) -> 0 | BA31: =AR31+'1215'!BA31 -> 0 | BN31: 42461 | BO31: =SUM(AR31*BN31) -> 0 | BP31: =BO31+'1215'!BP31 -> 0 | BQ31: =BP31 -> 0 | BR31: 42461 | BS31: =SUM(BN31/BT30) -> 0.049999647 | BT31: =SUM(BO26:BO30) -> 0
D32: 發包工程費合計 (壹~陸) | BO32: =SUM(BO26:BO31) -> 0 | BP32: =SUM(BP26:BP31) -> 14084 | BQ32: =SUM(BQ26:BQ31) -> 14084 | BR32: =SUM(BR26:BR31) -> 891687
D33: 本日合計金額 | AR33: =BO32 -> 0
D34: 累計合計金額 | AR34: =BP32 -> 14084 | BN34: 契約單價金額 | BO34: 本日完成金額 | BP34: 累計完成金額
A35: 營造業專業工程特定施工項目
A36: A.
A37: B.
A38: 二、工地材料管理概況(含約定之重要材料使用情況及數量等)：
A39: 材料名稱 | V39: 單位 | Y39: 設計數量 | AI39: 本日使用數量 | AS39: 累計使用數量 | BC39: 備註
AS40: =AI40+'1215'!AS40 -> 0
AS41: =AI41+'1215'!AS41 -> 0
AS42: =AI42+'1215'!AS42 -> 0
AS43: =AI43+'1215'!AS43 -> 0
AS44: =AI44+'1215'!AS44 -> 0
A45: 三、工地人員及機具管理（含約定之出工人數及機具使用情形及數量）:
A46: 工別 | L46: 本日人數 | V46: 累計人數 | AI46: 機具名稱 | AS46: 本日完成數量 | BC46: 累計完成數量
A47: 技術工 | V47: =L47+'1215'!V47 -> 0 | AI47: 挖土機 | BC47: =AS47+'1215'!BC47 -> 0
A48: 小工 | V48: =L48+'1215'!V48 -> 0 | AI48: 鏟土機 | BC48: =AS48+'1215'!BC48 -> 0
A49: 四、本日施工項目是否有須依「營造業專業工程持定施工項目應置之技術士總類、比率或人數標準表」規定
A50: 應設置技術士之專業工程:□有(施工項目內容: )■無(此項如勾選"有"，則應
A51: 填寫「公共工程施工日誌之技術士簽章表」）
A52: 五、工地勞工安全衛生事項之督導、公共環境與安全之維護及其他工地行政事務：
A53: (一)施工前檢查事項：
A54: 1.實施勤前教育(含工地預防災變及危害告知)：■有 □無
A55: 2.確認新進勞工是否提報勞工保險(或其他商業保險)資料及安全衛生教育訓練紀錄：□有□無■無新進勞工
A56: 3.檢查勞工個人防護具：■有 □無
A57: (二)其他事項：
A58: 六、施工取樣試驗紀錄：
A59: 七、通知協力廠商辦理事項：
A60: 八、重要事項紀錄：星期一依契約規定,本日不計入工期。
A61: 簽章；【工地主任】(註3)
B62: 註1.依營造業法第32第1項第2款規定，工地主任應按日填報施工日誌
B63: 2.本施工日誌格式僅供參考，惟原則應包含上開欄位，各機關亦得依工程性質及契約約定事項自行增訂之。
B64: 3.本工程依營業法第30條規定須置工地主任者，由工地主任簽章；依上開規定免置工地主任者，則由營造業法第32條
B65: 第2項所定之人員簽章。廠商非屬營造業者,由工地負責人簽章。
B66: 4.契約工期如有修正，應填修正後之契約工期，含展延工期及不計工期天數；如有依契約變更設計，預定進度及實際
B67: 進度應填變更設計後計算之進度。
B68: 5.上開重要事項記錄包含(1)主辦機關及監造單位指示波(2)工地遇緊急異常狀況之通報處理情形(3)本日是否由專任工
B69: 程人員督察按圖施工，解決施工技術問題等。
B70: 6.公共工程屬建築物者，請依內政部99年2月5日台內營字第0990800804號令頒之「建築物施工日誌」

Sheet 1217
A1: 公共工程施工日誌
A2: 表報編號： | H2: 3
A3: 本日天氣: | G3: 上午： | K3: 晴 | Q3: 下午: | U3: 晴 | AR3: 日期： | AW3: =SUM(R6+H2)-1 -> 45643 | BH3: =WEEKDAY(AW3) -> 3
A4: 工程名稱 | G4: 113年育英樓排水改善工程 | AN4: 承攬廠商名稱 | AV4: 齊全土木包工業
A5: 核定工期 | J5: 60 | O5: 天 | R5: 累計工期 | Z5: =H2-2 -> 1 | AE5: 天 | AH5: 剩餘工期 | AP5: =J5-Z5 -> 59 | AU5: 天 | AX5: 工期展廷天數 | BK5: 天
A6: 開 工 日 期 | R6: 45641 | AH6: 完 工 日 期 | AX6: =SUM(R6,J5)+31 -> 45732
A7: 本日預定進度(%) | R7: 0 | AH7: 本日實際進度(%) | AX7: =SUM(AR33/BO7) -> 0 | BO7: 891687
A8: 累計預定進度(%) | R8: =R7+'1216'!R8 -> 0.00301 | AH8: 累計實際進度(%) | AX8: =AX7+'1216'!AX8 -> 0.01579478
A9: 一、依施工計劃書執行按圖施工概況(含約定之重要施工項目及完成數量等)等：
A10: 項次 | D10: 施工項目 | AE10: 單位 | AI10: 契約數量 | AR10: 本日完成數量 | BA10: 累計完成數量 | BJ10: 備註 | BN10: 契約單價金額 | BO10: 本日完成金額 | BP10: 累計完成金額 | BR10: 契約總額
A11: 壹. | D11: 直接工程
A12: 1 | D12: 工程告示牌、職業安全衛生告示牌與交通管制設施(租用) | AE12: 式 | AI12: 1 | BA12: =AR12+'1216'!BA12 -> 1 | BN12: 5000 | BO12: =SUM(AR12*BN12) -> 0 | BP12: =BO12+'1216'!BP12 -> 5000 | BQ12: =BP12 -> 5000 | BR12: 5000
A13: 2 | D13: 施工圍籬(租用) | AE13: M | AI13: 74 | BA13: =AR13+'1216'!BA13 -> 15 | BN13: 400 | BO13: =SUM(AR13*BN13) -> 0 | BP13: =BO13+'1216'!BP13 -> 6000 | BQ13: =BP13 -> 6000 | BR13: 29600
A14: 3 | D14: 施工動線開闢及損壞復原 | AE14: 式 | AI14: 1 | BA14: =AR14+'1216'!BA14 -> 0 | BN14: 5000 | BO14: =SUM(AR14*BN14) -> 0 | BP14: =BO14+'1216'!BP14 -> 0 | BQ14: =BP14 -> 0 | BR14: 5000
A15: 4 | D15: 測量與放樣 | AE15: 式 | AI15: 1 | BA15: =AR15+'1216'!BA15 -> 0 | BN15: 5000 | BO15: =SUM(AR15*BN15) -> 0 | BP15: =BO15+'1216'!BP15 -> 0 | BQ15: =BP15 -> 0 | BR15: 5000
A16: 5 | D16: 既有水溝清淤(含移除水溝內樹木竄根)，破損處以樹脂水泥砂漿整平，外側溝壁以樹脂水泥砂漿打底至與鋪面齊平 | AE16: M | AI16: 81 | BA16: =AR16+'1216'!BA16 -> 0 | BN16: 1000 | BO16: =SUM(AR16*BN16) -> 0 | BP16: =BO16+'1216'!BP16 -> 0 | BQ16: =BP16 -> 0 | BR16: 81000
A17: 6 | D17: 既有水溝安裝鍍鋅鋼板 | AE17: M | AI17: 22 | BA17: =AR17+'1216'!BA17 -> 0 | BN17: 4650 | BO17: =SUM(AR17*BN17) -> 0 | BP17: =BO17+'1216'!BP17 -> 0 | BQ17: =BP17 -> 0 | BR17: 102300
A18: 7 | D18: 新設RC水溝 | AE18: M | AI18: 23 | BA18: =AR18+'1216'!BA18 -> 0 | BN18: 3500 | BO18: =SUM(AR18*BN18) -> 0 | BP18: =BO18+'1216'!BP18 -> 0 | BQ18: =BP18 -> 0 | BR18: 80500
A19: 8 | D19: 設置鍍鋅鋼材烤漆止滑細縫水溝蓋含框 | AE19: 組 | AI19: 8 | BA19: =AR19+'1216'!BA19 -> 0 | BN19: 6250 | BO19: =SUM(AR19*BN19) -> 0 | BP19: =BO19+'1216'!BP19 -> 0 | BQ19: =BP19 -> 0 | BR19: 50000
A20: 9 | D20: 切割打除既有地坪，整地，底土壓實 | AE20: M2 | AI20: 68 | BA20: =AR20+'1216'!BA20 -> 0 | BN20: 1200 | BO20: =SUM(AR20*BN20) -> 0 | BP20: =BO20+'1216'!BP20 -> 0 | BQ20: =BP20 -> 0 | BR20: 81600
A21: 10 | D21: 新設RC地坪與斜坡，面層抿石子 | AE21: M2 | AI21: 68 | BA21: =AR21+'1216'!BA21 -> 0 | BN21: 3000 | BO21: =SUM(AR21*BN21) -> 0 | BP21: =BO21+'1216'!BP21 -> 0 | BQ21: =BP21 -> 0 | BR21: 204000
A22: 11 | D22: 北側圍牆邊陰井新設不鏽鋼沉水馬達220V/110V 1HP以上(含工帶料，需配浮球開關)，抽水至圍牆外水溝 | AE22: 組 | AI22: 1 | BA22: =AR22+'1216'!BA22 -> 0 | BN22: 20000 | BO22: =SUM(AR22*BN22) -> 0 | BP22: =BO22+'1216'!BP22 -> 0 | BQ22: =BP22 -> 0 | BR22: 20000
A23: 12 | D23: 西側既有走廊上水溝格柵蓋板，設置化妝蓋板含框，周邊復原 | AE23: 式 | AI23: 1 | BA23: =AR23+'1216'!BA23 -> 0 | BN23: 68000 | BO23: =SUM(AR23*BN23) -> 0 | BP23: =BO23+'1216'!BP23 -> 0 | BQ23: =BP23 -> 0 | BR23: 68000
... A25: 14 | D25: 材料檢驗費用 | AE25: 式 | AI25: 1 | BA25: =AR25+'1216'!BA25 -> 0 | BN25: 1440 | BO25: =SUM(AR25*BN25) -> 0 | BP25: =BO25+'1216'!BP25 -> 0 | BQ25: =BP25 -> 0 | BR25: 1440
D26: 合計(壹) | BO26: =SUM(BO12:BO25) -> 0 | BP26: =SUM(BP12:BP25) -> 11000 | BQ26: =BP26 -> 11000 | BR26: =SUM(BR12:BR25) -> 776279
A27: 貳 | D27: 職業安全衛生管理費 (壹*1%) | AE27: 式 | AI27: 1 | AR27: =SUM(BO26/BN27) -> 0 | BA27: =AR27+'1216'!BA27 -> 0 | BN27: 7762 | BO27: =SUM(AR27*BN27) -> 0 | BP27: =BO27+'1216'!BP27 -> 0 | BQ27: =BP27 -> 0 | BR27: 7762 | BS27: =SUM(BN27/BR26) -> 0.0099989823
A28: 參 | D28: 工程品質管制作業費 (壹*1%) | AE28: 式 | AI28: 1 | AR28: =SUM(BO26/BN28) -> 0 | BA28: =AR28+'1216'!BA28 -> 0 | BN28: 7763 | BO28: =SUM(AR28*BN28) -> 0 | BP28: =BO28+'1216'!BP28 -> 0 | BQ28: =BP28 -> 0 | BR28: 7763 | BS28: =SUM(BN28/BR26) -> 0.010000271
A29: 肆 | D29: 包商利潤及管理費 (約壹*7%) | AE29: 式 | AI29: 1 | AR29: =SUM(BO26/BN29) -> 0 | BA29: =AR29+'1216'!BA29 -> 0 | BN29: 54338 | BO29: =SUM(AR29*BN29) -> 0 | BP29: =BO29+'1216'!BP29 -> 0 | BQ29: =BP29 -> 0 | BR29: 54338 | BS29: =SUM(BN29/BR26) -> 0.069998029
A30: 伍 | D30: 保險費 | AE30: 式 | AI30: 1 | AR30: 0 | BA30: =AR30+'1216'!BA30 -> 1 | BN30: 3084 | BO30: =SUM(AR30*BN30) -> 0 | BP30: =BO30+'1216'!BP30 -> 3084 | BQ30: =BP30 -> 3084 | BR30: 3084 | BT30: =SUM(BR26:BR30) -> 849226
A31: 陸 | D31: 營業稅 ((壹~伍)*5%) | AE31: 式 | AI31: 1 | AR31: =SUM(BT31/BN31) -> 0 | BA31: =AR31+'1216'!BA31 -> 0 | BN31: 42461 | BO31: =SUM(AR31*BN31) -> 0 | BP31: =BO31+'1216'!BP31 -> 0 | BQ31: =BP31 -> 0 | BR31: 42461 | BS31: =SUM(BN31/BT30) -> 0.049999647 | BT31: =SUM(BO26:BO30) -> 0
D32: 發包工程費合計 (壹~陸) | BO32: =SUM(BO26:BO31) -> 0 | BP32: =SUM(BP26:BP31) -> 14084 | BQ32: =SUM(BQ26:BQ31) -> 14084 | BR32: =SUM(BR26:BR31) -> 891687
D33: 本日合計金額 | AR33: =BO32 -> 0
D34: 累計合計金額 | AR34: =BP32 -> 14084 | BN34: 契約單價金額 | BO34: 本日完成金額 | BP34: 累計完成金額
A35: 營造業專業工程特定施工項目
A36: A.
A37: B.
A38: 二、工地材料管理概況(含約定之重要材料使用情況及數量等)：
A39: 材料名稱 | V39: 單位 | Y39: 設計數量 | AI39: 本日使用數量 | AS39: 累計使用數量 | BC39: 備註
AS40: =AI40+'1216'!AS40 -> 0
AS41: =AI41+'1216'!AS41 -> 0
AS42: =AI42+'1216'!AS42 -> 0
AS43: =AI43+'1216'!AS43 -> 0
AS44: =AI44+'1216'!AS44 -> 0
A45: 三、工地人員及機具管理（含約定之出工人數及機具使用情形及數量）:
A46: 工別 | L46: 本日人數 | V46: 累計人數 | AI46: 機具名稱 | AS46: 本日完成數量 | BC46: 累計完成數量
A47: 技術工 | V47: =L47+'1216'!V47 -> 0 | AI47: 挖土機 | BC47: =AS47+'1216'!BC47 -> 0
A48: 小工 | V48: =L48+'1216'!V48 -> 0 | AI48: 鏟土機 | BC48: =AS48+'1216'!BC48 -> 0
A49: 四、本日施工項目是否有須依「營造業專業工程持定施工項目應置之技術士總類、比率或人數標準表」規定
A50: 應設置技術士之專業工程:□有(施工項目內容: )■無(此項如勾選"有"，則應
A51: 填寫「公共工程施工日誌之技術士簽章表」）
A52: 五、工地勞工安全衛生事項之督導、公共環境與安全之維護及其他工地行政事務：
A53: (一)施工前檢查事項：
A54: 1.實施勤前教育(含工地預防災變及危害告知)：■有 □無
A55: 2.確認新進勞工是否提報勞工保險(或其他商業保險)資料及安全衛生教育訓練紀錄：□有□無■無新進勞工
A56: 3.檢查勞工個人防護具：■有 □無
A57: (二)其他事項：
A58: 六、施工取樣試驗紀錄：
A59: 七、通知協力廠商辦理事項：
A60: 八、重要事項紀錄：星期二依契約規定,本日不計入工期。
A61: 簽章；【工地主任】(註3)
B62: 註1.依營造業法第32第1項第2款規定，工地主任應按日填報施工日誌
B63: 2.本施工日誌格式僅供參考，惟原則應包含上開欄位，各機關亦得依工程性質及契約約定事項自行增訂之。
B64: 3.本工程依營業法第30條規定須置工地主任者，由工地主任簽章；依上開規定免置工地主任者，則由營造業法第32條
B65: 第2項所定之人員簽章。廠商非屬營造業者,由工地負責人簽章。
B66: 4.契約工期如有修正，應填修正後之契約工期，含展延工期及不計工期天數；如有依契約變更設計，預定進度及實際
B67: 進度應填變更設計後計算之進度。
B68: 5.上開重要事項記錄包含(1)主辦機關及監造單位指示波(2)工地遇緊急異常狀況之通報處理情形(3)本日是否由專任工
B69: 程人員督察按圖施工，解決施工技術問題等。
B70: 6.公共工程屬建築物者，請依內政部99年2月5日台內營字第0990800804號令頒之「建築物施工日誌」

Sheet 1218
A1: 公共工程施工日誌
A2: 表報編號： | H2: 4
A3: 本日天氣: | G3: 上午： | K3: 晴 | Q3: 下午: | U3: 晴 | AR3: 日期： | AW3: =SUM(R6+H2)-1 -> 45644 | BH3: =WEEKDAY(AW3) -> 4
A4: 工程名稱 | G4: 113年育英樓排水改善工程 | AN4: 承攬廠商名稱 | AV4: 齊全土木包工業
A5: 核定工期 | J5: 60 | O5: 天 | R5: 累計工期 | Z5: =H2-3 -> 1 | AE5: 天 | AH5: 剩餘工期 | AP5: =J5-Z5 -> 59 | AU5: 天 | AX5: 工期展廷天數 | BK5: 天
A6: 開 工 日 期 | R6: 45641 | AH6: 完 工 日 期 | AX6: =SUM(R6,J5)+31 -> 45732
A7: 本日預定進度(%) | R7: 0 | AH7: 本日實際進度(%) | AX7: =SUM(AR33/BO7) -> 0 | BO7: 891687
A8: 累計預定進度(%) | R8: =R7+'1217'!R8 -> 0.00301 | AH8: 累計實際進度(%) | AX8: =AX7+'1217'!AX8 -> 0.01579478
A9: 一、依施工計劃書執行按圖施工概況(含約定之重要施工項目及完成數量等)等：
A10: 項次 | D10: 施工項目 | AE10: 單位 | AI10: 契約數量 | AR10: 本日完成數量 | BA10: 累計完成數量 | BJ10: 備註 | BN10: 契約單價金額 | BO10: 本日完成金額 | BP10: 累計完成金額 | BR10: 契約總額
A11: 壹. | D11: 直接工程
A12: 1 | D12: 工程告示牌、職業安全衛生告示牌與交通管制設施(租用) | AE12: 式 | AI12: 1 | BA12: =AR12+'1217'!BA12 -> 1 | BN12: 5000 | BO12: =SUM(AR12*BN12) -> 0 | BP12: =BO12+'1217'!BP12 -> 5000 | BQ12: =BP12 -> 5000 | BR12: 5000
A13: 2 | D13: 施工圍籬(租用) | AE13: M | AI13: 74 | BA13: =AR13+'1217'!BA13 -> 15 | BN13: 400 | BO13: =SUM(AR13*BN13) -> 0 | BP13: =BO13+'1217'!BP13 -> 6000 | BQ13: =BP13 -> 6000 | BR13: 29600
A14: 3 | D14: 施工動線開闢及損壞復原 | AE14: 式 | AI14: 1 | BA14: =AR14+'1217'!BA14 -> 0 | BN14: 5000 | BO14: =SUM(AR14*BN14) -> 0 | BP14: =BO14+'1217'!BP14 -> 0 | BQ14: =BP14 -> 0 | BR14: 5000
A15: 4 | D15: 測量與放樣 | AE15: 式 | AI15: 1 | BA15: =AR15+'1217'!BA15 -> 0 | BN15: 5000 | BO15: =SUM(AR15*BN15) -> 0 | BP15: =BO15+'1217'!BP15 -> 0 | BQ15: =BP15 -> 0 | BR15: 5000
A16: 5 | D16: 既有水溝清淤(含移除水溝內樹木竄根)，破損處以樹脂水泥砂漿整平，外側溝壁以樹脂水泥砂漿打底至與鋪面齊平 | AE16: M | AI16: 81 | BA16: =AR16+'1217'!BA16 -> 0 | BN16: 1000 | BO16: =SUM(AR16*BN16) -> 0 | BP16: =BO16+'1217'!BP16 -> 0 | BQ16: =BP16 -> 0 | BR16: 81000
A17: 6 | D17: 既有水溝安裝鍍鋅鋼板 | AE17: M | AI17: 22 | BA17: =AR17+'1217'!BA17 -> 0 | BN17: 4650 | BO17: =SUM(AR17*BN17) -> 0 | BP17: =BO17+'1217'!BP17 -> 0 | BQ17: =BP17 -> 0 | BR17: 102300
A18: 7 | D18: 新設RC水溝 | AE18: M | AI18: 23 | BA18: =AR18+'1217'!BA18 -> 0 | BN18: 3500 | BO18: =SUM(AR18*BN18) -> 0 | BP18: =BO18+'1217'!BP18 -> 0 | BQ18: =BP18 -> 0 | BR18: 80500
A19: 8 | D19: 設置鍍鋅鋼材烤漆止滑細縫水溝蓋含框 | AE19: 組 | AI19: 8 | BA19: =AR19+'1217'!BA19 -> 0 | BN19: 6250 | BO19: =SUM(AR19*BN19) -> 0 | BP19: =BO19+'1217'!BP19 -> 0 | BQ19: =BP19 -> 0 | BR19: 50000
A20: 9 | D20: 切割打除既有地坪，整地，底土壓實 | AE20: M2 | AI20: 68 | BA20: =AR20+'1217'!BA20 -> 0 | BN20: 1200 | BO20: =SUM(AR20*BN20) -> 0 | BP20: =BO20+'1217'!BP20 -> 0 | BQ20: =BP20 -> 0 | BR20: 81600
A21: 10 | D21: 新設RC地坪與斜坡，面層抿石子 | AE21: M2 | AI21: 68 | BA21: =AR21+'1217'!BA21 -> 0 | BN21: 3000 | BO21: =SUM(AR21*BN21) -> 0 | BP21: =BO21+'1217'!BP21 -> 0 | BQ21: =BP21 -> 0 | BR21: 204000
A22: 11 | D22: 北側圍牆邊陰井新設不鏽鋼沉水馬達220V/110V 1HP以上(含工帶料，需配浮球開關)，抽水至圍牆外水溝 | AE22: 組 | AI22: 1 | BA22: =AR22+'1217'!BA22 -> 0 | BN22: 20000 | BO22: =SUM(AR22*BN22) -> 0 | BP22: =BO22+'1217'!BP22 -> 0 | BQ22: =BP22 -> 0 | BR22: 20000
A23: 12 | D23: 西側既有走廊上水溝格柵蓋板，設置化妝蓋板含框，周邊復原 | AE23: 式 | AI23: 1 | BA23: =AR23+'1217'!BA23 -> 0 | BN23: 68000 | BO23: =SUM(AR23*BN23) -> 0 | BP23: =BO23+'1217'!BP23 -> 0 | BQ23: =BP23 -> 0 | BR23: 68000
... A25: 14 | D25: 材料檢驗費用 | AE25: 式 | AI25: 1 | BA25: =AR25+'1217'!BA25 -> 0 | BN25: 1440 | BO25: =SUM(AR25*BN25) -> 0 | BP25: =BO25+'1217'!BP25 -> 0 | BQ25: =BP25 -> 0 | BR25: 1440
D26: 合計(壹) | BO26: =SUM(BO12:BO25) -> 0 | BP26: =SUM(BP12:BP25) -> 11000 | BQ26: =BP26 -> 11000 | BR26: =SUM(BR12:BR25) -> 776279
A27: 貳 | D27: 職業安全衛生管理費 (壹*1%) | AE27: 式 | AI27: 1 | AR27: =SUM(BO26/BN27) -> 0 | BA27: =AR27+'1217'!BA27 -> 0 | BN27: 7762 | BO27: =SUM(AR27*BN27) -> 0 | BP27: =BO27+'1217'!BP27 -> 0 | BQ27: =BP27 -> 0 | BR27: 7762 | BS27: =SUM(BN27/BR26) -> 0.0099989823
A28: 參 | D28: 工程品質管制作業費 (壹*1%) | AE28: 式 | AI28: 1 | AR28: =SUM(BO26/BN28) -> 0 | BA28: =AR28+'1217'!BA28 -> 0 | BN28: 7763 | BO28: =SUM(AR28*BN28) -> 0 | BP28: =BO28+'1217'!BP28 -> 0 | BQ28: =BP28 -> 0 | BR28: 7763 | BS28: =SUM(BN28/BR26) -> 0.010000271
A29: 肆 | D29: 包商利潤及管理費 (約壹*7%) | AE29: 式 | AI29: 1 | AR29: =SUM(BO26/BN29) -> 0 | BA29: =AR29+'1217'!BA29 -> 0 | BN29: 54338 | BO29: =SUM(AR29*BN29) -> 0 | BP29: =BO29+'1217'!BP29 -> 0 | BQ29: =BP29 -> 0 | BR29: 54338 | BS29: =SUM(BN29/BR26) -> 0.069998029
A30: 伍 | D30: 保險費 | AE30: 式 | AI30: 1 | AR30: 0 | BA30: =AR30+'1217'!BA30 -> 1 | BN30: 3084 | BO30: =SUM(AR30*BN30) -> 0 | BP30: =BO30+'1217'!BP30 -> 3084 | BQ30: =BP30 -> 3084 | BR30: 3084 | BT30: =SUM(BR26:BR30) -> 849226
A31: 陸 | D31: 營業稅 ((壹~伍)*5%) | AE31: 式 | AI31: 1 | AR31: =SUM(BT31/BN31) -> 0 | BA31: =AR31+'1217'!BA31 -> 0 | BN31: 42461 | BO31: =SUM(AR31*BN31) -> 0 | BP31: =BO31+'1217'!BP31 -> 0 | BQ31: =BP31 -> 0 | BR31: 42461 | BS31: =SUM(BN31/BT30) -> 0.049999647 | BT31: =SUM(BO26:BO30) -> 0
D32: 發包工程費合計 (壹~陸) | BO32: =SUM(BO26:BO31) -> 0 | BP32: =SUM(BP26:BP31) -> 14084 | BQ32: =SUM(BQ26:BQ31) -> 14084 | BR32: =SUM(BR26:BR31) -> 891687
D33: 本日合計金額 | AR33: =BO32 -> 0
D34: 累計合計金額 | AR34: =BP32 -> 14084 | BN34: 契約單價金額 | BO34: 本日完成金額 | BP34: 累計完成金額
A35: 營造業專業工程特定施工項目
A36: A.
A37: B.
A38: 二、工地材料管理概況(含約定之重要材料使用情況及數量等)：
A39: 材料名稱 | V39: 單位 | Y39: 設計數量 | AI39: 本日使用數量 | AS39: 累計使用數量 | BC39: 備註
AS40: =AI40+'1217'!AS40 -> 0
AS41: =AI41+'1217'!AS41 -> 0
AS42: =AI42+'1217'!AS42 -> 0
AS43: =AI43+'1217'!AS43 -> 0
AS44: =AI44+'1217'!AS44 -> 0
A45: 三、工地人員及機具管理（含約定之出工人數及機具使用情形及數量）:
A46: 工別 | L46: 本日人數 | V46: 累計人數 | AI46: 機具名稱 | AS46: 本日完成數量 | BC46: 累計完成數量
A47: 技術工 | V47: =L47+'1217'!V47 -> 0 | AI47: 挖土機 | BC47: =AS47+'1217'!BC47 -> 0
A48: 小工 | V48: =L48+'1217'!V48 -> 0 | AI48: 鏟土機 | BC48: =AS48+'1217'!BC48 -> 0
A49: 四、本日施工項目是否有須依「營造業專業工程持定施工項目應置之技術士總類、比率或人數標準表」規定
A50: 應設置技術士之專業工程:□有(施工項目內容: )■無(此項如勾選"有"，則應
A51: 填寫「公共工程施工日誌之技術士簽章表」）
A52: 五、工地勞工安全衛生事項之督導、公共環境與安全之維護及其他工地行政事務：
A53: (一)施工前檢查事項：
A54: 1.實施勤前教育(含工地預防災變及危害告知)：■有 □無
A55: 2.確認新進勞工是否提報勞工保險(或其他商業保險)資料及安全衛生教育訓練紀錄：□有□無■無新進勞工
A56: 3.檢查勞工個人防護具：■有 □無
A57: (二)其他事項：
A58: 六、施工取樣試驗紀錄：
A59: 七、通知協力廠商辦理事項：
A60: 八、重要事項紀錄：星期三依契約規定,本日不計入工期。
A61: 簽章；【工地主任】(註3)
B62: 註1.依營造業法第32第1項第2款規定，工地主任應按日填報施工日誌
B63: 2.本施工日誌格式僅供參考，惟原則應包含上開欄位，各機關亦得依工程性質及契約約定事項自行增訂之。
B64: 3.本工程依營業法第30條規定須置工地主任者，由工地主任簽章；依上開規定免置工地主任者，則由營造業法第32條
B65: 第2項所定之人員簽章。廠商非屬營造業者,由工地負責人簽章。
B66: 4.契約工期如有修正，應填修正後之契約工期，含展延工期及不計工期天數；如有依契約變更設計，預定進度及實際
B67: 進度應填變更設計後計算之進度。
B68: 5.上開重要事項記錄包含(1)主辦機關及監造單位指示波(2)工地遇緊急異常狀況之通報處理情形(3)本日是否由專任工
B69: 程人員督察按圖施工，解決施工技術問題等。
B70: 6.公共工程屬建築物者，請依內政部99年2月5日台內營字第0990800804號令頒之「建築物施工日誌」

Sheet 1219
A1: 公共工程施工日誌
A2: 表報編號： | H2: 5
A3: 本日天氣: | G3: 上午： | K3: 晴 | Q3: 下午: | U3: 晴 | AR3: 日期： | AW3: =SUM(R6+H2)-1 -> 45645 | BH3: =WEEKDAY(AW3) -> 5
A4: 工程名稱 | G4: 113年育英樓排水改善工程 | AN4: 承攬廠商名稱 | AV4: 齊全土木包工業
A5: 核定工期 | J5: 60 | O5: 天 | R5: 累計工期 | Z5: =H2-4 -> 1 | AE5: 天 | AH5: 剩餘工期 | AP5: =J5-Z5 -> 59 | AU5: 天 | AX5: 工期展廷天數 | BK5: 天
A6: 開 工 日 期 | R6: 45641 | AH6: 完 工 日 期 | AX6: =SUM(R6,J5)+31 -> 45732
A7: 本日預定進度(%) | R7: 0 | AH7: 本日實際進度(%) | AX7: =SUM(AR33/BO7) -> 0 | BO7: 891687
A8: 累計預定進度(%) | R8: =R7+'1218'!R8 -> 0.00301 | AH8: 累計實際進度(%) | AX8: =AX7+'1218'!AX8 -> 0.01579478
A9: 一、依施工計劃書執行按圖施工概況(含約定之重要施工項目及完成數量等)等：
A10: 項次 | D10: 施工項目 | AE10: 單位 | AI10: 契約數量 | AR10: 本日完成數量 | BA10: 累計完成數量 | BJ10: 備註 | BN10: 契約單價金額 | BO10: 本日完成金額 | BP10: 累計完成金額 | BR10: 契約總額
A11: 壹. | D11: 直接工程
A12: 1 | D12: 工程告示牌、職業安全衛生告示牌與交通管制設施(租用) | AE12: 式 | AI12: 1 | BA12: =AR12+'1218'!BA12 -> 1 | BN12: 5000 | BO12: =SUM(AR12*BN12) -> 0 | BP12: =BO12+'1218'!BP12 -> 5000 | BQ12: =BP12 -> 5000 | BR12: 5000
A13: 2 | D13: 施工圍籬(租用) | AE13: M | AI13: 74 | BA13: =AR13+'1218'!BA13 -> 15 | BN13: 400 | BO13: =SUM(AR13*BN13) -> 0 | BP13: =BO13+'1218'!BP13 -> 6000 | BQ13: =BP13 -> 6000 | BR13: 29600
A14: 3 | D14: 施工動線開闢及損壞復原 | AE14: 式 | AI14: 1 | BA14: =AR14+'1218'!BA14 -> 0 | BN14: 5000 | BO14: =SUM(AR14*BN14) -> 0 | BP14: =BO14+'1218'!BP14 -> 0 | BQ14: =BP14 -> 0 | BR14: 5000
A15: 4 | D15: 測量與放樣 | AE15: 式 | AI15: 1 | BA15: =AR15+'1218'!BA15 -> 0 | BN15: 5000 | BO15: =SUM(AR15*BN15) -> 0 | BP15: =BO15+'1218'!BP15 -> 0 | BQ15: =BP15 -> 0 | BR15: 5000
A16: 5 | D16: 既有水溝清淤(含移除水溝內樹木竄根)，破損處以樹脂水泥砂漿整平，外側溝壁以樹脂水泥砂漿打底至與鋪面齊平 | AE16: M | AI16: 81 | BA16: =AR16+'1218'!BA16 -> 0 | BN16: 1000 | BO16: =SUM(AR16*BN16) -> 0 | BP16: =BO16+'1218'!BP16 -> 0 | BQ16: =BP16 -> 0 | BR16: 81000
A17: 6 | D17: 既有水溝安裝鍍鋅鋼板 | AE17: M | AI17: 22 | BA17: =AR17+'1218'!BA17 -> 0 | BN17: 4650 | BO17: =SUM(AR17*BN17) -> 0 | BP17: =BO17+'1218'!BP17 -> 0 | BQ17: =BP17 -> 0 | BR17: 102300
A18: 7 | D18: 新設RC水溝 | AE18: M | AI18: 23 | BA18: =AR18+'1218'!BA18 -> 0 | BN18: 3500 | BO18: =SUM(AR18*BN18) -> 0 | BP18: =BO18+'1218'!BP18 -> 0 | BQ18: =BP18 -> 0 | BR18: 80500
A19: 8 | D19: 設置鍍鋅鋼材烤漆止滑細縫水溝蓋含框 | AE19: 組 | AI19: 8 | BA19: =AR19+'1218'!BA19 -> 0 | BN19: 6250 | BO19: =SUM(AR19*BN19) -> 0 | BP19: =BO19+'1218'!BP19 -> 0 | BQ19: =BP19 -> 0 | BR19: 50000
A20: 9 | D20: 切割打除既有地坪，整地，底土壓實 | AE20: M2 | AI20: 68 | BA20: =AR20+'1218'!BA20 -> 0 | BN20: 1200 | BO20: =SUM(AR20*BN20) -> 0 | BP20: =BO20+'1218'!BP20 -> 0 | BQ20: =BP20 -> 0 | BR20: 81600
A21: 10 | D21: 新設RC地坪與斜坡，面層抿石子 | AE21: M2 | AI21: 68 | BA21: =AR21+'1218'!BA21 -> 0 | BN21: 3000 | BO21: =SUM(AR21*BN21) -> 0 | BP21: =BO21+'1218'!BP21 -> 0 | BQ21: =BP21 -> 0 | BR21: 204000
A22: 11 | D22: 北側圍牆邊陰井新設不鏽鋼沉水馬達220V/110V 1HP以上(含工帶料，需配浮球開關)，抽水至圍牆外水溝 | AE22: 組 | AI22: 1 | BA22: =AR22+'1218'!BA22 -> 0 | BN22: 20000 | BO22: =SUM(AR22*BN22) -> 0 | BP22: =BO22+'1218'!BP22 -> 0 | BQ22: =BP22 -> 0 | BR22: 20000
A23: 12 | D23: 西側既有走廊上水溝格柵蓋板，設置化妝蓋板含框，周邊復原 | AE23: 式 | AI23: 1 | BA23: =AR23+'1218'!BA23 -> 0 | BN23: 68000 | BO23: =SUM(AR23*BN23) -> 0 | BP23: =BO23+'1218'!BP23 -> 0 | BQ23: =BP23 -> 0 | BR23: 68000
... A25: 14 | D25: 材料檢驗費用 | AE25: 式 | AI25: 1 | BA25: =AR25+'1218'!BA25 -> 0 | BN25: 1440 | BO25: =SUM(AR25*BN25) -> 0 | BP25: =BO25+'1218'!BP25 -> 0 | BQ25: =BP25 -> 0 | BR25: 1440
D26: 合計(壹) | BO26: =SUM(BO12:BO25) -> 0 | BP26: =SUM(BP12:BP25) -> 11000 | BQ26: =BP26 -> 11000 | BR26: =SUM(BR12:BR25) -> 776279
A27: 貳 | D27: 職業安全衛生管理費 (壹*1%) | AE27: 式 | AI27: 1 | AR27: =SUM(BO26/BN27) -> 0 | BA27: =AR27+'1218'!BA27 -> 0 | BN27: 7762 | BO27: =SUM(AR27*BN27) -> 0 | BP27: =BO27+'1218'!BP27 -> 0 | BQ27: =BP27 -> 0 | BR27: 7762 | BS27: =SUM(BN27/BR26) -> 0.0099989823
A28: 參 | D28: 工程品質管制作業費 (壹*1%) | AE28: 式 | AI28: 1 | AR28: =SUM(BO26/BN28) -> 0 | BA28: =AR28+'1218'!BA28 -> 0 | BN28: 7763 | BO28: =SUM(AR28*BN28) -> 0 | BP28: =BO28+'1218'!BP28 -> 0 | BQ28: =BP28 -> 0 | BR28: 7763 | BS28: =SUM(BN28/BR26) -> 0.010000271
A29: 肆 | D29: 包商利潤及管理費 (約壹*7%) | AE29: 式 | AI29: 1 | AR29: =SUM(BO26/BN29) -> 0 | BA29: =AR29+'1218'!BA29 -> 0 | BN29: 54338 | BO29: =SUM(AR29*BN29) -> 0 | BP29: =BO29+'1218'!BP29 -> 0 | BQ29: =BP29 -> 0 | BR29: 54338 | BS29: =SUM(BN29/BR26) -> 0.069998029
A30: 伍 | D30: 保險費 | AE30: 式 | AI30: 1 | AR30: 0 | BA30: =AR30+'1218'!BA30 -> 1 | BN30: 3084 | BO30: =SUM(AR30*BN30) -> 0 | BP30: =BO30+'1218'!BP30 -> 3084 | BQ30: =BP30 -> 3084 | BR30: 3084 | BT30: =SUM(BR26:BR30) -> 849226
A31: 陸 | D31: 營業稅 ((壹~伍)*5%) | AE31: 式 | AI31: 1 | AR31: =SUM(BT31/BN31) -> 0 | BA31: =AR31+'1218'!BA31 -> 0 | BN31: 42461 | BO31: =SUM(AR31*BN31) -> 0 | BP31: =BO31+'1218'!BP31 -> 0 | BQ31: =BP31 -> 0 | BR31: 42461 | BS31: =SUM(BN31/BT30) -> 0.049999647 | BT31: =SUM(BO26:BO30) -> 0
D32: 發包工程費合計 (壹~陸) | BO32: =SUM(BO26:BO31) -> 0 | BP32: =SUM(BP26:BP31) -> 14084 | BQ32: =SUM(BQ26:BQ31) -> 14084 | BR32: =SUM(BR26:BR31) -> 891687
D33: 本日合計金額 | AR33: =BO32 -> 0
D34: 累計合計金額 | AR34: =BP32 -> 14084 | BN34: 契約單價金額 | BO34: 本日完成金額 | BP34: 累計完成金額
A35: 營造業專業工程特定施工項目
A36: A.
A37: B.
A38: 二、工地材料管理概況(含約定之重要材料使用情況及數量等)：
A39: 材料名稱 | V39: 單位 | Y39: 設計數量 | AI39: 本日使用數量 | AS39: 累計使用數量 | BC39: 備註
AS40: =AI40+'1218'!AS40 -> 0
AS41: =AI41+'1218'!AS41 -> 0
AS42: =AI42+'1218'!AS42 -> 0
AS43: =AI43+'1218'!AS43 -> 0
AS44: =AI44+'1218'!AS44 -> 0
A45: 三、工地人員及機具管理（含約定之出工人數及機具使用情形及數量）:
A46: 工別 | L46: 本日人數 | V46: 累計人數 | AI46: 機具名稱 | AS46: 本日完成數量 | BC46: 累計完成數量
A47: 技術工 | V47: =L47+'1218'!V47 -> 0 | AI47: 挖土機 | BC47: =AS47+'1218'!BC47 -> 0
A48: 小工 | V48: =L48+'1218'!V48 -> 0 | AI48: 鏟土機 | BC48: =AS48+'1218'!BC48 -> 0
A49: 四、本日施工項目是否有須依「營造業專業工程持定施工項目應置之技術士總類、比率或人數標準表」規定
A50: 應設置技術士之專業工程:□有(施工項目內容: )■無(此項如勾選"有"，則應
A51: 填寫「公共工程施工日誌之技術士簽章表」）
A52: 五、工地勞工安全衛生事項之督導、公共環境與安全之維護及其他工地行政事務：
A53: (一)施工前檢查事項：
A54: 1.實施勤前教育(含工地預防災變及危害告知)：■有 □無
A55: 2.確認新進勞工是否提報勞工保險(或其他商業保險)資料及安全衛生教育訓練紀錄：□有□無■無新進勞工
A56: 3.檢查勞工個人防護具：■有 □無
A57: (二)其他事項：
A58: 六、施工取樣試驗紀錄：
A59: 七、通知協力廠商辦理事項：
A60: 八、重要事項紀錄：星期四依契約規定,本日不計入工期。
A61: 簽章；【工地主任】(註3)
B62: 註1.依營造業法第32第1項第2款規定，工地主任應按日填報施工日誌
B63: 2.本施工日誌格式僅供參考，惟原則應包含上開欄位，各機關亦得依工程性質及契約約定事項自行增訂之。
B64: 3.本工程依營業法第30條規定須置工地主任者，由工地主任簽章；依上開規定免置工地主任者，則由營造業法第32條
B65: 第2項所定之人員簽章。廠商非屬營造業者,由工地負責人簽章。
B66: 4.契約工期如有修正，應填修正後之契約工期，含展延工期及不計工期天數；如有依契約變更設計，預定進度及實際
B67: 進度應填變更設計後計算之進度。
B68: 5.上開重要事項記錄包含(1)主辦機關及監造單位指示波(2)工地遇緊急異常狀況之通報處理情形(3)本日是否由專任工
B69: 程人員督察按圖施工，解決施工技術問題等。
B70: 6.公共工程屬建築物者，請依內政部99年2月5日台內營字第0990800804號令頒之「建築物施工日誌」

Sheet 1220
A1: 公共工程施工日誌
A2: 表報編號： | H2: 6
A3: 本日天氣: | G3: 上午： | K3: 晴 | Q3: 下午: | U3: 晴 | AR3: 日期： | AW3: =SUM(R6+H2)-1 -> 45646 | BH3: =WEEKDAY(AW3) -> 6
A4: 工程名稱 | G4: 113年育英樓排水改善工程 | AN4: 承攬廠商名稱 | AV4: 齊全土木包工業
A5: 核定工期 | J5: 60 | O5: 天 | R5: 累計工期 | Z5: =H2-5 -> 1 | AE5: 天 | AH5: 剩餘工期 | AP5: =J5-Z5 -> 59 | AU5: 天 | AX5: 工期展廷天數 | BK5: 天
A6: 開 工 日 期 | R6: 45641 | AH6: 完 工 日 期 | AX6: =SUM(R6,J5)+31 -> 45732
A7: 本日預定進度(%) | R7: 0 | AH7: 本日實際進度(%) | AX7: =SUM(AR33/BO7) -> 0 | BO7: 891687
A8: 累計預定進度(%) | R8: =R7+'1219'!R8 -> 0.00301 | AH8: 累計實際進度(%) | AX8: =AX7+'1219'!AX8 -> 0.01579478
A9: 一、依施工計劃書執行按圖施工概況(含約定之重要施工項目及完成數量等)等：
A10: 項次 | D10: 施工項目 | AE10: 單位 | AI10: 契約數量 | AR10: 本日完成數量 | BA10: 累計完成數量 | BJ10: 備註 | BN10: 契約單價金額 | BO10: 本日完成金額 | BP10: 累計完成金額 | BR10: 契約總額
A11: 壹. | D11: 直接工程
A12: 1 | D12: 工程告示牌、職業安全衛生告示牌與交通管制設施(租用) | AE12: 式 | AI12: 1 | BA12: =AR12+'1219'!BA12 -> 1 | BN12: 5000 | BO12: =SUM(AR12*BN12) -> 0 | BP12: =BO12+'1219'!BP12 -> 5000 | BQ12: =BP12 -> 5000 | BR12: 5000
A13: 2 | D13: 施工圍籬(租用) | AE13: M | AI13: 74 | BA13: =AR13+'1219'!BA13 -> 15 | BN13: 400 | BO13: =SUM(AR13*BN13) -> 0 | BP13: =BO13+'1219'!BP13 -> 6000 | BQ13: =BP13 -> 6000 | BR13: 29600
A14: 3 | D14: 施工動線開闢及損壞復原 | AE14: 式 | AI14: 1 | BA14: =AR14+'1219'!BA14 -> 0 | BN14: 5000 | BO14: =SUM(AR14*BN14) -> 0 | BP14: =BO14+'1219'!BP14 -> 0 | BQ14: =BP14 -> 0 | BR14: 5000
A15: 4 | D15: 測量與放樣 | AE15: 式 | AI15: 1 | BA15: =AR15+'1219'!BA15 -> 0 | BN15: 5000 | BO15: =SUM(AR15*BN15) -> 0 | BP15: =BO15+'1219'!BP15 -> 0 | BQ15: =BP15 -> 0 | BR15: 5000
A16: 5 | D16: 既有水溝清淤(含移除水溝內樹木竄根)，破損處以樹脂水泥砂漿整平，外側溝壁以樹脂水泥砂漿打底至與鋪面齊平 | AE16: M | AI16: 81 | BA16: =AR16+'1219'!BA16 -> 0 | BN16: 1000 | BO16: =SUM(AR16*BN16) -> 0 | BP16: =BO16+'1219'!BP16 -> 0 | BQ16: =BP16 -> 0 | BR16: 81000
A17: 6 | D17: 既有水溝安裝鍍鋅鋼板 | AE17: M | AI17: 22 | BA17: =AR17+'1219'!BA17 -> 0 | BN17: 4650 | BO17: =SUM(AR17*BN17) -> 0 | BP17: =BO17+'1219'!BP17 -> 0 | BQ17: =BP17 -> 0 | BR17: 102300
A18: 7 | D18: 新設RC水溝 | AE18: M | AI18: 23 | BA18: =AR18+'1219'!BA18 -> 0 | BN18: 3500 | BO18: =SUM(AR18*BN18) -> 0 | BP18: =BO18+'1219'!BP18 -> 0 | BQ18: =BP18 -> 0 | BR18: 80500
A19: 8 | D19: 設置鍍鋅鋼材烤漆止滑細縫水溝蓋含框 | AE19: 組 | AI19: 8 | BA19: =AR19+'1219'!BA19 -> 0 | BN19: 6250 | BO19: =SUM(AR19*BN19) -> 0 | BP19: =BO19+'1219'!BP19 -> 0 | BQ19: =BP19 -> 0 | BR19: 50000
A20: 9 | D20: 切割打除既有地坪，整地，底土壓實 | AE20: M2 | AI20: 68 | BA20: =AR20+'1219'!BA20 -> 0 | BN20: 1200 | BO20: =SUM(AR20*BN20) -> 0 | BP20: =BO20+'1219'!BP20 -> 0 | BQ20: =BP20 -> 0 | BR20: 81600
A21: 10 | D21: 新設RC地坪與斜坡，面層抿石子 | AE21: M2 | AI21: 68 | BA21: =AR21+'1219'!BA21 -> 0 | BN21: 3000 | BO21: =SUM(AR21*BN21) -> 0 | BP21: =BO21+'1219'!BP21 -> 0 | BQ21: =BP21 -> 0 | BR21: 204000
A22: 11 | D22: 北側圍牆邊陰井新設不鏽鋼沉水馬達220V/110V 1HP以上(含工帶料，需配浮球開關)，抽水至圍牆外水溝 | AE22: 組 | AI22: 1 | BA22: =AR22+'1219'!BA22 -> 0 | BN22: 20000 | BO22: =SUM(AR22*BN22) -> 0 | BP22: =BO22+'1219'!BP22 -> 0 | BQ22: =BP22 -> 0 | BR22: 20000
A23: 12 | D23: 西側既有走廊上水溝格柵蓋板，設置化妝蓋板含框，周邊復原 | AE23: 式 | AI23: 1 | BA23: =AR23+'1219'!BA23 -> 0 | BN23: 68000 | BO23: =SUM(AR23*BN23) -> 0 | BP23: =BO23+'1219'!BP23 -> 0 | BQ23: =BP23 -> 0 | BR23: 68000
... A25: 14 | D25: 材料檢驗費用 | AE25: 式 | AI25: 1 | BA25: =AR25+'1219'!BA25 -> 0 | BN25: 1440 | BO25: =SUM(AR25*BN25) -> 0 | BP25: =BO25+'1219'!BP25 -> 0 | BQ25: =BP25 -> 0 | BR25: 1440
D26: 合計(壹) | BO26: =SUM(BO12:BO25) -> 0 | BP26: =SUM(BP12:BP25) -> 11000 | BQ26: =BP26 -> 11000 | BR26: =SUM(BR12:BR25) -> 776279
A27: 貳 | D27: 職業安全衛生管理費 (壹*1%) | AE27: 式 | AI27: 1 | AR27: =SUM(BO26/BN27) -> 0 | BA27: =AR27+'1219'!BA27 -> 0 | BN27: 7762 | BO27: =SUM(AR27*BN27) -> 0 | BP27: =BO27+'1219'!BP27 -> 0 | BQ27: =BP27 -> 0 | BR27: 7762 | BS27: =SUM(BN27/BR26) -> 0.0099989823
A28: 參 | D28: 工程品質管制作業費 (壹*1%) | AE28: 式 | AI28: 1 | AR28: =SUM(BO26/BN28) -> 0 | BA28: =AR28+'1219'!BA28 -> 0 | BN28: 7763 | BO28: =SUM(AR28*BN28) -> 0 | BP28: =BO28+'1219'!BP28 -> 0 | BQ28: =BP28 -> 0 | BR28: 7763 | BS28: =SUM(BN28/BR26) -> 0.010000271
A29: 肆 | D29: 包商利潤及管理費 (約壹*7%) | AE29: 式 | AI29: 1 | AR29: =SUM(BO26/BN29) -> 0 | BA29: =AR29+'1219'!BA29 -> 0 | BN29: 54338 | BO29: =SUM(AR29*BN29) -> 0 | BP29: =BO29+'1219'!BP29 -> 0 | BQ29: =BP29 -> 0 | BR29: 54338 | BS29: =SUM(BN29/BR26) -> 0.069998029
A30: 伍 | D30: 保險費 | AE30: 式 | AI30: 1 | AR30: 0 | BA30: =AR30+'1219'!BA30 -> 1 | BN30: 3084 | BO30: =SUM(AR30*BN30) -> 0 | BP30: =BO30+'1219'!BP30 -> 3084 | BQ30: =BP30 -> 3084 | BR30: 3084 | BT30: =SUM(BR26:BR30) -> 849226
A31: 陸 | D31: 營業稅 ((壹~伍)*5%) | AE31: 式 | AI31: 1 | AR31: =SUM(BT31/BN31) -> 0 | BA31: =AR31+'1219'!BA31 -> 0 | BN31: 42461 | BO31: =SUM(AR31*BN31) -> 0 | BP31: =BO31+'1219'!BP31 -> 0 | BQ31: =BP31 -> 0 | BR31: 42461 | BS31: =SUM(BN31/BT30) -> 0.049999647 | BT31: =SUM(BO26:BO30) -> 0
D32: 發包工程費合計 (壹~陸) | BO32: =SUM(BO26:BO31) -> 0 | BP32: =SUM(BP26:BP31) -> 14084 | BQ32: =SUM(BQ26:BQ31) -> 14084 | BR32: =SUM(BR26:BR31) -> 891687
D33: 本日合計金額 | AR33: =BO32 -> 0
D34: 累計合計金額 | AR34: =BP32 -> 14084 | BN34: 契約單價金額 | BO34: 本日完成金額 | BP34: 累計完成金額
A35: 營造業專業工程特定施工項目
A36: A.
A37: B.
A38: 二、工地材料管理概況(含約定之重要材料使用情況及數量等)：
A39: 材料名稱 | V39: 單位 | Y39: 設計數量 | AI39: 本日使用數量 | AS39: 累計使用數量 | BC39: 備註
AS40: =AI40+'1219'!AS40 -> 0
AS41: =AI41+'1219'!AS41 -> 0
AS42: =AI42+'1219'!AS42 -> 0
AS43: =AI43+'1219'!AS43 -> 0
AS44: =AI44+'1219'!AS44 -> 0
A45: 三、工地人員及機具管理（含約定之出工人數及機具使用情形及數量）:
A46: 工別 | L46: 本日人數 | V46: 累計人數 | AI46: 機具名稱 | AS46: 本日完成數量 | BC46: 累計完成數量
A47: 技術工 | V47: =L47+'1219'!V47 -> 0 | AI47: 挖土機 | BC47: =AS47+'1219'!BC47 -> 0
A48: 小工 | V48: =L48+'1219'!V48 -> 0 | AI48: 鏟土機 | BC48: =AS48+'1219'!BC48 -> 0
A49: 四、本日施工項目是否有須依「營造業專業工程持定施工項目應置之技術士總類、比率或人數標準表」規定
A50: 應設置技術士之專業工程:□有(施工項目內容: )■無(此項如勾選"有"，則應
A51: 填寫「公共工程施工日誌之技術士簽章表」）
A52: 五、工地勞工安全衛生事項之督導、公共環境與安全之維護及其他工地行政事務：
A53: (一)施工前檢查事項：
A54: 1.實施勤前教育(含工地預防災變及危害告知)：■有 □無
A55: 2.確認新進勞工是否提報勞工保險(或其他商業保險)資料及安全衛生教育訓練紀錄：□有□無■無新進勞工
A56: 3.檢查勞工個人防護具：■有 □無
A57: (二)其他事項：
A58: 六、施工取樣試驗紀錄：
A59: 七、通知協力廠商辦理事項：
A60: 八、重要事項紀錄：星期五依契約規定,本日不計入工期。
A61: 簽章；【工地主任】(註3)
B62: 註1.依營造業法第32第1項第2款規定，工地主任應按日填報施工日誌
B63: 2.本施工日誌格式僅供參考，惟原則應包含上開欄位，各機關亦得依工程性質及契約約定事項自行增訂之。
B64: 3.本工程依營業法第30條規定須置工地主任者，由工地主任簽章；依上開規定免置工地主任者，則由營造業法第32條
B65: 第2項所定之人員簽章。廠商非屬營造業者,由工地負責人簽章。
B66: 4.契約工期如有修正，應填修正後之契約工期，含展延工期及不計工期天數；如有依契約變更設計，預定進度及實際
B67: 進度應填變更設計後計算之進度。
B68: 5.上開重要事項記錄包含(1)主辦機關及監造單位指示波(2)工地遇緊急異常狀況之通報處理情形(3)本日是否由專任工
B69: 程人員督察按圖施工，解決施工技術問題等。
B70: 6.公共工程屬建築物者，請依內政部99年2月5日台內營字第0990800804號令頒之「建築物施工日誌」

Sheet 1221
A1: 公共工程施工日誌
A2: 表報編號： | H2: 7
A3: 本日天氣: | G3: 上午： | K3: 晴 | Q3: 下午: | U3: 晴 | AR3: 日期： | AW3: =SUM(R6+H2)-1 -> 45647 | BH3: =WEEKDAY(AW3) -> 7
A4: 工程名稱 | G4: 113年育英樓排水改善工程 | AN4: 承攬廠商名稱 | AV4: 齊全土木包工業
A5: 核定工期 | J5: 60 | O5: 天 | R5: 累計工期 | Z5: =H2-5 -> 2 | AE5: 天 | AH5: 剩餘工期 | AP5: =J5-Z5 -> 58 | AU5: 天 | AX5: 工期展廷天數 | BK5: 天
A6: 開 工 日 期 | R6: 45641 | AH6: 完 工 日 期 | AX6: =SUM(R6,J5)+31 -> 45732
A7: 本日預定進度(%) | R7: 0.00301 | AH7: 本日實際進度(%) | AX7: =SUM(AR33/BO7) -> 0 | BO7: 891687
A8: 累計預定進度(%) | R8: =R7+'1220'!R8 -> 0.00602 | AH8: 累計實際進度(%) | AX8: =AX7+'1220'!AX8 -> 0.01579478
A9: 一、依施工計劃書執行按圖施工概況(含約定之重要施工項目及完成數量等)等：
A10: 項次 | D10: 施工項目 | AE10: 單位 | AI10: 契約數量 | AR10: 本日完成數量 | BA10: 累計完成數量 | BJ10: 備註 | BN10: 契約單價金額 | BO10: 本日完成金額 | BP10: 累計完成金額 | BR10: 契約總額
A11: 壹. | D11: 直接工程
A12: 1 | D12: 工程告示牌、職業安全衛生告示牌與交通管制設施(租用) | AE12: 式 | AI12: 1 | BA12: =AR12+'1220'!BA12 -> 1 | BN12: 5000 | BO12: =SUM(AR12*BN12) -> 0 | BP12: =BO12+'1220'!BP12 -> 5000 | BQ12: =BP12 -> 5000 | BR12: 5000
A13: 2 | D13: 施工圍籬(租用) | AE13: M | AI13: 74 | BA13: =AR13+'1220'!BA13 -> 15 | BN13: 400 | BO13: =SUM(AR13*BN13) -> 0 | BP13: =BO13+'1220'!BP13 -> 6000 | BQ13: =BP13 -> 6000 | BR13: 29600
A14: 3 | D14: 施工動線開闢及損壞復原 | AE14: 式 | AI14: 1 | BA14: =AR14+'1220'!BA14 -> 0 | BN14: 5000 | BO14: =SUM(AR14*BN14) -> 0 | BP14: =BO14+'1220'!BP14 -> 0 | BQ14: =BP14 -> 0 | BR14: 5000
A15: 4 | D15: 測量與放樣 | AE15: 式 | AI15: 1 | BA15: =AR15+'1220'!BA15 -> 0 | BN15: 5000 | BO15: =SUM(AR15*BN15) -> 0 | BP15: =BO15+'1220'!BP15 -> 0 | BQ15: =BP15 -> 0 | BR15: 5000
A16: 5 | D16: 既有水溝清淤(含移除水溝內樹木竄根)，破損處以樹脂水泥砂漿整平，外側溝壁以樹脂水泥砂漿打底至與鋪面齊平 | AE16: M | AI16: 81 | BA16: =AR16+'1220'!BA16 -> 0 | BN16: 1000 | BO16: =SUM(AR16*BN16) -> 0 | BP16: =BO16+'1220'!BP16 -> 0 | BQ16: =BP16 -> 0 | BR16: 81000
A17: 6 | D17: 既有水溝安裝鍍鋅鋼板 | AE17: M | AI17: 22 | BA17: =AR17+'1220'!BA17 -> 0 | BN17: 4650 | BO17: =SUM(AR17*BN17) -> 0 | BP17: =BO17+'1220'!BP17 -> 0 | BQ17: =BP17 -> 0 | BR17: 102300
A18: 7 | D18: 新設RC水溝 | AE18: M | AI18: 23 | BA18: =AR18+'1220'!BA18 -> 0 | BN18: 3500 | BO18: =SUM(AR18*BN18) -> 0 | BP18: =BO18+'1220'!BP18 -> 0 | BQ18: =BP18 -> 0 | BR18: 80500
A19: 8 | D19: 設置鍍鋅鋼材烤漆止滑細縫水溝蓋含框 | AE19: 組 | AI19: 8 | BA19: =AR19+'1220'!BA19 -> 0 | BN19: 6250 | BO19: =SUM(AR19*BN19) -> 0 | BP19: =BO19+'1220'!BP19 -> 0 | BQ19: =BP19 -> 0 | BR19: 50000
A20: 9 | D20: 切割打除既有地坪，整地，底土壓實 | AE20: M2 | AI20: 68 | BA20: =AR20+'1220'!BA20 -> 0 | BN20: 1200 | BO20: =SUM(AR20*BN20) -> 0 | BP20: =BO20+'1220'!BP20 -> 0 | BQ20: =BP20 -> 0 | BR20: 81600
A21: 10 | D21: 新設RC地坪與斜坡，面層抿石子 | AE21: M2 | AI21: 68 | BA21: =AR21+'1220'!BA21 -> 0 | BN21: 3000 | BO21: =SUM(AR21*BN21) -> 0 | BP21: =BO21+'1220'!BP21 -> 0 | BQ21: =BP21 -> 0 | BR21: 204000
A22: 11 | D22: 北側圍牆邊陰井新設不鏽鋼沉水馬達220V/110V 1HP以上(含工帶料，需配浮球開關)，抽水至圍牆外水溝 | AE22: 組 | AI22: 1 | BA22: =AR22+'1220'!BA22 -> 0 | BN22: 20000 | BO22: =SUM(AR22*BN22) -> 0 | BP22: =BO22+'1220'!BP22 -> 0 | BQ22: =BP22 -> 0 | BR22: 20000
A23: 12 | D23: 西側既有走廊上水溝格柵蓋板，設置化妝蓋板含框，周邊復原 | AE23: 式 | AI23: 1 | BA23: =AR23+'1220'!BA23 -> 0 | BN23: 68000 | BO23: =SUM(AR23*BN23) -> 0 | BP23: =BO23+'1220'!BP23 -> 0 | BQ23: =BP23 -> 0 | BR23: 68000
... A25: 14 | D25: 材料檢驗費用 | AE25: 式 | AI25: 1 | BA25: =AR25+'1220'!BA25 -> 0 | BN25: 1440 | BO25: =SUM(AR25*BN25) -> 0 | BP25: =BO25+'1220'!BP25 -> 0 | BQ25: =BP25 -> 0 | BR25: 1440
D26: 合計(壹) | BO26: =SUM(BO12:BO25) -> 0 | BP26: =SUM(BP12:BP25) -> 11000 | BQ26: =BP26 -> 11000 | BR26: =SUM(BR12:BR25) -> 776279
A27: 貳 | D27: 職業安全衛生管理費 (壹*1%) | AE27: 式 | AI27: 1 | AR27: =SUM(BO26/BN27) -> 0 | BA27: =AR27+'1220'!BA27 -> 0 | BN27: 7762 | BO27: =SUM(AR27*BN27) -> 0 | BP27: =BO27+'1220'!BP27 -> 0 | BQ27: =BP27 -> 0 | BR27: 7762 | BS27: =SUM(BN27/BR26) -> 0.0099989823
A28: 參 | D28: 工程品質管制作業費 (壹*1%) | AE28: 式 | AI28: 1 | AR28: =SUM(BO26/BN28) -> 0 | BA28: =AR28+'1220'!BA28 -> 0 | BN28: 7763 | BO28: =SUM(AR28*BN28) -> 0 | BP28: =BO28+'1220'!BP28 -> 0 | BQ28: =BP28 -> 0 | BR28: 7763 | BS28: =SUM(BN28/BR26) -> 0.010000271
A29: 肆 | D29: 包商利潤及管理費 (約壹*7%) | AE29: 式 | AI29: 1 | AR29: =SUM(BO26/BN29) -> 0 | BA29: =AR29+'1220'!BA29 -> 0 | BN29: 54338 | BO29: =SUM(AR29*BN29) -> 0 | BP29: =BO29+'1220'!BP29 -> 0 | BQ29: =BP29 -> 0 | BR29: 54338 | BS29: =SUM(BN29/BR26) -> 0.069998029
A30: 伍 | D30: 保險費 | AE30: 式 | AI30: 1 | AR30: 0 | BA30: =AR30+'1220'!BA30 -> 1 | BN30: 3084 | BO30: =SUM(AR30*BN30) -> 0 | BP30: =BO30+'1220'!BP30 -> 3084 | BQ30: =BP30 -> 3084 | BR30: 3084 | BT30: =SUM(BR26:BR30) -> 849226
A31: 陸 | D31: 營業稅 ((壹~伍)*5%) | AE31: 式 | AI31: 1 | AR31: =SUM(BT31/BN31) -> 0 | BA31: =AR31+'1220'!BA31 -> 0 | BN31: 42461 | BO31: =SUM(AR31*BN31) -> 0 | BP31: =BO31+'1220'!BP31 -> 0 | BQ31: =BP31 -> 0 | BR31: 42461 | BS31: =SUM(BN31/BT30) -> 0.049999647 | BT31: =SUM(BO26:BO30) -> 0
D32: 發包工程費合計 (壹~陸) | BO32: =SUM(BO26:BO31) -> 0 | BP32: =SUM(BP26:BP31) -> 14084 | BQ32: =SUM(BQ26:BQ31) -> 14084 | BR32: =SUM(BR26:BR31) -> 891687
D33: 本日合計金額 | AR33: =BO32 -> 0
D34: 累計合計金額 | AR34: =BP32 -> 14084 | BN34: 契約單價金額 | BO34: 本日完成金額 | BP34: 累計完成金額
A35: 營造業專業工程特定施工項目
A36: A.
A37: B.
A38: 二、工地材料管理概況(含約定之重要材料使用情況及數量等)：
A39: 材料名稱 | V39: 單位 | Y39: 設計數量 | AI39: 本日使用數量 | AS39: 累計使用數量 | BC39: 備註
AS40: =AI40+'1220'!AS40 -> 0
AS41: =AI41+'1220'!AS41 -> 0
AS42: =AI42+'1220'!AS42 -> 0
AS43: =AI43+'1220'!AS43 -> 0
AS44: =AI44+'1220'!AS44 -> 0
A45: 三、工地人員及機具管理（含約定之出工人數及機具使用情形及數量）:
A46: 工別 | L46: 本日人數 | V46: 累計人數 | AI46: 機具名稱 | AS46: 本日完成數量 | BC46: 累計完成數量
A47: 技術工 | V47: =L47+'1220'!V47 -> 0 | AI47: 挖土機 | BC47: =AS47+'1220'!BC47 -> 0
A48: 小工 | V48: =L48+'1220'!V48 -> 0 | AI48: 鏟土機 | BC48: =AS48+'1220'!BC48 -> 0
A49: 四、本日施工項目是否有須依「營造業專業工程持定施工項目應置之技術士總類、比率或人數標準表」規定
A50: 應設置技術士之專業工程:□有(施工項目內容: )■無(此項如勾選"有"，則應
A51: 填寫「公共工程施工日誌之技術士簽章表」）
A52: 五、工地勞工安全衛生事項之督導、公共環境與安全之維護及其他工地行政事務：
A53: (一)施工前檢查事項：
A54: 1.實施勤前教育(含工地預防災變及危害告知)：■有 □無
A55: 2.確認新進勞工是否提報勞工保險(或其他商業保險)資料及安全衛生教育訓練紀錄：□有□無■無新進勞工
A56: 3.檢查勞工個人防護具：■有 □無
A57: (二)其他事項：
A58: 六、施工取樣試驗紀錄：
A59: 七、通知協力廠商辦理事項：
A60: 八、重要事項紀錄：備料
A61: 簽章；【工地主任】(註3)
B62: 註1.依營造業法第32第1項第2款規定，工地主任應按日填報施工日誌
B63: 2.本施工日誌格式僅供參考，惟原則應包含上開欄位，各機關亦得依工程性質及契約約定事項自行增訂之。
B64: 3.本工程依營業法第30條規定須置工地主任者，由工地主任簽章；依上開規定免置工地主任者，則由營造業法第32條
B65: 第2項所定之人員簽章。廠商非屬營造業者,由工地負責人簽章。
B66: 4.契約工期如有修正，應填修正後之契約工期，含展延工期及不計工期天數；如有依契約變更設計，預定進度及實際
B67: 進度應填變更設計後計算之進度。
B68: 5.上開重要事項記錄包含(1)主辦機關及監造單位指示波(2)工地遇緊急異常狀況之通報處理情形(3)本日是否由專任工
B69: 程人員督察按圖施工，解決施工技術問題等。
B70: 6.公共工程屬建築物者，請依內政部99年2月5日台內營字第0990800804號令頒之「建築物施工日誌」

Sheet 1222
A1: 公共工程施工日誌
A2: 表報編號： | H2: 8
A3: 本日天氣: | G3: 上午： | K3: 晴 | Q3: 下午: | U3: 晴 | AR3: 日期： | AW3: =SUM(R6+H2)-1 -> 45648 | BH3: =WEEKDAY(AW3) -> 1
A4: 工程名稱 | G4: 113年育英樓排水改善工程 | AN4: 承攬廠商名稱 | AV4: 齊全土木包工業
A5: 核定工期 | J5: 60 | O5: 天 | R5: 累計工期 | Z5: =H2-5 -> 3 | AE5: 天 | AH5: 剩餘工期 | AP5: =J5-Z5 -> 57 | AU5: 天 | AX5: 工期展廷天數 | BK5: 天
A6: 開 工 日 期 | R6: 45641 | AH6: 完 工 日 期 | AX6: =SUM(R6,J5)+31 -> 45732
A7: 本日預定進度(%) | R7: 0.00301 | AH7: 本日實際進度(%) | AX7: =SUM(AR33/BO7) -> 0 | BO7: 891687
A8: 累計預定進度(%) | R8: =R7+'1221'!R8 -> 0.00903 | AH8: 累計實際進度(%) | AX8: =AX7+'1221'!AX8 -> 0.01579478
A9: 一、依施工計劃書執行按圖施工概況(含約定之重要施工項目及完成數量等)等：
A10: 項次 | D10: 施工項目 | AE10: 單位 | AI10: 契約數量 | AR10: 本日完成數量 | BA10: 累計完成數量 | BJ10: 備註 | BN10: 契約單價金額 | BO10: 本日完成金額 | BP10: 累計完成金額 | BR10: 契約總額
A11: 壹. | D11: 直接工程
A12: 1 | D12: 工程告示牌、職業安全衛生告示牌與交通管制設施(租用) | AE12: 式 | AI12: 1 | BA12: =AR12+'1221'!BA12 -> 1 | BN12: 5000 | BO12: =SUM(AR12*BN12) -> 0 | BP12: =BO12+'1221'!BP12 -> 5000 | BQ12: =BP12 -> 5000 | BR12: 5000
A13: 2 | D13: 施工圍籬(租用) | AE13: M | AI13: 74 | BA13: =AR13+'1221'!BA13 -> 15 | BN13: 400 | BO13: =SUM(AR13*BN13) -> 0 | BP13: =BO13+'1221'!BP13 -> 6000 | BQ13: =BP13 -> 6000 | BR13: 29600
A14: 3 | D14: 施工動線開闢及損壞復原 | AE14: 式 | AI14: 1 | BA14: =AR14+'1221'!BA14 -> 0 | BN14: 5000 | BO14: =SUM(AR14*BN14) -> 0 | BP14: =BO14+'1221'!BP14 -> 0 | BQ14: =BP14 -> 0 | BR14: 5000
A15: 4 | D15: 測量與放樣 | AE15: 式 | AI15: 1 | BA15: =AR15+'1221'!BA15 -> 0 | BN15: 5000 | BO15: =SUM(AR15*BN15) -> 0 | BP15: =BO15+'1221'!BP15 -> 0 | BQ15: =BP15 -> 0 | BR15: 5000
A16: 5 | D16: 既有水溝清淤(含移除水溝內樹木竄根)，破損處以樹脂水泥砂漿整平，外側溝壁以樹脂水泥砂漿打底至與鋪面齊平 | AE16: M | AI16: 81 | BA16: =AR16+'1221'!BA16 -> 0 | BN16: 1000 | BO16: =SUM(AR16*BN16) -> 0 | BP16: =BO16+'1221'!BP16 -> 0 | BQ16: =BP16 -> 0 | BR16: 81000
A17: 6 | D17: 既有水溝安裝鍍鋅鋼板 | AE17: M | AI17: 22 | BA17: =AR17+'1221'!BA17 -> 0 | BN17: 4650 | BO17: =SUM(AR17*BN17) -> 0 | BP17: =BO17+'1221'!BP17 -> 0 | BQ17: =BP17 -> 0 | BR17: 102300
A18: 7 | D18: 新設RC水溝 | AE18: M | AI18: 23 | BA18: =AR18+'1221'!BA18 -> 0 | BN18: 3500 | BO18: =SUM(AR18*BN18) -> 0 | BP18: =BO18+'1221'!BP18 -> 0 | BQ18: =BP18 -> 0 | BR18: 80500
A19: 8 | D19: 設置鍍鋅鋼材烤漆止滑細縫水溝蓋含框 | AE19: 組 | AI19: 8 | BA19: =AR19+'1221'!BA19 -> 0 | BN19: 6250 | BO19: =SUM(AR19*BN19) -> 0 | BP19: =BO19+'1221'!BP19 -> 0 | BQ19: =BP19 -> 0 | BR19: 50000
A20: 9 | D20: 切割打除既有地坪，整地，底土壓實 | AE20: M2 | AI20: 68 | BA20: =AR20+'1221'!BA20 -> 0 | BN20: 1200 | BO20: =SUM(AR20*BN20) -> 0 | BP20: =BO20+'1221'!BP20 -> 0 | BQ20: =BP20 -> 0 | BR20: 81600
A21: 10 | D21: 新設RC地坪與斜坡，面層抿石子 | AE21: M2 | AI21: 68 | BA21: =AR21+'1221'!BA21 -> 0 | BN21: 3000 | BO21: =SUM(AR21*BN21) -> 0 | BP21: =BO21+'1221'!BP21 -> 0 | BQ21: =BP21 -> 0 | BR21: 204000
A22: 11 | D22: 北側圍牆邊陰井新設不鏽鋼沉水馬達220V/110V 1HP以上(含工帶料，需配浮球開關)，抽水至圍牆外水溝 | AE22: 組 | AI22: 1 | BA22: =AR22+'1221'!BA22 -> 0 | BN22: 20000 | BO22: =SUM(AR22*BN22) -> 0 | BP22: =BO22+'1221'!BP22 -> 0 | BQ22: =BP22 -> 0 | BR22: 20000
A23: 12 | D23: 西側既有走廊上水溝格柵蓋板，設置化妝蓋板含框，周邊復原 | AE23: 式 | AI23: 1 | BA23: =AR23+'1221'!BA23 -> 0 | BN23: 68000 | BO23: =SUM(AR23*BN23) -> 0 | BP23: =BO23+'1221'!BP23 -> 0 | BQ23: =BP23 -> 0 | BR23: 68000
... A25: 14 | D25: 材料檢驗費用 | AE25: 式 | AI25: 1 | BA25: =AR25+'1221'!BA25 -> 0 | BN25: 1440 | BO25: =SUM(AR25*BN25) -> 0 | BP25: =BO25+'1221'!BP25 -> 0 | BQ25: =BP25 -> 0 | BR25: 1440
D26: 合計(壹) | BO26: =SUM(BO12:BO25) -> 0 | BP26: =SUM(BP12:BP25) -> 11000 | BQ26: =BP26 -> 11000 | BR26: =SUM(BR12:BR25) -> 776279
A27: 貳 | D27: 職業安全衛生管理費 (壹*1%) | AE27: 式 | AI27: 1 | AR27: =SUM(BO26/BN27) -> 0 | BA27: =AR27+'1221'!BA27 -> 0 | BN27: 7762 | BO27: =SUM(AR27*BN27) -> 0 | BP27: =BO27+'1221'!BP27 -> 0 | BQ27: =BP27 -> 0 | BR27: 7762 | BS27: =SUM(BN27/BR26) -> 0.0099989823
A28: 參 | D28: 工程品質管制作業費 (壹*1%) | AE28: 式 | AI28: 1 | AR28: =SUM(BO26/BN28) -> 0 | BA28: =AR28+'1221'!BA28 -> 0 | BN28: 7763 | BO28: =SUM(AR28*BN28) -> 0 | BP28: =BO28+'1221'!BP28 -> 0 | BQ28: =BP28 -> 0 | BR28: 7763 | BS28: =SUM(BN28/BR26) -> 0.010000271
A29: 肆 | D29: 包商利潤及管理費 (約壹*7%) | AE29: 式 | AI29: 1 | AR29: =SUM(BO26/BN29) -> 0 | BA29: =AR29+'1221'!BA29 -> 0 | BN29: 54338 | BO29: =SUM(AR29*BN29) -> 0 | BP29: =BO29+'1221'!BP29 -> 0 | BQ29: =BP29 -> 0 | BR29: 54338 | BS29: =SUM(BN29/BR26) -> 0.069998029
A30: 伍 | D30: 保險費 | AE30: 式 | AI30: 1 | AR30: 0 | BA30: =AR30+'1221'!BA30 -> 1 | BN30: 3084 | BO30: =SUM(AR30*BN30) -> 0 | BP30: =BO30+'1221'!BP30 -> 3084 | BQ30: =BP30 -> 3084 | BR30: 3084 | BT30: =SUM(BR26:BR30) -> 849226
A31: 陸 | D31: 營業稅 ((壹~伍)*5%) | AE31: 式 | AI31: 1 | AR31: =SUM(BT31/BN31) -> 0 | BA31: =AR31+'1221'!BA31 -> 0 | BN31: 42461 | BO31: =SUM(AR31*BN31) -> 0 | BP31: =BO31+'1221'!BP31 -> 0 | BQ31: =BP31 -> 0 | BR31: 42461 | BS31: =SUM(BN31/BT30) -> 0.049999647 | BT31: =SUM(BO26:BO30) -> 0
D32: 發包工程費合計 (壹~陸) | BO32: =SUM(BO26:BO31) -> 0 | BP32: =SUM(BP26:BP31) -> 14084 | BQ32: =SUM(BQ26:BQ31) -> 14084 | BR32: =SUM(BR26:BR31) -> 891687
D33: 本日合計金額 | AR33: =BO32 -> 0
D34: 累計合計金額 | AR34: =BP32 -> 14084 | BN34: 契約單價金額 | BO34: 本日完成金額 | BP34: 累計完成金額
A35: 營造業專業工程特定施工項目
A36: A.
A37: B.
A38: 二、工地材料管理概況(含約定之重要材料使用情況及數量等)：
A39: 材料名稱 | V39: 單位 | Y39: 設計數量 | AI39: 本日使用數量 | AS39: 累計使用數量 | BC39: 備註
AS40: =AI40+'1221'!AS40 -> 0
AS41: =AI41+'1221'!AS41 -> 0
AS42: =AI42+'1221'!AS42 -> 0
AS43: =AI43+'1221'!AS43 -> 0
AS44: =AI44+'1221'!AS44 -> 0
A45: 三、工地人員及機具管理（含約定之出工人數及機具使用情形及數量）:
A46: 工別 | L46: 本日人數 | V46: 累計人數 | AI46: 機具名稱 | AS46: 本日完成數量 | BC46: 累計完成數量
A47: 技術工 | V47: =L47+'1221'!V47 -> 0 | AI47: 挖土機 | BC47: =AS47+'1221'!BC47 -> 0
A48: 小工 | V48: =L48+'1221'!V48 -> 0 | AI48: 鏟土機 | BC48: =AS48+'1221'!BC48 -> 0
A49: 四、本日施工項目是否有須依「營造業專業工程持定施工項目應置之技術士總類、比率或人數標準表」規定
A50: 應設置技術士之專業工程:□有(施工項目內容: )■無(此項如勾選"有"，則應
A51: 填寫「公共工程施工日誌之技術士簽章表」）
A52: 五、工地勞工安全衛生事項之督導、公共環境與安全之維護及其他工地行政事務：
A53: (一)施工前檢查事項：
A54: 1.實施勤前教育(含工地預防災變及危害告知)：■有 □無
A55: 2.確認新進勞工是否提報勞工保險(或其他商業保險)資料及安全衛生教育訓練紀錄：□有□無■無新進勞工
A56: 3.檢查勞工個人防護具：■有 □無
A57: (二)其他事項：
A58: 六、施工取樣試驗紀錄：
A59: 七、通知協力廠商辦理事項：
A60: 八、重要事項紀錄：備料
A61: 簽章；【工地主任】(註3)
B62: 註1.依營造業法第32第1項第2款規定，工地主任應按日填報施工日誌
B63: 2.本施工日誌格式僅供參考，惟原則應包含上開欄位，各機關亦得依工程性質及契約約定事項自行增訂之。
B64: 3.本工程依營業法第30條規定須置工地主任者，由工地主任簽章；依上開規定免置工地主任者，則由營造業法第32條
B65: 第2項所定之人員簽章。廠商非屬營造業者,由工地負責人簽章。
B66: 4.契約工期如有修正，應填修正後之契約工期，含展延工期及不計工期天數；如有依契約變更設計，預定進度及實際
B67: 進度應填變更設計後計算之進度。
B68: 5.上開重要事項記錄包含(1)主辦機關及監造單位指示波(2)工地遇緊急異常狀況之通報處理情形(3)本日是否由專任工
B69: 程人員督察按圖施工，解決施工技術問題等。
B70: 6.公共工程屬建築物者，請依內政部99年2月5日台內營字第0990800804號令頒之「建築物施工日誌」

Sheet 1223
A1: 公共工程施工日誌
A2: 表報編號： | H2: 9
A3: 本日天氣: | G3: 上午： | K3: 晴 | Q3: 下午: | U3: 晴 | AR3: 日期： | AW3: =SUM(R6+H2)-1 -> 45649 | BH3: =WEEKDAY(AW3) -> 2
A4: 工程名稱 | G4: 113年育英樓排水改善工程 | AN4: 承攬廠商名稱 | AV4: 齊全土木包工業
A5: 核定工期 | J5: 60 | O5: 天 | R5: 累計工期 | Z5: =H2-6 -> 3 | AE5: 天 | AH5: 剩餘工期 | AP5: =J5-Z5 -> 57 | AU5: 天 | AX5: 工期展廷天數 | BK5: 天
A6: 開 工 日 期 | R6: 45641 | AH6: 完 工 日 期 | AX6: =SUM(R6,J5)+31 -> 45732
A7: 本日預定進度(%) | R7: 0 | AH7: 本日實際進度(%) | AX7: =SUM(AR33/BO7) -> 0 | BO7: 891687
A8: 累計預定進度(%) | R8: =R7+'1222'!R8 -> 0.00903 | AH8: 累計實際進度(%) | AX8: =AX7+'1222'!AX8 -> 0.01579478
A9: 一、依施工計劃書執行按圖施工概況(含約定之重要施工項目及完成數量等)等：
A10: 項次 | D10: 施工項目 | AE10: 單位 | AI10: 契約數量 | AR10: 本日完成數量 | BA10: 累計完成數量 | BJ10: 備註 | BN10: 契約單價金額 | BO10: 本日完成金額 | BP10: 累計完成金額 | BR10: 契約總額
A11: 壹. | D11: 直接工程
A12: 1 | D12: 工程告示牌、職業安全衛生告示牌與交通管制設施(租用) | AE12: 式 | AI12: 1 | BA12: =AR12+'1222'!BA12 -> 1 | BN12: 5000 | BO12: =SUM(AR12*BN12) -> 0 | BP12: =BO12+'1222'!BP12 -> 5000 | BQ12: =BP12 -> 5000 | BR12: 5000
A13: 2 | D13: 施工圍籬(租用) | AE13: M | AI13: 74 | BA13: =AR13+'1222'!BA13 -> 15 | BN13: 400 | BO13: =SUM(AR13*BN13) -> 0 | BP13: =BO13+'1222'!BP13 -> 6000 | BQ13: =BP13 -> 6000 | BR13: 29600
A14: 3 | D14: 施工動線開闢及損壞復原 | AE14: 式 | AI14: 1 | BA14: =AR14+'1222'!BA14 -> 0 | BN14: 5000 | BO14: =SUM(AR14*BN14) -> 0 | BP14: =BO14+'1222'!BP14 -> 0 | BQ14: =BP14 -> 0 | BR14: 5000
A15: 4 | D15: 測量與放樣 | AE15: 式 | AI15: 1 | BA15: =AR15+'1222'!BA15 -> 0 | BN15: 5000 | BO15: =SUM(AR15*BN15) -> 0 | BP15: =BO15+'1222'!BP15 -> 0 | BQ15: =BP15 -> 0 | BR15: 5000
A16: 5 | D16: 既有水溝清淤(含移除水溝內樹木竄根)，破損處以樹脂水泥砂漿整平，外側溝壁以樹脂水泥砂漿打底至與鋪面齊平 | AE16: M | AI16: 81 | BA16: =AR16+'1222'!BA16 -> 0 | BN16: 1000 | BO16: =SUM(AR16*BN16) -> 0 | BP16: =BO16+'1222'!BP16 -> 0 | BQ16: =BP16 -> 0 | BR16: 81000
A17: 6 | D17: 既有水溝安裝鍍鋅鋼板 | AE17: M | AI17: 22 | BA17: =AR17+'1222'!BA17 -> 0 | BN17: 4650 | BO17: =SUM(AR17*BN17) -> 0 | BP17: =BO17+'1222'!BP17 -> 0 | BQ17: =BP17 -> 0 | BR17: 102300
A18: 7 | D18: 新設RC水溝 | AE18: M | AI18: 23 | BA18: =AR18+'1222'!BA18 -> 0 | BN18: 3500 | BO18: =SUM(AR18*BN18) -> 0 | BP18: =BO18+'1222'!BP18 -> 0 | BQ18: =BP18 -> 0 | BR18: 80500
A19: 8 | D19: 設置鍍鋅鋼材烤漆止滑細縫水溝蓋含框 | AE19: 組 | AI19: 8 | BA19: =AR19+'1222'!BA19 -> 0 | BN19: 6250 | BO19: =SUM(AR19*BN19) -> 0 | BP19: =BO19+'1222'!BP19 -> 0 | BQ19: =BP19 -> 0 | BR19: 50000
A20: 9 | D20: 切割打除既有地坪，整地，底土壓實 | AE20: M2 | AI20: 68 | BA20: =AR20+'1222'!BA20 -> 0 | BN20: 1200 | BO20: =SUM(AR20*BN20) -> 0 | BP20: =BO20+'1222'!BP20 -> 0 | BQ20: =BP20 -> 0 | BR20: 81600
A21: 10 | D21: 新設RC地坪與斜坡，面層抿石子 | AE21: M2 | AI21: 68 | BA21: =AR21+'1222'!BA21 -> 0 | BN21: 3000 | BO21: =SUM(AR21*BN21) -> 0 | BP21: =BO21+'1222'!BP21 -> 0 | BQ21: =BP21 -> 0 | BR21: 204000
A22: 11 | D22: 北側圍牆邊陰井新設不鏽鋼沉水馬達220V/110V 1HP以上(含工帶料，需配浮球開關)，抽水至圍牆外水溝 | AE22: 組 | AI22: 1 | BA22: =AR22+'1222'!BA22 -> 0 | BN22: 20000 | BO22: =SUM(AR22*BN22) -> 0 | BP22: =BO22+'1222'!BP22 -> 0 | BQ22: =BP22 -> 0 | BR22: 20000
A23: 12 | D23: 西側既有走廊上水溝格柵蓋板，設置化妝蓋板含框，周邊復原 | AE23: 式 | AI23: 1 | BA23: =AR23+'1222'!BA23 -> 0 | BN23: 68000 | BO23: =SUM(AR23*BN23) -> 0 | BP23: =BO23+'1222'!BP23 -> 0 | BQ23: =BP23 -> 0 | BR23: 68000
... A25: 14 | D25: 材料檢驗費用 | AE25: 式 | AI25: 1 | BA25: =AR25+'1222'!BA25 -> 0 | BN25: 1440 | BO25: =SUM(AR25*BN25) -> 0 | BP25: =BO25+'1222'!BP25 -> 0 | BQ25: =BP25 -> 0 | BR25: 1440
D26: 合計(壹) | BO26: =SUM(BO12:BO25) -> 0 | BP26: =SUM(BP12:BP25) -> 11000 | BQ26: =BP26 -> 11000 | BR26: =SUM(BR12:BR25) -> 776279
A27: 貳 | D27: 職業安全衛生管理費 (壹*1%) | AE27: 式 | AI27: 1 | AR27: =SUM(BO26/BN27) -> 0 | BA27: =AR27+'1222'!BA27 -> 0 | BN27: 7762 | BO27: =SUM(AR27*BN27) -> 0 | BP27: =BO27+'1222'!BP27 -> 0 | BQ27: =BP27 -> 0 | BR27: 7762 | BS27: =SUM(BN27/BR26) -> 0.0099989823
A28: 參 | D28: 工程品質管制作業費 (壹*1%) | AE28: 式 | AI28: 1 | AR28: =SUM(BO26/BN28) -> 0 | BA28: =AR28+'1222'!BA28 -> 0 | BN28: 7763 | BO28: =SUM(AR28*BN28) -> 0 | BP28: =BO28+'1222'!BP28 -> 0 | BQ28: =BP28 -> 0 | BR28: 7763 | BS28: =SUM(BN28/BR26) -> 0.010000271
A29: 肆 | D29: 包商利潤及管理費 (約壹*7%) | AE29: 式 | AI29: 1 | AR29: =SUM(BO26/BN29) -> 0 | BA29: =AR29+'1222'!BA29 -> 0 | BN29: 54338 | BO29: =SUM(AR29*BN29) -> 0 | BP29: =BO29+'1222'!BP29 -> 0 | BQ29: =BP29 -> 0 | BR29: 54338 | BS29: =SUM(BN29/BR26) -> 0.069998029
A30: 伍 | D30: 保險費 | AE30: 式 | AI30: 1 | AR30: 0 | BA30: =AR30+'1222'!BA30 -> 1 | BN30: 3084 | BO30: =SUM(AR30*BN30) -> 0 | BP30: =BO30+'1222'!BP30 -> 3084 | BQ30: =BP30 -> 3084 | BR30: 3084 | BT30: =SUM(BR26:BR30) -> 849226
A31: 陸 | D31: 營業稅 ((壹~伍)*5%) | AE31: 式 | AI31: 1 | AR31: =SUM(BT31/BN31) -> 0 | BA31: =AR31+'1222'!BA31 -> 0 | BN31: 42461 | BO31: =SUM(AR31*BN31) -> 0 | BP31: =BO31+'1222'!BP31 -> 0 | BQ31: =BP31 -> 0 | BR31: 42461 | BS31: =SUM(BN31/BT30) -> 0.049999647 | BT31: =SUM(BO26:BO30) -> 0
D32: 發包工程費合計 (壹~陸) | BO32: =SUM(BO26:BO31) -> 0 | BP32: =SUM(BP26:BP31) -> 14084 | BQ32: =SUM(BQ26:BQ31) -> 14084 | BR32: =SUM(BR26:BR31) -> 891687
D33: 本日合計金額 | AR33: =BO32 -> 0
D34: 累計合計金額 | AR34: =BP32 -> 14084 | BN34: 契約單價金額 | BO34: 本日完成金額 | BP34: 累計完成金額
A35: 營造業專業工程特定施工項目
A36: A.
A37: B.
A38: 二、工地材料管理概況(含約定之重要材料使用情況及數量等)：
A39: 材料名稱 | V39: 單位 | Y39: 設計數量 | AI39: 本日使用數量 | AS39: 累計使用數量 | BC39: 備註
AS40: =AI40+'1222'!AS40 -> 0
AS41: =AI41+'1222'!AS41 -> 0
AS42: =AI42+'1222'!AS42 -> 0
AS43: =AI43+'1222'!AS43 -> 0
AS44: =AI44+'1222'!AS44 -> 0
A45: 三、工地人員及機具管理（含約定之出工人數及機具使用情形及數量）:
A46: 工別 | L46: 本日人數 | V46: 累計人數 | AI46: 機具名稱 | AS46: 本日完成數量 | BC46: 累計完成數量
A47: 技術工 | V47: =L47+'1222'!V47 -> 0 | AI47: 挖土機 | BC47: =AS47+'1222'!BC47 -> 0
A48: 小工 | V48: =L48+'1222'!V48 -> 0 | AI48: 鏟土機 | BC48: =AS48+'1222'!BC48 -> 0
A49: 四、本日施工項目是否有須依「營造業專業工程持定施工項目應置之技術士總類、比率或人數標準表」規定
A50: 應設置技術士之專業工程:□有(施工項目內容: )■無(此項如勾選"有"，則應
A51: 填寫「公共工程施工日誌之技術士簽章表」）
A52: 五、工地勞工安全衛生事項之督導、公共環境與安全之維護及其他工地行政事務：
A53: (一)施工前檢查事項：
A54: 1.實施勤前教育(含工地預防災變及危害告知)：■有 □無
A55: 2.確認新進勞工是否提報勞工保險(或其他商業保險)資料及安全衛生教育訓練紀錄：□有□無■無新進勞工
A56: 3.檢查勞工個人防護具：■有 □無
A57: (二)其他事項：
A58: 六、施工取樣試驗紀錄：
A59: 七、通知協力廠商辦理事項：
A60: 八、重要事項紀錄：星期一依契約規定,本日不計入工期。
A61: 簽章；【工地主任】(註3)
B62: 註1.依營造業法第32第1項第2款規定，工地主任應按日填報施工日誌
B63: 2.本施工日誌格式僅供參考，惟原則應包含上開欄位，各機關亦得依工程性質及契約約定事項自行增訂之。
B64: 3.本工程依營業法第30條規定須置工地主任者，由工地主任簽章；依上開規定免置工地主任者，則由營造業法第32條
B65: 第2項所定之人員簽章。廠商非屬營造業者,由工地負責人簽章。
B66: 4.契約工期如有修正，應填修正後之契約工期，含展延工期及不計工期天數；如有依契約變更設計，預定進度及實際
B67: 進度應填變更設計後計算之進度。
B68: 5.上開重要事項記錄包含(1)主辦機關及監造單位指示波(2)工地遇緊急異常狀況之通報處理情形(3)本日是否由專任工
B69: 程人員督察按圖施工，解決施工技術問題等。
B70: 6.公共工程屬建築物者，請依內政部99年2月5日台內營字第0990800804號令頒之「建築物施工日誌」

Sheet 1224
A1: 公共工程施工日誌
A2: 表報編號： | H2: 10
A3: 本日天氣: | G3: 上午： | K3: 晴 | Q3: 下午: | U3: 晴 | AR3: 日期： | AW3: =SUM(R6+H2)-1 -> 45650 | BH3: =WEEKDAY(AW3) -> 3
A4: 工程名稱 | G4: 113年育英樓排水改善工程 | AN4: 承攬廠商名稱 | AV4: 齊全土木包工業
A5: 核定工期 | J5: 60 | O5: 天 | R5: 累計工期 | Z5: =H2-7 -> 3 | AE5: 天 | AH5: 剩餘工期 | AP5: =J5-Z5 -> 57 | AU5: 天 | AX5: 工期展廷天數 | BK5: 天
A6: 開 工 日 期 | R6: 45641 | AH6: 完 工 日 期 | AX6: =SUM(R6,J5)+31 -> 45732
A7: 本日預定進度(%) | R7: 0 | AH7: 本日實際進度(%) | AX7: =SUM(AR33/BO7) -> 0 | BO7: 891687
A8: 累計預定進度(%) | R8: =R7+'1223'!R8 -> 0.00903 | AH8: 累計實際進度(%) | AX8: =AX7+'1223'!AX8 -> 0.01579478
A9: 一、依施工計劃書執行按圖施工概況(含約定之重要施工項目及完成數量等)等：
A10: 項次 | D10: 施工項目 | AE10: 單位 | AI10: 契約數量 | AR10: 本日完成數量 | BA10: 累計完成數量 | BJ10: 備註 | BN10: 契約單價金額 | BO10: 本日完成金額 | BP10: 累計完成金額 | BR10: 契約總額
A11: 壹. | D11: 直接工程
A12: 1 | D12: 工程告示牌、職業安全衛生告示牌與交通管制設施(租用) | AE12: 式 | AI12: 1 | BA12: =AR12+'1223'!BA12 -> 1 | BN12: 5000 | BO12: =SUM(AR12*BN12) -> 0 | BP12: =BO12+'1223'!BP12 -> 5000 | BQ12: =BP12 -> 5000 | BR12: 5000
A13: 2 | D13: 施工圍籬(租用) | AE13: M | AI13: 74 | BA13: =AR13+'1223'!BA13 -> 15 | BN13: 400 | BO13: =SUM(AR13*BN13) -> 0 | BP13: =BO13+'1223'!BP13 -> 6000 | BQ13: =BP13 -> 6000 | BR13: 29600
A14: 3 | D14: 施工動線開闢及損壞復原 | AE14: 式 | AI14: 1 | BA14: =AR14+'1223'!BA14 -> 0 | BN14: 5000 | BO14: =SUM(AR14*BN14) -> 0 | BP14: =BO14+'1223'!BP14 -> 0 | BQ14: =BP14 -> 0 | BR14: 5000
A15: 4 | D15: 測量與放樣 | AE15: 式 | AI15: 1 | BA15: =AR15+'1223'!BA15 -> 0 | BN15: 5000 | BO15: =SUM(AR15*BN15) -> 0 | BP15: =BO15+'1223'!BP15 -> 0 | BQ15: =BP15 -> 0 | BR15: 5000
A16: 5 | D16: 既有水溝清淤(含移除水溝內樹木竄根)，破損處以樹脂水泥砂漿整平，外側溝壁以樹脂水泥砂漿打底至與鋪面齊平 | AE16: M | AI16: 81 | BA16: =AR16+'1223'!BA16 -> 0 | BN16: 1000 | BO16: =SUM(AR16*BN16) -> 0 | BP16: =BO16+'1223'!BP16 -> 0 | BQ16: =BP16 -> 0 | BR16: 81000
A17: 6 | D17: 既有水溝安裝鍍鋅鋼板 | AE17: M | AI17: 22 | BA17: =AR17+'1223'!BA17 -> 0 | BN17: 4650 | BO17: =SUM(AR17*BN17) -> 0 | BP17: =BO17+'1223'!BP17 -> 0 | BQ17: =BP17 -> 0 | BR17: 102300
A18: 7 | D18: 新設RC水溝 | AE18: M | AI18: 23 | BA18: =AR18+'1223'!BA18 -> 0 | BN18: 3500 | BO18: =SUM(AR18*BN18) -> 0 | BP18: =BO18+'1223'!BP18 -> 0 | BQ18: =BP18 -> 0 | BR18: 80500
A19: 8 | D19: 設置鍍鋅鋼材烤漆止滑細縫水溝蓋含框 | AE19: 組 | AI19: 8 | BA19: =AR19+'1223'!BA19 -> 0 | BN19: 6250 | BO19: =SUM(AR19*BN19) -> 0 | BP19: =BO19+'1223'!BP19 -> 0 | BQ19: =BP19 -> 0 | BR19: 50000
A20: 9 | D20: 切割打除既有地坪，整地，底土壓實 | AE20: M2 | AI20: 68 | BA20: =AR20+'1223'!BA20 -> 0 | BN20: 1200 | BO20: =SUM(AR20*BN20) -> 0 | BP20: =BO20+'1223'!BP20 -> 0 | BQ20: =BP20 -> 0 | BR20: 81600
A21: 10 | D21: 新設RC地坪與斜坡，面層抿石子 | AE21: M2 | AI21: 68 | BA21: =AR21+'1223'!BA21 -> 0 | BN21: 3000 | BO21: =SUM(AR21*BN21) -> 0 | BP21: =BO21+'1223'!BP21 -> 0 | BQ21: =BP21 -> 0 | BR21: 204000
A22: 11 | D22: 北側圍牆邊陰井新設不鏽鋼沉水馬達220V/110V 1HP以上(含工帶料，需配浮球開關)，抽水至圍牆外水溝 | AE22: 組 | AI22: 1 | BA22: =AR22+'1223'!BA22 -> 0 | BN22: 20000 | BO22: =SUM(AR22*BN22) -> 0 | BP22: =BO22+'1223'!BP22 -> 0 | BQ22: =BP22 -> 0 | BR22: 20000
A23: 12 | D23: 西側既有走廊上水溝格柵蓋板，設置化妝蓋板含框，周邊復原 | AE23: 式 | AI23: 1 | BA23: =AR23+'1223'!BA23 -> 0 | BN23: 68000 | BO23: =SUM(AR23*BN23) -> 0 | BP23: =BO23+'1223'!BP23 -> 0 | BQ23: =BP23 -> 0 | BR23: 68000
... A25: 14 | D25: 材料檢驗費用 | AE25: 式 | AI25: 1 | BA25: =AR25+'1223'!BA25 -> 0 | BN25: 1440 | BO25: =SUM(AR25*BN25) -> 0 | BP25: =BO25+'1223'!BP25 -> 0 | BQ25: =BP25 -> 0 | BR25: 1440
D26: 合計(壹) | BO26: =SUM(BO12:BO25) -> 0 | BP26: =SUM(BP12:BP25) -> 11000 | BQ26: =BP26 -> 11000 | BR26: =SUM(BR12:BR25) -> 776279
A27: 貳 | D27: 職業安全衛生管理費 (壹*1%) | AE27: 式 | AI27: 1 | AR27: =SUM(BO26/BN27) -> 0 | BA27: =AR27+'1223'!BA27 -> 0 | BN27: 7762 | BO27: =SUM(AR27*BN27) -> 0 | BP27: =BO27+'1223'!BP27 -> 0 | BQ27: =BP27 -> 0 | BR27: 7762 | BS27: =SUM(BN27/BR26) -> 0.0099989823
A28: 參 | D28: 工程品質管制作業費 (壹*1%) | AE28: 式 | AI28: 1 | AR28: =SUM(BO26/BN28) -> 0 | BA28: =AR28+'1223'!BA28 -> 0 | BN28: 7763 | BO28: =SUM(AR28*BN28) -> 0 | BP28: =BO28+'1223'!BP28 -> 0 | BQ28: =BP28 -> 0 | BR28: 7763 | BS28: =SUM(BN28/BR26) -> 0.010000271
A29: 肆 | D29: 包商利潤及管理費 (約壹*7%) | AE29: 式 | AI29: 1 | AR29: =SUM(BO26/BN29) -> 0 | BA29: =AR29+'1223'!BA29 -> 0 | BN29: 54338 | BO29: =SUM(AR29*BN29) -> 0 | BP29: =BO29+'1223'!BP29 -> 0 | BQ29: =BP29 -> 0 | BR29: 54338 | BS29: =SUM(BN29/BR26) -> 0.069998029
A30: 伍 | D30: 保險費 | AE30: 式 | AI30: 1 | AR30: 0 | BA30: =AR30+'1223'!BA30 -> 1 | BN30: 3084 | BO30: =SUM(AR30*BN30) -> 0 | BP30: =BO30+'1223'!BP30 -> 3084 | BQ30: =BP30 -> 3084 | BR30: 3084 | BT30: =SUM(BR26:BR30) -> 849226
A31: 陸 | D31: 營業稅 ((壹~伍)*5%) | AE31: 式 | AI31: 1 | AR31: =SUM(BT31/BN31) -> 0 | BA31: =AR31+'1223'!BA31 -> 0 | BN31: 42461 | BO31: =SUM(AR31*BN31) -> 0 | BP31: =BO31+'1223'!BP31 -> 0 | BQ31: =BP31 -> 0 | BR31: 42461 | BS31: =SUM(BN31/BT30) -> 0.049999647 | BT31: =SUM(BO26:BO30) -> 0
D32: 發包工程費合計 (壹~陸) | BO32: =SUM(BO26:BO31) -> 0 | BP32: =SUM(BP26:BP31) -> 14084 | BQ32: =SUM(BQ26:BQ31) -> 14084 | BR32: =SUM(BR26:BR31) -> 891687
D33: 本日合計金額 | AR33: =BO32 -> 0
D34: 累計合計金額 | AR34: =BP32 -> 14084 | BN34: 契約單價金額 | BO34: 本日完成金額 | BP34: 累計完成金額
A35: 營造業專業工程特定施工項目
A36: A.
A37: B.
A38: 二、工地材料管理概況(含約定之重要材料使用情況及數量等)：
A39: 材料名稱 | V39: 單位 | Y39: 設計數量 | AI39: 本日使用數量 | AS39: 累計使用數量 | BC39: 備註
AS40: =AI40+'1223'!AS40 -> 0
AS41: =AI41+'1223'!AS41 -> 0
AS42: =AI42+'1223'!AS42 -> 0
AS43: =AI43+'1223'!AS43 -> 0
AS44: =AI44+'1223'!AS44 -> 0
A45: 三、工地人員及機具管理（含約定之出工人數及機具使用情形及數量）:
A46: 工別 | L46: 本日人數 | V46: 累計人數 | AI46: 機具名稱 | AS46: 本日完成數量 | BC46: 累計完成數量
A47: 技術工 | V47: =L47+'1223'!V47 -> 0 | AI47: 挖土機 | BC47: =AS47+'1223'!BC47 -> 0
A48: 小工 | V48: =L48+'1223'!V48 -> 0 | AI48: 鏟土機 | BC48: =AS48+'1223'!BC48 -> 0
A49: 四、本日施工項目是否有須依「營造業專業工程持定施工項目應置之技術士總類、比率或人數標準表」規定
A50: 應設置技術士之專業工程:□有(施工項目內容: )■無(此項如勾選"有"，則應
A51: 填寫「公共工程施工日誌之技術士簽章表」）
A52: 五、工地勞工安全衛生事項之督導、公共環境與安全之維護及其他工地行政事務：
A53: (一)施工前檢查事項：
A54: 1.實施勤前教育(含工地預防災變及危害告知)：■有 □無
A55: 2.確認新進勞工是否提報勞工保險(或其他商業保險)資料及安全衛生教育訓練紀錄：□有□無■無新進勞工
A56: 3.檢查勞工個人防護具：■有 □無
A57: (二)其他事項：
A58: 六、施工取樣試驗紀錄：
A59: 七、通知協力廠商辦理事項：
A60: 八、重要事項紀錄：星期二依契約規定,本日不計入工期。
A61: 簽章；【工地主任】(註3)
B62: 註1.依營造業法第32第1項第2款規定，工地主任應按日填報施工日誌
B63: 2.本施工日誌格式僅供參考，惟原則應包含上開欄位，各機關亦得依工程性質及契約約定事項自行增訂之。
B64: 3.本工程依營業法第30條規定須置工地主任者，由工地主任簽章；依上開規定免置工地主任者，則由營造業法第32條
B65: 第2項所定之人員簽章。廠商非屬營造業者,由工地負責人簽章。
B66: 4.契約工期如有修正，應填修正後之契約工期，含展延工期及不計工期天數；如有依契約變更設計，預定進度及實際
B67: 進度應填變更設計後計算之進度。
B68: 5.上開重要事項記錄包含(1)主辦機關及監造單位指示波(2)工地遇緊急異常狀況之通報處理情形(3)本日是否由專任工
B69: 程人員督察按圖施工，解決施工技術問題等。
B70: 6.公共工程屬建築物者，請依內政部99年2月5日台內營字第0990800804號令頒之「建築物施工日誌」

Sheet 1225
A1: 公共工程施工日誌
A2: 表報編號： | H2: 11
A3: 本日天氣: | G3: 上午： | K3: 晴 | Q3: 下午: | U3: 晴 | AR3: 日期： | AW3: =SUM(R6+H2)-1 -> 45651 | BH3: =WEEKDAY(AW3) -> 4
A4: 工程名稱 | G4: 113年育英樓排水改善工程 | AN4: 承攬廠商名稱 | AV4: 齊全土木包工業
A5: 核定工期 | J5: 60 | O5: 天 | R5: 累計工期 | Z5: =H2-8 -> 3 | AE5: 天 | AH5: 剩餘工期 | AP5: =J5-Z5 -> 57 | AU5: 天 | AX5: 工期展廷天數 | BK5: 天
A6: 開 工 日 期 | R6: 45641 | AH6: 完 工 日 期 | AX6: =SUM(R6,J5)+31 -> 45732
A7: 本日預定進度(%) | R7: 0 | AH7: 本日實際進度(%) | AX7: =SUM(AR33/BO7) -> 0 | BO7: 891687
A8: 累計預定進度(%) | R8: =R7+'1224'!R8 -> 0.00903 | AH8: 累計實際進度(%) | AX8: =AX7+'1224'!AX8 -> 0.01579478
A9: 一、依施工計劃書執行按圖施工概況(含約定之重要施工項目及完成數量等)等：
A10: 項次 | D10: 施工項目 | AE10: 單位 | AI10: 契約數量 | AR10: 本日完成數量 | BA10: 累計完成數量 | BJ10: 備註 | BN10: 契約單價金額 | BO10: 本日完成金額 | BP10: 累計完成金額 | BR10: 契約總額
A11: 壹. | D11: 直接工程
A12: 1 | D12: 工程告示牌、職業安全衛生告示牌與交通管制設施(租用) | AE12: 式 | AI12: 1 | BA12: =AR12+'1224'!BA12 -> 1 | BN12: 5000 | BO12: =SUM(AR12*BN12) -> 0 | BP12: =BO12+'1224'!BP12 -> 5000 | BQ12: =BP12 -> 5000 | BR12: 5000
A13: 2 | D13: 施工圍籬(租用) | AE13: M | AI13: 74 | BA13: =AR13+'1224'!BA13 -> 15 | BN13: 400 | BO13: =SUM(AR13*BN13) -> 0 | BP13: =BO13+'1224'!BP13 -> 6000 | BQ13: =BP13 -> 6000 | BR13: 29600
A14: 3 | D14: 施工動線開闢及損壞復原 | AE14: 式 | AI14: 1 | BA14: =AR14+'1224'!BA14 -> 0 | BN14: 5000 | BO14: =SUM(AR14*BN14) -> 0 | BP14: =BO14+'1224'!BP14 -> 0 | BQ14: =BP14 -> 0 | BR14: 5000
A15: 4 | D15: 測量與放樣 | AE15: 式 | AI15: 1 | BA15: =AR15+'1224'!BA15 -> 0 | BN15: 5000 | BO15: =SUM(AR15*BN15) -> 0 | BP15: =BO15+'1224'!BP15 -> 0 | BQ15: =BP15 -> 0 | BR15: 5000
A16: 5 | D16: 既有水溝清淤(含移除水溝內樹木竄根)，破損處以樹脂水泥砂漿整平，外側溝壁以樹脂水泥砂漿打底至與鋪面齊平 | AE16: M | AI16: 81 | BA16: =AR16+'1224'!BA16 -> 0 | BN16: 1000 | BO16: =SUM(AR16*BN16) -> 0 | BP16: =BO16+'1224'!BP16 -> 0 | BQ16: =BP16 -> 0 | BR16: 81000
A17: 6 | D17: 既有水溝安裝鍍鋅鋼板 | AE17: M | AI17: 22 | BA17: =AR17+'1224'!BA17 -> 0 | BN17: 4650 | BO17: =SUM(AR17*BN17) -> 0 | BP17: =BO17+'1224'!BP17 -> 0 | BQ17: =BP17 -> 0 | BR17: 102300
A18: 7 | D18: 新設RC水溝 | AE18: M | AI18: 23 | BA18: =AR18+'1224'!BA18 -> 0 | BN18: 3500 | BO18: =SUM(AR18*BN18) -> 0 | BP18: =BO18+'1224'!BP18 -> 0 | BQ18: =BP18 -> 0 | BR18: 80500
A19: 8 | D19: 設置鍍鋅鋼材烤漆止滑細縫水溝蓋含框 | AE19: 組 | AI19: 8 | BA19: =AR19+'1224'!BA19 -> 0 | BN19: 6250 | BO19: =SUM(AR19*BN19) -> 0 | BP19: =BO19+'1224'!BP19 -> 0 | BQ19: =BP19 -> 0 | BR19: 50000
A20: 9 | D20: 切割打除既有地坪，整地，底土壓實 | AE20: M2 | AI20: 68 | BA20: =AR20+'1224'!BA20 -> 0 | BN20: 1200 | BO20: =SUM(AR20*BN20) -> 0 | BP20: =BO20+'1224'!BP20 -> 0 | BQ20: =BP20 -> 0 | BR20: 81600
A21: 10 | D21: 新設RC地坪與斜坡，面層抿石子 | AE21: M2 | AI21: 68 | BA21: =AR21+'1224'!BA21 -> 0 | BN21: 3000 | BO21: =SUM(AR21*BN21) -> 0 | BP21: =BO21+'1224'!BP21 -> 0 | BQ21: =BP21 -> 0 | BR21: 204000
A22: 11 | D22: 北側圍牆邊陰井新設不鏽鋼沉水馬達220V/110V 1HP以上(含工帶料，需配浮球開關)，抽水至圍牆外水溝 | AE22: 組 | AI22: 1 | BA22: =AR22+'1224'!BA22 -> 0 | BN22: 20000 | BO22: =SUM(AR22*BN22) -> 0 | BP22: =BO22+'1224'!BP22 -> 0 | BQ22: =BP22 -> 0 | BR22: 20000
A23: 12 | D23: 西側既有走廊上水溝格柵蓋板，設置化妝蓋板含框，周邊復原 | AE23: 式 | AI23: 1 | BA23: =AR23+'1224'!BA23 -> 0 | BN23: 68000 | BO23: =SUM(AR23*BN23) -> 0 | BP23: =BO23+'1224'!BP23 -> 0 | BQ23: =BP23 -> 0 | BR23: 68000
... A25: 14 | D25: 材料檢驗費用 | AE25: 式 | AI25: 1 | BA25: =AR25+'1224'!BA25 -> 0 | BN25: 1440 | BO25: =SUM(AR25*BN25) -> 0 | BP25: =BO25+'1224'!BP25 -> 0 | BQ25: =BP25 -> 0 | BR25: 1440
D26: 合計(壹) | BO26: =SUM(BO12:BO25) -> 0 | BP26: =SUM(BP12:BP25) -> 11000 | BQ26: =BP26 -> 11000 | BR26: =SUM(BR12:BR25) -> 776279
A27: 貳 | D27: 職業安全衛生管理費 (壹*1%) | AE27: 式 | AI27: 1 | AR27: =SUM(BO26/BN27) -> 0 | BA27: =AR27+'1224'!BA27 -> 0 | BN27: 7762 | BO27: =SUM(AR27*BN27) -> 0 | BP27: =BO27+'1224'!BP27 -> 0 | BQ27: =BP27 -> 0 | BR27: 7762 | BS27: =SUM(BN27/BR26) -> 0.0099989823
A28: 參 | D28: 工程品質管制作業費 (壹*1%) | AE28: 式 | AI28: 1 | AR28: =SUM(BO26/BN28) -> 0 | BA28: =AR28+'1224'!BA28 -> 0 | BN28: 7763 | BO28: =SUM(AR28*BN28) -> 0 | BP28: =BO28+'1224'!BP28 -> 0 | BQ28: =BP28 -> 0 | BR28: 7763 | BS28: =SUM(BN28/BR26) -> 0.010000271
A29: 肆 | D29: 包商利潤及管理費 (約壹*7%) | AE29: 式 | AI29: 1 | AR29: =SUM(BO26/BN29) -> 0 | BA29: =AR29+'1224'!BA29 -> 0 | BN29: 54338 | BO29: =SUM(AR29*BN29) -> 0 | BP29: =BO29+'1224'!BP29 -> 0 | BQ29: =BP29 -> 0 | BR29: 54338 | BS29: =SUM(BN29/BR26) -> 0.069998029
A30: 伍 | D30: 保險費 | AE30: 式 | AI30: 1 | AR30: 0 | BA30: =AR30+'1224'!BA30 -> 1 | BN30: 3084 | BO30: =SUM(AR30*BN30) -> 0 | BP30: =BO30+'1224'!BP30 -> 3084 | BQ30: =BP30 -> 3084 | BR30: 3084 | BT30: =SUM(BR26:BR30) -> 849226
A31: 陸 | D31: 營業稅 ((壹~伍)*5%) | AE31: 式 | AI31: 1 | AR31: =SUM(BT31/BN31) -> 0 | BA31: =AR31+'1224'!BA31 -> 0 | BN31: 42461 | BO31: =SUM(AR31*BN31) -> 0 | BP31: =BO31+'1224'!BP31 -> 0 | BQ31: =BP31 -> 0 | BR31: 42461 | BS31: =SUM(BN31/BT30) -> 0.049999647 | BT31: =SUM(BO26:BO30) -> 0
D32: 發包工程費合計 (壹~陸) | BO32: =SUM(BO26:BO31) -> 0 | BP32: =SUM(BP26:BP31) -> 14084 | BQ32: =SUM(BQ26:BQ31) -> 14084 | BR32: =SUM(BR26:BR31) -> 891687
D33: 本日合計金額 | AR33: =BO32 -> 0
D34: 累計合計金額 | AR34: =BP32 -> 14084 | BN34: 契約單價金額 | BO34: 本日完成金額 | BP34: 累計完成金額
A35: 營造業專業工程特定施工項目
A36: A.
A37: B.
A38: 二、工地材料管理概況(含約定之重要材料使用情況及數量等)：
A39: 材料名稱 | V39: 單位 | Y39: 設計數量 | AI39: 本日使用數量 | AS39: 累計使用數量 | BC39: 備註
AS40: =AI40+'1224'!AS40 -> 0
AS41: =AI41+'1224'!AS41 -> 0
AS42: =AI42+'1224'!AS42 -> 0
AS43: =AI43+'1224'!AS43 -> 0
AS44: =AI44+'1224'!AS44 -> 0
A45: 三、工地人員及機具管理（含約定之出工人數及機具使用情形及數量）:
A46: 工別 | L46: 本日人數 | V46: 累計人數 | AI46: 機具名稱 | AS46: 本日完成數量 | BC46: 累計完成數量
A47: 技術工 | V47: =L47+'1224'!V47 -> 0 | AI47: 挖土機 | BC47: =AS47+'1224'!BC47 -> 0
A48: 小工 | V48: =L48+'1224'!V48 -> 0 | AI48: 鏟土機 | BC48: =AS48+'1224'!BC48 -> 0
A49: 四、本日施工項目是否有須依「營造業專業工程持定施工項目應置之技術士總類、比率或人數標準表」規定
A50: 應設置技術士之專業工程:□有(施工項目內容: )■無(此項如勾選"有"，則應
A51: 填寫「公共工程施工日誌之技術士簽章表」）
A52: 五、工地勞工安全衛生事項之督導、公共環境與安全之維護及其他工地行政事務：
A53: (一)施工前檢查事項：
A54: 1.實施勤前教育(含工地預防災變及危害告知)：■有 □無
A55: 2.確認新進勞工是否提報勞工保險(或其他商業保險)資料及安全衛生教育訓練紀錄：□有□無■無新進勞工
A56: 3.檢查勞工個人防護具：■有 □無
A57: (二)其他事項：
A58: 六、施工取樣試驗紀錄：
A59: 七、通知協力廠商辦理事項：
A60: 八、重要事項紀錄：星期三依契約規定,本日不計入工期。
A61: 簽章；【工地主任】(註3)
B62: 註1.依營造業法第32第1項第2款規定，工地主任應按日填報施工日誌
B63: 2.本施工日誌格式僅供參考，惟原則應包含上開欄位，各機關亦得依工程性質及契約約定事項自行增訂之。
B64: 3.本工程依營業法第30條規定須置工地主任者，由工地主任簽章；依上開規定免置工地主任者，則由營造業法第32條
B65: 第2項所定之人員簽章。廠商非屬營造業者,由工地負責人簽章。
B66: 4.契約工期如有修正，應填修正後之契約工期，含展延工期及不計工期天數；如有依契約變更設計，預定進度及實際
B67: 進度應填變更設計後計算之進度。
B68: 5.上開重要事項記錄包含(1)主辦機關及監造單位指示波(2)工地遇緊急異常狀況之通報處理情形(3)本日是否由專任工
B69: 程人員督察按圖施工，解決施工技術問題等。
B70: 6.公共工程屬建築物者，請依內政部99年2月5日台內營字第0990800804號令頒之「建築物施工日誌」

Sheet 1226
A1: 公共工程施工日誌
A2: 表報編號： | H2: 12
A3: 本日天氣: | G3: 上午： | K3: 晴 | Q3: 下午: | U3: 晴 | AR3: 日期： | AW3: =SUM(R6+H2)-1 -> 45652 | BH3: =WEEKDAY(AW3) -> 5
A4: 工程名稱 | G4: 113年育英樓排水改善工程 | AN4: 承攬廠商名稱 | AV4: 齊全土木包工業
A5: 核定工期 | J5: 60 | O5: 天 | R5: 累計工期 | Z5: =H2-9 -> 3 | AE5: 天 | AH5: 剩餘工期 | AP5: =J5-Z5 -> 57 | AU5: 天 | AX5: 工期展廷天數 | BK5: 天
A6: 開 工 日 期 | R6: 45641 | AH6: 完 工 日 期 | AX6: =SUM(R6,J5)+31 -> 45732
A7: 本日預定進度(%) | R7: 0 | AH7: 本日實際進度(%) | AX7: =SUM(AR33/BO7) -> 0 | BO7: 891687
A8: 累計預定進度(%) | R8: =R7+'1225'!R8 -> 0.00903 | AH8: 累計實際進度(%) | AX8: =AX7+'1225'!AX8 -> 0.01579478
A9: 一、依施工計劃書執行按圖施工概況(含約定之重要施工項目及完成數量等)等：
A10: 項次 | D10: 施工項目 | AE10: 單位 | AI10: 契約數量 | AR10: 本日完成數量 | BA10: 累計完成數量 | BJ10: 備註 | BN10: 契約單價金額 | BO10: 本日完成金額 | BP10: 累計完成金額 | BR10: 契約總額
A11: 壹. | D11: 直接工程
A12: 1 | D12: 工程告示牌、職業安全衛生告示牌與交通管制設施(租用) | AE12: 式 | AI12: 1 | BA12: =AR12+'1225'!BA12 -> 1 | BN12: 5000 | BO12: =SUM(AR12*BN12) -> 0 | BP12: =BO12+'1225'!BP12 -> 5000 | BQ12: =BP12 -> 5000 | BR12: 5000
A13: 2 | D13: 施工圍籬(租用) | AE13: M | AI13: 74 | BA13: =AR13+'1225'!BA13 -> 15 | BN13: 400 | BO13: =SUM(AR13*BN13) -> 0 | BP13: =BO13+'1225'!BP13 -> 6000 | BQ13: =BP13 -> 6000 | BR13: 29600
A14: 3 | D14: 施工動線開闢及損壞復原 | AE14: 式 | AI14: 1 | BA14: =AR14+'1225'!BA14 -> 0 | BN14: 5000 | BO14: =SUM(AR14*BN14) -> 0 | BP14: =BO14+'1225'!BP14 -> 0 | BQ14: =BP14 -> 0 | BR14: 5000
A15: 4 | D15: 測量與放樣 | AE15: 式 | AI15: 1 | BA15: =AR15+'1225'!BA15 -> 0 | BN15: 5000 | BO15: =SUM(AR15*BN15) -> 0 | BP15: =BO15+'1225'!BP15 -> 0 | BQ15: =BP15 -> 0 | BR15: 5000
A16: 5 | D16: 既有水溝清淤(含移除水溝內樹木竄根)，破損處以樹脂水泥砂漿整平，外側溝壁以樹脂水泥砂漿打底至與鋪面齊平 | AE16: M | AI16: 81 | BA16: =AR16+'1225'!BA16 -> 0 | BN16: 1000 | BO16: =SUM(AR16*BN16) -> 0 | BP16: =BO16+'1225'!BP16 -> 0 | BQ16: =BP16 -> 0 | BR16: 81000
A17: 6 | D17: 既有水溝安裝鍍鋅鋼板 | AE17: M | AI17: 22 | BA17: =AR17+'1225'!BA17 -> 0 | BN17: 4650 | BO17: =SUM(AR17*BN17) -> 0 | BP17: =BO17+'1225'!BP17 -> 0 | BQ17: =BP17 -> 0 | BR17: 102300
A18: 7 | D18: 新設RC水溝 | AE18: M | AI18: 23 | BA18: =AR18+'1225'!BA18 -> 0 | BN18: 3500 | BO18: =SUM(AR18*BN18) -> 0 | BP18: =BO18+'1225'!BP18 -> 0 | BQ18: =BP18 -> 0 | BR18: 80500
A19: 8 | D19: 設置鍍鋅鋼材烤漆止滑細縫水溝蓋含框 | AE19: 組 | AI19: 8 | BA19: =AR19+'1225'!BA19 -> 0 | BN19: 6250 | BO19: =SUM(AR19*BN19) -> 0 | BP19: =BO19+'1225'!BP19 -> 0 | BQ19: =BP19 -> 0 | BR19: 50000
A20: 9 | D20: 切割打除既有地坪，整地，底土壓實 | AE20: M2 | AI20: 68 | BA20: =AR20+'1225'!BA20 -> 0 | BN20: 1200 | BO20: =SUM(AR20*BN20) -> 0 | BP20: =BO20+'1225'!BP20 -> 0 | BQ20: =BP20 -> 0 | BR20: 81600
A21: 10 | D21: 新設RC地坪與斜坡，面層抿石子 | AE21: M2 | AI21: 68 | BA21: =AR21+'1225'!BA21 -> 0 | BN21: 3000 | BO21: =SUM(AR21*BN21) -> 0 | BP21: =BO21+'1225'!BP21 -> 0 | BQ21: =BP21 -> 0 | BR21: 204000
A22: 11 | D22: 北側圍牆邊陰井新設不鏽鋼沉水馬達220V/110V 1HP以上(含工帶料，需配浮球開關)，抽水至圍牆外水溝 | AE22: 組 | AI22: 1 | BA22: =AR22+'1225'!BA22 -> 0 | BN22: 20000 | BO22: =SUM(AR22*BN22) -> 0 | BP22: =BO22+'1225'!BP22 -> 0 | BQ22: =BP22 -> 0 | BR22: 20000
A23: 12 | D23: 西側既有走廊上水溝格柵蓋板，設置化妝蓋板含框，周邊復原 | AE23: 式 | AI23: 1 | BA23: =AR23+'1225'!BA23 -> 0 | BN23: 68000 | BO23: =SUM(AR23*BN23) -> 0 | BP23: =BO23+'1225'!BP23 -> 0 | BQ23: =BP23 -> 0 | BR23: 68000
... A25: 14 | D25: 材料檢驗費用 | AE25: 式 | AI25: 1 | BA25: =AR25+'1225'!BA25 -> 0 | BN25: 1440 | BO25: =SUM(AR25*BN25) -> 0 | BP25: =BO25+'1225'!BP25 -> 0 | BQ25: =BP25 -> 0 | BR25: 1440
D26: 合計(壹) | BO26: =SUM(BO12:BO25) -> 0 | BP26: =SUM(BP12:BP25) -> 11000 | BQ26: =BP26 -> 11000 | BR26: =SUM(BR12:BR25) -> 776279
A27: 貳 | D27: 職業安全衛生管理費 (壹*1%) | AE27: 式 | AI27: 1 | AR27: =SUM(BO26/BN27) -> 0 | BA27: =AR27+'1225'!BA27 -> 0 | BN27: 7762 | BO27: =SUM(AR27*BN27) -> 0 | BP27: =BO27+'1225'!BP27 -> 0 | BQ27: =BP27 -> 0 | BR27: 7762 | BS27: =SUM(BN27/BR26) -> 0.0099989823
A28: 參 | D28: 工程品質管制作業費 (壹*1%) | AE28: 式 | AI28: 1 | AR28: =SUM(BO26/BN28) -> 0 | BA28: =AR28+'1225'!BA28 -> 0 | BN28: 7763 | BO28: =SUM(AR28*BN28) -> 0 | BP28: =BO28+'1225'!BP28 -> 0 | BQ28: =BP28 -> 0 | BR28: 7763 | BS28: =SUM(BN28/BR26) -> 0.010000271
A29: 肆 | D29: 包商利潤及管理費 (約壹*7%) | AE29: 式 | AI29: 1 | AR29: =SUM(BO26/BN29) -> 0 | BA29: =AR29+'1225'!BA29 -> 0 | BN29: 54338 | BO29: =SUM(AR29*BN29) -> 0 | BP29: =BO29+'1225'!BP29 -> 0 | BQ29: =BP29 -> 0 | BR29: 54338 | BS29: =SUM(BN29/BR26) -> 0.069998029
A30: 伍 | D30: 保險費 | AE30: 式 | AI30: 1 | AR30: 0 | BA30: =AR30+'1225'!BA30 -> 1 | BN30: 3084 | BO30: =SUM(AR30*BN30) -> 0 | BP30: =BO30+'1225'!BP30 -> 3084 | BQ30: =BP30 -> 3084 | BR30: 3084 | BT30: =SUM(BR26:BR30) -> 849226
A31: 陸 | D31: 營業稅 ((壹~伍)*5%) | AE31: 式 | AI31: 1 | AR31: =SUM(BT31/BN31) -> 0 | BA31: =AR31+'1225'!BA31 -> 0 | BN31: 42461 | BO31: =SUM(AR31*BN31) -> 0 | BP31: =BO31+'1225'!BP31 -> 0 | BQ31: =BP31 -> 0 | BR31: 42461 | BS31: =SUM(BN31/BT30) -> 0.049999647 | BT31: =SUM(BO26:BO30) -> 0
D32: 發包工程費合計 (壹~陸) | BO32: =SUM(BO26:BO31) -> 0 | BP32: =SUM(BP26:BP31) -> 14084 | BQ32: =SUM(BQ26:BQ31) -> 14084 | BR32: =SUM(BR26:BR31) -> 891687
D33: 本日合計金額 | AR33: =BO32 -> 0
D34: 累計合計金額 | AR34: =BP32 -> 14084 | BN34: 契約單價金額 | BO34: 本日完成金額 | BP34: 累計完成金額
A35: 營造業專業工程特定施工項目
A36: A.
A37: B.
A38: 二、工地材料管理概況(含約定之重要材料使用情況及數量等)：
A39: 材料名稱 | V39: 單位 | Y39: 設計數量 | AI39: 本日使用數量 | AS39: 累計使用數量 | BC39: 備註
AS40: =AI40+'1225'!AS40 -> 0
AS41: =AI41+'1225'!AS41 -> 0
AS42: =AI42+'1225'!AS42 -> 0
AS43: =AI43+'1225'!AS43 -> 0
AS44: =AI44+'1225'!AS44 -> 0
A45: 三、工地人員及機具管理（含約定之出工人數及機具使用情形及數量）:
A46: 工別 | L46: 本日人數 | V46: 累計人數 | AI46: 機具名稱 | AS46: 本日完成數量 | BC46: 累計完成數量
A47: 技術工 | V47: =L47+'1225'!V47 -> 0 | AI47: 挖土機 | BC47: =AS47+'1225'!BC47 -> 0
A48: 小工 | V48: =L48+'1225'!V48 -> 0 | AI48: 鏟土機 | BC48: =AS48+'1225'!BC48 -> 0
A49: 四、本日施工項目是否有須依「營造業專業工程持定施工項目應置之技術士總類、比率或人數標準表」規定
A50: 應設置技術士之專業工程:□有(施工項目內容: )■無(此項如勾選"有"，則應
A51: 填寫「公共工程施工日誌之技術士簽章表」）
A52: 五、工地勞工安全衛生事項之督導、公共環境與安全之維護及其他工地行政事務：
A53: (一)施工前檢查事項：
A54: 1.實施勤前教育(含工地預防災變及危害告知)：■有 □無
A55: 2.確認新進勞工是否提報勞工保險(或其他商業保險)資料及安全衛生教育訓練紀錄：□有□無■無新進勞工
A56: 3.檢查勞工個人防護具：■有 □無
A57: (二)其他事項：
A58: 六、施工取樣試驗紀錄：
A59: 七、通知協力廠商辦理事項：
A60: 八、重要事項紀錄：星期四依契約規定,本日不計入工期。
A61: 簽章；【工地主任】(註3)
B62: 註1.依營造業法第32第1項第2款規定，工地主任應按日填報施工日誌
B63: 2.本施工日誌格式僅供參考，惟原則應包含上開欄位，各機關亦得依工程性質及契約約定事項自行增訂之。
B64: 3.本工程依營業法第30條規定須置工地主任者，由工地主任簽章；依上開規定免置工地主任者，則由營造業法第32條
B65: 第2項所定之人員簽章。廠商非屬營造業者,由工地負責人簽章。
B66: 4.契約工期如有修正，應填修正後之契約工期，含展延工期及不計工期天數；如有依契約變更設計，預定進度及實際
B67: 進度應填變更設計後計算之進度。
B68: 5.上開重要事項記錄包含(1)主辦機關及監造單位指示波(2)工地遇緊急異常狀況之通報處理情形(3)本日是否由專任工
B69: 程人員督察按圖施工，解決施工技術問題等。
B70: 6.公共工程屬建築物者，請依內政部99年2月5日台內營字第0990800804號令頒之「建築物施工日誌」

Sheet 1227
A1: 公共工程施工日誌
A2: 表報編號： | H2: 13
A3: 本日天氣: | G3: 上午： | K3: 晴 | Q3: 下午: | U3: 晴 | AR3: 日期： | AW3: =SUM(R6+H2)-1 -> 45653 | BH3: =WEEKDAY(AW3) -> 6
A4: 工程名稱 | G4: 113年育英樓排水改善工程 | AN4: 承攬廠商名稱 | AV4: 齊全土木包工業
A5: 核定工期 | J5: 60 | O5: 天 | R5: 累計工期 | Z5: =H2-10 -> 3 | AE5: 天 | AH5: 剩餘工期 | AP5: =J5-Z5 -> 57 | AU5: 天 | AX5: 工期展廷天數 | BK5: 天
A6: 開 工 日 期 | R6: 45641 | AH6: 完 工 日 期 | AX6: =SUM(R6,J5)+31 -> 45732
A7: 本日預定進度(%) | R7: 0 | AH7: 本日實際進度(%) | AX7: =SUM(AR33/BO7) -> 0 | BO7: 891687
A8: 累計預定進度(%) | R8: =R7+'1226'!R8 -> 0.00903 | AH8: 累計實際進度(%) | AX8: =AX7+'1226'!AX8 -> 0.01579478
A9: 一、依施工計劃書執行按圖施工概況(含約定之重要施工項目及完成數量等)等：
A10: 項次 | D10: 施工項目 | AE10: 單位 | AI10: 契約數量 | AR10: 本日完成數量 | BA10: 累計完成數量 | BJ10: 備註 | BN10: 契約單價金額 | BO10: 本日完成金額 | BP10: 累計完成金額 | BR10: 契約總額
A11: 壹. | D11: 直接工程
A12: 1 | D12: 工程告示牌、職業安全衛生告示牌與交通管制設施(租用) | AE12: 式 | AI12: 1 | BA12: =AR12+'1226'!BA12 -> 1 | BN12: 5000 | BO12: =SUM(AR12*BN12) -> 0 | BP12: =BO12+'1226'!BP12 -> 5000 | BQ12: =BP12 -> 5000 | BR12: 5000
A13: 2 | D13: 施工圍籬(租用) | AE13: M | AI13: 74 | BA13: =AR13+'1226'!BA13 -> 15 | BN13: 400 | BO13: =SUM(AR13*BN13) -> 0 | BP13: =BO13+'1226'!BP13 -> 6000 | BQ13: =BP13 -> 6000 | BR13: 29600
A14: 3 | D14: 施工動線開闢及損壞復原 | AE14: 式 | AI14: 1 | BA14: =AR14+'1226'!BA14 -> 0 | BN14: 5000 | BO14: =SUM(AR14*BN14) -> 0 | BP14: =BO14+'1226'!BP14 -> 0 | BQ14: =BP14 -> 0 | BR14: 5000
A15: 4 | D15: 測量與放樣 | AE15: 式 | AI15: 1 | BA15: =AR15+'1226'!BA15 -> 0 | BN15: 5000 | BO15: =SUM(AR15*BN15) -> 0 | BP15: =BO15+'1226'!BP15 -> 0 | BQ15: =BP15 -> 0 | BR15: 5000
A16: 5 | D16: 既有水溝清淤(含移除水溝內樹木竄根)，破損處以樹脂水泥砂漿整平，外側溝壁以樹脂水泥砂漿打底至與鋪面齊平 | AE16: M | AI16: 81 | BA16: =AR16+'1226'!BA16 -> 0 | BN16: 1000 | BO16: =SUM(AR16*BN16) -> 0 | BP16: =BO16+'1226'!BP16 -> 0 | BQ16: =BP16 -> 0 | BR16: 81000
A17: 6 | D17: 既有水溝安裝鍍鋅鋼板 | AE17: M | AI17: 22 | BA17: =AR17+'1226'!BA17 -> 0 | BN17: 4650 | BO17: =SUM(AR17*BN17) -> 0 | BP17: =BO17+'1226'!BP17 -> 0 | BQ17: =BP17 -> 0 | BR17: 102300
A18: 7 | D18: 新設RC水溝 | AE18: M | AI18: 23 | BA18: =AR18+'1226'!BA18 -> 0 | BN18: 3500 | BO18: =SUM(AR18*BN18) -> 0 | BP18: =BO18+'1226'!BP18 -> 0 | BQ18: =BP18 -> 0 | BR18: 80500
A19: 8 | D19: 設置鍍鋅鋼材烤漆止滑細縫水溝蓋含框 | AE19: 組 | AI19: 8 | BA19: =AR19+'1226'!BA19 -> 0 | BN19: 6250 | BO19: =SUM(AR19*BN19) -> 0 | BP19: =BO19+'1226'!BP19 -> 0 | BQ19: =BP19 -> 0 | BR19: 50000
A20: 9 | D20: 切割打除既有地坪，整地，底土壓實 | AE20: M2 | AI20: 68 | BA20: =AR20+'1226'!BA20 -> 0 | BN20: 1200 | BO20: =SUM(AR20*BN20) -> 0 | BP20: =BO20+'1226'!BP20 -> 0 | BQ20: =BP20 -> 0 | BR20: 81600
A21: 10 | D21: 新設RC地坪與斜坡，面層抿石子 | AE21: M2 | AI21: 68 | BA21: =AR21+'1226'!BA21 -> 0 | BN21: 3000 | BO21: =SUM(AR21*BN21) -> 0 | BP21: =BO21+'1226'!BP21 -> 0 | BQ21: =BP21 -> 0 | BR21: 204000
A22: 11 | D22: 北側圍牆邊陰井新設不鏽鋼沉水馬達220V/110V 1HP以上(含工帶料，需配浮球開關)，抽水至圍牆外水溝 | AE22: 組 | AI22: 1 | BA22: =AR22+'1226'!BA22 -> 0 | BN22: 20000 | BO22: =SUM(AR22*BN22) -> 0 | BP22: =BO22+'1226'!BP22 -> 0 | BQ22: =BP22 -> 0 | BR22: 20000
A23: 12 | D23: 西側既有走廊上水溝格柵蓋板，設置化妝蓋板含框，周邊復原 | AE23: 式 | AI23: 1 | BA23: =AR23+'1226'!BA23 -> 0 | BN23: 68000 | BO23: =SUM(AR23*BN23) -> 0 | BP23: =BO23+'1226'!BP23 -> 0 | BQ23: =BP23 -> 0 | BR23: 68000
... A25: 14 | D25: 材料檢驗費用 | AE25: 式 | AI25: 1 | BA25: =AR25+'1226'!BA25 -> 0 | BN25: 1440 | BO25: =SUM(AR25*BN25) -> 0 | BP25: =BO25+'1226'!BP25 -> 0 | BQ25: =BP25 -> 0 | BR25: 1440
D26: 合計(壹) | BO26: =SUM(BO12:BO25) -> 0 | BP26: =SUM(BP12:BP25) -> 11000 | BQ26: =BP26 -> 11000 | BR26: =SUM(BR12:BR25) -> 776279
A27: 貳 | D27: 職業安全衛生管理費 (壹*1%) | AE27: 式 | AI27: 1 | AR27: =SUM(BO26/BN27) -> 0 | BA27: =AR27+'1226'!BA27 -> 0 | BN27: 7762 | BO27: =SUM(AR27*BN27) -> 0 | BP27: =BO27+'1226'!BP27 -> 0 | BQ27: =BP27 -> 0 | BR27: 7762 | BS27: =SUM(BN27/BR26) -> 0.0099989823
A28: 參 | D28: 工程品質管制作業費 (壹*1%) | AE28: 式 | AI28: 1 | AR28: =SUM(BO26/BN28) -> 0 | BA28: =AR28+'1226'!BA28 -> 0 | BN28: 7763 | BO28: =SUM(AR28*BN28) -> 0 | BP28: =BO28+'1226'!BP28 -> 0 | BQ28: =BP28 -> 0 | BR28: 7763 | BS28: =SUM(BN28/BR26) -> 0.010000271
A29: 肆 | D29: 包商利潤及管理費 (約壹*7%) | AE29: 式 | AI29: 1 | AR29: =SUM(BO26/BN29) -> 0 | BA29: =AR29+'1226'!BA29 -> 0 | BN29: 54338 | BO29: =SUM(AR29*BN29) -> 0 | BP29: =BO29+'1226'!BP29 -> 0 | BQ29: =BP29 -> 0 | BR29: 54338 | BS29: =SUM(BN29/BR26) -> 0.069998029
A30: 伍 | D30: 保險費 | AE30: 式 | AI30: 1 | AR30: 0 | BA30: =AR30+'1226'!BA30 -> 1 | BN30: 3084 | BO30: =SUM(AR30*BN30) -> 0 | BP30: =BO30+'1226'!BP30 -> 3084 | BQ30: =BP30 -> 3084 | BR30: 3084 | BT30: =SUM(BR26:BR30) -> 849226
A31: 陸 | D31: 營業稅 ((壹~伍)*5%) | AE31: 式 | AI31: 1 | AR31: =SUM(BT31/BN31) -> 0 | BA31: =AR31+'1226'!BA31 -> 0 | BN31: 42461 | BO31: =SUM(AR31*BN31) -> 0 | BP31: =BO31+'1226'!BP31 -> 0 | BQ31: =BP31 -> 0 | BR31: 42461 | BS31: =SUM(BN31/BT30) -> 0.049999647 | BT31: =SUM(BO26:BO30) -> 0
D32: 發包工程費合計 (壹~陸) | BO32: =SUM(BO26:BO31) -> 0 | BP32: =SUM(BP26:BP31) -> 14084 | BQ32: =SUM(BQ26:BQ31) -> 14084 | BR32: =SUM(BR26:BR31) -> 891687
D33: 本日合計金額 | AR33: =BO32 -> 0
D34: 累計合計金額 | AR34: =BP32 -> 14084 | BN34: 契約單價金額 | BO34: 本日完成金額 | BP34: 累計完成金額
A35: 營造業專業工程特定施工項目
A36: A.
A37: B.
A38: 二、工地材料管理概況(含約定之重要材料使用情況及數量等)：
A39: 材料名稱 | V39: 單位 | Y39: 設計數量 | AI39: 本日使用數量 | AS39: 累計使用數量 | BC39: 備註
AS40: =AI40+'1226'!AS40 -> 0
AS41: =AI41+'1226'!AS41 -> 0
AS42: =AI42+'1226'!AS42 -> 0
AS43: =AI43+'1226'!AS43 -> 0
AS44: =AI44+'1226'!AS44 -> 0
A45: 三、工地人員及機具管理（含約定之出工人數及機具使用情形及數量）:
A46: 工別 | L46: 本日人數 | V46: 累計人數 | AI46: 機具名稱 | AS46: 本日完成數量 | BC46: 累計完成數量
A47: 技術工 | V47: =L47+'1226'!V47 -> 0 | AI47: 挖土機 | BC47: =AS47+'1226'!BC47 -> 0
A48: 小工 | V48: =L48+'1226'!V48 -> 0 | AI48: 鏟土機 | BC48: =AS48+'1226'!BC48 -> 0
A49: 四、本日施工項目是否有須依「營造業專業工程持定施工項目應置之技術士總類、比率或人數標準表」規定
A50: 應設置技術士之專業工程:□有(施工項目內容: )■無(此項如勾選"有"，則應
A51: 填寫「公共工程施工日誌之技術士簽章表」）
A52: 五、工地勞工安全衛生事項之督導、公共環境與安全之維護及其他工地行政事務：
A53: (一)施工前檢查事項：
A54: 1.實施勤前教育(含工地預防災變及危害告知)：■有 □無
A55: 2.確認新進勞工是否提報勞工保險(或其他商業保險)資料及安全衛生教育訓練紀錄：□有□無■無新進勞工
A56: 3.檢查勞工個人防護具：■有 □無
A57: (二)其他事項：
A58: 六、施工取樣試驗紀錄：
A59: 七、通知協力廠商辦理事項：
A60: 八、重要事項紀錄：星期五依契約規定,本日不計入工期。
A61: 簽章；【工地主任】(註3)
B62: 註1.依營造業法第32第1項第2款規定，工地主任應按日填報施工日誌
B63: 2.本施工日誌格式僅供參考，惟原則應包含上開欄位，各機關亦得依工程性質及契約約定事項自行增訂之。
B64: 3.本工程依營業法第30條規定須置工地主任者，由工地主任簽章；依上開規定免置工地主任者，則由營造業法第32條
B65: 第2項所定之人員簽章。廠商非屬營造業者,由工地負責人簽章。
B66: 4.契約工期如有修正，應填修正後之契約工期，含展延工期及不計工期天數；如有依契約變更設計，預定進度及實際
B67: 進度應填變更設計後計算之進度。
B68: 5.上開重要事項記錄包含(1)主辦機關及監造單位指示波(2)工地遇緊急異常狀況之通報處理情形(3)本日是否由專任工
B69: 程人員督察按圖施工，解決施工技術問題等。
B70: 6.公共工程屬建築物者，請依內政部99年2月5日台內營字第0990800804號令頒之「建築物施工日誌」

Sheet 1228
A1: 公共工程施工日誌
A2: 表報編號： | H2: 14
A3: 本日天氣: | G3: 上午： | K3: 晴 | Q3: 下午: | U3: 晴 | AR3: 日期： | AW3: =SUM(R6+H2)-1 -> 45654 | BH3: =WEEKDAY(AW3) -> 7
A4: 工程名稱 | G4: 113年育英樓排水改善工程 | AN4: 承攬廠商名稱 | AV4: 齊全土木包工業
A5: 核定工期 | J5: 60 | O5: 天 | R5: 累計工期 | Z5: =H2-10 -> 4 | AE5: 天 | AH5: 剩餘工期 | AP5: =J5-Z5 -> 56 | AU5: 天 | AX5: 工期展廷天數 | BK5: 天
A6: 開 工 日 期 | R6: 45641 | AH6: 完 工 日 期 | AX6: =SUM(R6,J5)+31 -> 45732
A7: 本日預定進度(%) | R7: 0.00301 | AH7: 本日實際進度(%) | AX7: =SUM(AR33/BO7) -> 0 | BO7: 891687
A8: 累計預定進度(%) | R8: =R7+'1227'!R8 -> 0.01204 | AH8: 累計實際進度(%) | AX8: =AX7+'1227'!AX8 -> 0.01579478
A9: 一、依施工計劃書執行按圖施工概況(含約定之重要施工項目及完成數量等)等：
A10: 項次 | D10: 施工項目 | AE10: 單位 | AI10: 契約數量 | AR10: 本日完成數量 | BA10: 累計完成數量 | BJ10: 備註 | BN10: 契約單價金額 | BO10: 本日完成金額 | BP10: 累計完成金額 | BR10: 契約總額
A11: 壹. | D11: 直接工程
A12: 1 | D12: 工程告示牌、職業安全衛生告示牌與交通管制設施(租用) | AE12: 式 | AI12: 1 | BA12: =AR12+'1227'!BA12 -> 1 | BN12: 5000 | BO12: =SUM(AR12*BN12) -> 0 | BP12: =BO12+'1227'!BP12 -> 5000 | BQ12: =BP12 -> 5000 | BR12: 5000
A13: 2 | D13: 施工圍籬(租用) | AE13: M | AI13: 74 | BA13: =AR13+'1227'!BA13 -> 15 | BN13: 400 | BO13: =SUM(AR13*BN13) -> 0 | BP13: =BO13+'1227'!BP13 -> 6000 | BQ13: =BP13 -> 6000 | BR13: 29600
A14: 3 | D14: 施工動線開闢及損壞復原 | AE14: 式 | AI14: 1 | BA14: =AR14+'1227'!BA14 -> 0 | BN14: 5000 | BO14: =SUM(AR14*BN14) -> 0 | BP14: =BO14+'1227'!BP14 -> 0 | BQ14: =BP14 -> 0 | BR14: 5000
A15: 4 | D15: 測量與放樣 | AE15: 式 | AI15: 1 | BA15: =AR15+'1227'!BA15 -> 0 | BN15: 5000 | BO15: =SUM(AR15*BN15) -> 0 | BP15: =BO15+'1227'!BP15 -> 0 | BQ15: =BP15 -> 0 | BR15: 5000
A16: 5 | D16: 既有水溝清淤(含移除水溝內樹木竄根)，破損處以樹脂水泥砂漿整平，外側溝壁以樹脂水泥砂漿打底至與鋪面齊平 | AE16: M | AI16: 81 | BA16: =AR16+'1227'!BA16 -> 0 | BN16: 1000 | BO16: =SUM(AR16*BN16) -> 0 | BP16: =BO16+'1227'!BP16 -> 0 | BQ16: =BP16 -> 0 | BR16: 81000
A17: 6 | D17: 既有水溝安裝鍍鋅鋼板 | AE17: M | AI17: 22 | BA17: =AR17+'1227'!BA17 -> 0 | BN17: 4650 | BO17: =SUM(AR17*BN17) -> 0 | BP17: =BO17+'1227'!BP17 -> 0 | BQ17: =BP17 -> 0 | BR17: 102300
A18: 7 | D18: 新設RC水溝 | AE18: M | AI18: 23 | BA18: =AR18+'1227'!BA18 -> 0 | BN18: 3500 | BO18: =SUM(AR18*BN18) -> 0 | BP18: =BO18+'1227'!BP18 -> 0 | BQ18: =BP18 -> 0 | BR18: 80500
A19: 8 | D19: 設置鍍鋅鋼材烤漆止滑細縫水溝蓋含框 | AE19: 組 | AI19: 8 | BA19: =AR19+'1227'!BA19 -> 0 | BN19: 6250 | BO19: =SUM(AR19*BN19) -> 0 | BP19: =BO19+'1227'!BP19 -> 0 | BQ19: =BP19 -> 0 | BR19: 50000
A20: 9 | D20: 切割打除既有地坪，整地，底土壓實 | AE20: M2 | AI20: 68 | BA20: =AR20+'1227'!BA20 -> 0 | BN20: 1200 | BO20: =SUM(AR20*BN20) -> 0 | BP20: =BO20+'1227'!BP20 -> 0 | BQ20: =BP20 -> 0 | BR20: 81600
A21: 10 | D21: 新設RC地坪與斜坡，面層抿石子 | AE21: M2 | AI21: 68 | BA21: =AR21+'1227'!BA21 -> 0 | BN21: 3000 | BO21: =SUM(AR21*BN21) -> 0 | BP21: =BO21+'1227'!BP21 -> 0 | BQ21: =BP21 -> 0 | BR21: 204000
A22: 11 | D22: 北側圍牆邊陰井新設不鏽鋼沉水馬達220V/110V 1HP以上(含工帶料，需配浮球開關)，抽水至圍牆外水溝 | AE22: 組 | AI22: 1 | BA22: =AR22+'1227'!BA22 -> 0 | BN22: 20000 | BO22: =SUM(AR22*BN22) -> 0 | BP22: =BO22+'1227'!BP22 -> 0 | BQ22: =BP22 -> 0 | BR22: 20000
A23: 12 | D23: 西側既有走廊上水溝格柵蓋板，設置化妝蓋板含框，周邊復原 | AE23: 式 | AI23: 1 | BA23: =AR23+'1227'!BA23 -> 0 | BN23: 68000 | BO23: =SUM(AR23*BN23) -> 0 | BP23: =BO23+'1227'!BP23 -> 0 | BQ23: =BP23 -> 0 | BR23: 68000
... A25: 14 | D25: 材料檢驗費用 | AE25: 式 | AI25: 1 | BA25: =AR25+'1227'!BA25 -> 0 | BN25: 1440 | BO25: =SUM(AR25*BN25) -> 0 | BP25: =BO25+'1227'!BP25 -> 0 | BQ25: =BP25 -> 0 | BR25: 1440
D26: 合計(壹) | BO26: =SUM(BO12:BO25) -> 0 | BP26: =SUM(BP12:BP25) -> 11000 | BQ26: =BP26 -> 11000 | BR26: =SUM(BR12:BR25) -> 776279
A27: 貳 | D27: 職業安全衛生管理費 (壹*1%) | AE27: 式 | AI27: 1 | AR27: =SUM(BO26/BN27) -> 0 | BA27: =AR27+'1226'!BA27 -> 0 | BN27: 7762 | BO27: =SUM(AR27*BN27) -> 0 | BP27: =BO27+'1227'!BP27 -> 0 | BQ27: =BP27 -> 0 | BR27: 7762 | BS27: =SUM(BN27/BR26) -> 0.0099989823
A28: 參 | D28: 工程品質管制作業費 (壹*1%) | AE28: 式 | AI28: 1 | AR28: =SUM(BO26/BN28) -> 0 | BA28: =AR28+'1226'!BA28 -> 0 | BN28: 7763 | BO28: =SUM(AR28*BN28) -> 0 | BP28: =BO28+'1227'!BP28 -> 0 | BQ28: =BP28 -> 0 | BR28: 7763 | BS28: =SUM(BN28/BR26) -> 0.010000271
A29: 肆 | D29: 包商利潤及管理費 (約壹*7%) | AE29: 式 | AI29: 1 | AR29: =SUM(BO26/BN29) -> 0 | BA29: =AR29+'1226'!BA29 -> 0 | BN29: 54338 | BO29: =SUM(AR29*BN29) -> 0 | BP29: =BO29+'1227'!BP29 -> 0 | BQ29: =BP29 -> 0 | BR29: 54338 | BS29: =SUM(BN29/BR26) -> 0.069998029
A30: 伍 | D30: 保險費 | AE30: 式 | AI30: 1 | AR30: 0 | BA30: =AR30+'1226'!BA30 -> 1 | BN30: 3084 | BO30: =SUM(AR30*BN30) -> 0 | BP30: =BO30+'1227'!BP30 -> 3084 | BQ30: =BP30 -> 3084 | BR30: 3084 | BT30: =SUM(BR26:BR30) -> 849226
A31: 陸 | D31: 營業稅 ((壹~伍)*5%) | AE31: 式 | AI31: 1 | AR31: =SUM(BT31/BN31) -> 0 | BA31: =AR31+'1226'!BA31 -> 0 | BN31: 42461 | BO31: =SUM(AR31*BN31) -> 0 | BP31: =BO31+'1227'!BP31 -> 0 | BQ31: =BP31 -> 0 | BR31: 42461 | BS31: =SUM(BN31/BT30) -> 0.049999647 | BT31: =SUM(BO26:BO30) -> 0
D32: 發包工程費合計 (壹~陸) | BO32: =SUM(BO26:BO31) -> 0 | BP32: =SUM(BP26:BP31) -> 14084 | BQ32: =SUM(BQ26:BQ31) -> 14084 | BR32: =SUM(BR26:BR31) -> 891687
D33: 本日合計金額 | AR33: =BO32 -> 0
D34: 累計合計金額 | AR34: =BP32 -> 14084 | BN34: 契約單價金額 | BO34: 本日完成金額 | BP34: 累計完成金額
A35: 營造業專業工程特定施工項目
A36: A.
A37: B.
A38: 二、工地材料管理概況(含約定之重要材料使用情況及數量等)：
A39: 材料名稱 | V39: 單位 | Y39: 設計數量 | AI39: 本日使用數量 | AS39: 累計使用數量 | BC39: 備註
AS40: =AI40+'1227'!AS40 -> 0
AS41: =AI41+'1227'!AS41 -> 0
AS42: =AI42+'1227'!AS42 -> 0
AS43: =AI43+'1227'!AS43 -> 0
AS44: =AI44+'1227'!AS44 -> 0
A45: 三、工地人員及機具管理（含約定之出工人數及機具使用情形及數量）:
A46: 工別 | L46: 本日人數 | V46: 累計人數 | AI46: 機具名稱 | AS46: 本日完成數量 | BC46: 累計完成數量
A47: 技術工 | V47: =L47+'1227'!V47 -> 0 | AI47: 挖土機 | BC47: =AS47+'1227'!BC47 -> 0
A48: 小工 | V48: =L48+'1227'!V48 -> 0 | AI48: 鏟土機 | BC48: =AS48+'1227'!BC48 -> 0
A49: 四、本日施工項目是否有須依「營造業專業工程持定施工項目應置之技術士總類、比率或人數標準表」規定
A50: 應設置技術士之專業工程:□有(施工項目內容: )■無(此項如勾選"有"，則應
A51: 填寫「公共工程施工日誌之技術士簽章表」）
A52: 五、工地勞工安全衛生事項之督導、公共環境與安全之維護及其他工地行政事務：
A53: (一)施工前檢查事項：
A54: 1.實施勤前教育(含工地預防災變及危害告知)：■有 □無
A55: 2.確認新進勞工是否提報勞工保險(或其他商業保險)資料及安全衛生教育訓練紀錄：□有□無■無新進勞工
A56: 3.檢查勞工個人防護具：■有 □無
A57: (二)其他事項：
A58: 六、施工取樣試驗紀錄：
A59: 七、通知協力廠商辦理事項：
A60: 八、重要事項紀錄：備料
A61: 簽章；【工地主任】(註3)
B62: 註1.依營造業法第32第1項第2款規定，工地主任應按日填報施工日誌
B63: 2.本施工日誌格式僅供參考，惟原則應包含上開欄位，各機關亦得依工程性質及契約約定事項自行增訂之。
B64: 3.本工程依營業法第30條規定須置工地主任者，由工地主任簽章；依上開規定免置工地主任者，則由營造業法第32條
B65: 第2項所定之人員簽章。廠商非屬營造業者,由工地負責人簽章。
B66: 4.契約工期如有修正，應填修正後之契約工期，含展延工期及不計工期天數；如有依契約變更設計，預定進度及實際
B67: 進度應填變更設計後計算之進度。
B68: 5.上開重要事項記錄包含(1)主辦機關及監造單位指示波(2)工地遇緊急異常狀況之通報處理情形(3)本日是否由專任工
B69: 程人員督察按圖施工，解決施工技術問題等。
B70: 6.公共工程屬建築物者，請依內政部99年2月5日台內營字第0990800804號令頒之「建築物施工日誌」

Sheet 1229
A1: 公共工程施工日誌
A2: 表報編號： | H2: 15
A3: 本日天氣: | G3: 上午： | K3: 晴 | Q3: 下午: | U3: 晴 | AR3: 日期： | AW3: =SUM(R6+H2)-1 -> 45655 | BH3: =WEEKDAY(AW3) -> 1
A4: 工程名稱 | G4: 113年育英樓排水改善工程 | AN4: 承攬廠商名稱 | AV4: 齊全土木包工業
A5: 核定工期 | J5: 60 | O5: 天 | R5: 累計工期 | Z5: =H2-10 -> 5 | AE5: 天 | AH5: 剩餘工期 | AP5: =J5-Z5 -> 55 | AU5: 天 | AX5: 工期展廷天數 | BK5: 天
A6: 開 工 日 期 | R6: 45641 | AH6: 完 工 日 期 | AX6: =SUM(R6,J5)+31 -> 45732
A7: 本日預定進度(%) | R7: 0.00301 | AH7: 本日實際進度(%) | AX7: =SUM(AR33/BO7) -> 0 | BO7: 891687
A8: 累計預定進度(%) | R8: =R7+'1228'!R8 -> 0.01505 | AH8: 累計實際進度(%) | AX8: =AX7+'1228'!AX8 -> 0.01579478
A9: 一、依施工計劃書執行按圖施工概況(含約定之重要施工項目及完成數量等)等：
A10: 項次 | D10: 施工項目 | AE10: 單位 | AI10: 契約數量 | AR10: 本日完成數量 | BA10: 累計完成數量 | BJ10: 備註 | BN10: 契約單價金額 | BO10: 本日完成金額 | BP10: 累計完成金額 | BR10: 契約總額
A11: 壹. | D11: 直接工程
A12: 1 | D12: 工程告示牌、職業安全衛生告示牌與交通管制設施(租用) | AE12: 式 | AI12: 1 | BA12: =AR12+'1228'!BA12 -> 1 | BN12: 5000 | BO12: =SUM(AR12*BN12) -> 0 | BP12: =BO12+'1228'!BP12 -> 5000 | BQ12: =BP12 -> 5000 | BR12: 5000
A13: 2 | D13: 施工圍籬(租用) | AE13: M | AI13: 74 | BA13: =AR13+'1228'!BA13 -> 15 | BN13: 400 | BO13: =SUM(AR13*BN13) -> 0 | BP13: =BO13+'1228'!BP13 -> 6000 | BQ13: =BP13 -> 6000 | BR13: 29600
A14: 3 | D14: 施工動線開闢及損壞復原 | AE14: 式 | AI14: 1 | BA14: =AR14+'1228'!BA14 -> 0 | BN14: 5000 | BO14: =SUM(AR14*BN14) -> 0 | BP14: =BO14+'1228'!BP14 -> 0 | BQ14: =BP14 -> 0 | BR14: 5000
A15: 4 | D15: 測量與放樣 | AE15: 式 | AI15: 1 | BA15: =AR15+'1228'!BA15 -> 0 | BN15: 5000 | BO15: =SUM(AR15*BN15) -> 0 | BP15: =BO15+'1228'!BP15 -> 0 | BQ15: =BP15 -> 0 | BR15: 5000
A16: 5 | D16: 既有水溝清淤(含移除水溝內樹木竄根)，破損處以樹脂水泥砂漿整平，外側溝壁以樹脂水泥砂漿打底至與鋪面齊平 | AE16: M | AI16: 81 | BA16: =AR16+'1228'!BA16 -> 0 | BN16: 1000 | BO16: =SUM(AR16*BN16) -> 0 | BP16: =BO16+'1228'!BP16 -> 0 | BQ16: =BP16 -> 0 | BR16: 81000
A17: 6 | D17: 既有水溝安裝鍍鋅鋼板 | AE17: M | AI17: 22 | BA17: =AR17+'1228'!BA17 -> 0 | BN17: 4650 | BO17: =SUM(AR17*BN17) -> 0 | BP17: =BO17+'1228'!BP17 -> 0 | BQ17: =BP17 -> 0 | BR17: 102300
A18: 7 | D18: 新設RC水溝 | AE18: M | AI18: 23 | BA18: =AR18+'1228'!BA18 -> 0 | BN18: 3500 | BO18: =SUM(AR18*BN18) -> 0 | BP18: =BO18+'1228'!BP18 -> 0 | BQ18: =BP18 -> 0 | BR18: 80500
A19: 8 | D19: 設置鍍鋅鋼材烤漆止滑細縫水溝蓋含框 | AE19: 組 | AI19: 8 | BA19: =AR19+'1228'!BA19 -> 0 | BN19: 6250 | BO19: =SUM(AR19*BN19) -> 0 | BP19: =BO19+'1228'!BP19 -> 0 | BQ19: =BP19 -> 0 | BR19: 50000
A20: 9 | D20: 切割打除既有地坪，整地，底土壓實 | AE20: M2 | AI20: 68 | BA20: =AR20+'1228'!BA20 -> 0 | BN20: 1200 | BO20: =SUM(AR20*BN20) -> 0 | BP20: =BO20+'1228'!BP20 -> 0 | BQ20: =BP20 -> 0 | BR20: 81600
A21: 10 | D21: 新設RC地坪與斜坡，面層抿石子 | AE21: M2 | AI21: 68 | BA21: =AR21+'1228'!BA21 -> 0 | BN21: 3000 | BO21: =SUM(AR21*BN21) -> 0 | BP21: =BO21+'1228'!BP21 -> 0 | BQ21: =BP21 -> 0 | BR21: 204000
A22: 11 | D22: 北側圍牆邊陰井新設不鏽鋼沉水馬達220V/110V 1HP以上(含工帶料，需配浮球開關)，抽水至圍牆外水溝 | AE22: 組 | AI22: 1 | BA22: =AR22+'1228'!BA22 -> 0 | BN22: 20000 | BO22: =SUM(AR22*BN22) -> 0 | BP22: =BO22+'1228'!BP22 -> 0 | BQ22: =BP22 -> 0 | BR22: 20000
A23: 12 | D23: 西側既有走廊上水溝格柵蓋板，設置化妝蓋板含框，周邊復原 | AE23: 式 | AI23: 1 | BA23: =AR23+'1228'!BA23 -> 0 | BN23: 68000 | BO23: =SUM(AR23*BN23) -> 0 | BP23: =BO23+'1228'!BP23 -> 0 | BQ23: =BP23 -> 0 | BR23: 68000
... A25: 14 | D25: 材料檢驗費用 | AE25: 式 | AI25: 1 | BA25: =AR25+'1228'!BA25 -> 0 | BN25: 1440 | BO25: =SUM(AR25*BN25) -> 0 | BP25: =BO25+'1228'!BP25 -> 0 | BQ25: =BP25 -> 0 | BR25: 1440
D26: 合計(壹) | BO26: =SUM(BO12:BO25) -> 0 | BP26: =SUM(BP12:BP25) -> 11000 | BQ26: =BP26 -> 11000 | BR26: =SUM(BR12:BR25) -> 776279
A27: 貳 | D27: 職業安全衛生管理費 (壹*1%) | AE27: 式 | AI27: 1 | AR27: =SUM(BO26/BN27) -> 0 | BA27: =AR27+'1228'!BA27 -> 0 | BN27: 7762 | BO27: =SUM(AR27*BN27) -> 0 | BP27: =BO27+'1228'!BP27 -> 0 | BQ27: =BP27 -> 0 | BR27: 7762 | BS27: =SUM(BN27/BR26) -> 0.0099989823
A28: 參 | D28: 工程品質管制作業費 (壹*1%) | AE28: 式 | AI28: 1 | AR28: =SUM(BO26/BN28) -> 0 | BA28: =AR28+'1228'!BA28 -> 0 | BN28: 7763 | BO28: =SUM(AR28*BN28) -> 0 | BP28: =BO28+'1228'!BP28 -> 0 | BQ28: =BP28 -> 0 | BR28: 7763 | BS28: =SUM(BN28/BR26) -> 0.010000271
A29: 肆 | D29: 包商利潤及管理費 (約壹*7%) | AE29: 式 | AI29: 1 | AR29: =SUM(BO26/BN29) -> 0 | BA29: =AR29+'1228'!BA29 -> 0 | BN29: 54338 | BO29: =SUM(AR29*BN29) -> 0 | BP29: =BO29+'1228'!BP29 -> 0 | BQ29: =BP29 -> 0 | BR29: 54338 | BS29: =SUM(BN29/BR26) -> 0.069998029
A30: 伍 | D30: 保險費 | AE30: 式 | AI30: 1 | AR30: 0 | BA30: =AR30+'1228'!BA30 -> 1 | BN30: 3084 | BO30: =SUM(AR30*BN30) -> 0 | BP30: =BO30+'1228'!BP30 -> 3084 | BQ30: =BP30 -> 3084 | BR30: 3084 | BT30: =SUM(BR26:BR30) -> 849226
A31: 陸 | D31: 營業稅 ((壹~伍)*5%) | AE31: 式 | AI31: 1 | AR31: =SUM(BT31/BN31) -> 0 | BA31: =AR31+'1228'!BA31 -> 0 | BN31: 42461 | BO31: =SUM(AR31*BN31) -> 0 | BP31: =BO31+'1228'!BP31 -> 0 | BQ31: =BP31 -> 0 | BR31: 42461 | BS31: =SUM(BN31/BT30) -> 0.049999647 | BT31: =SUM(BO26:BO30) -> 0
D32: 發包工程費合計 (壹~陸) | BO32: =SUM(BO26:BO31) -> 0 | BP32: =SUM(BP26:BP31) -> 14084 | BQ32: =SUM(BQ26:BQ31) -> 14084 | BR32: =SUM(BR26:BR31) -> 891687
D33: 本日合計金額 | AR33: =BO32 -> 0
D34: 累計合計金額 | AR34: =BP32 -> 14084 | BN34: 契約單價金額 | BO34: 本日完成金額 | BP34: 累計完成金額
A35: 營造業專業工程特定施工項目
A36: A.
A37: B.
A38: 二、工地材料管理概況(含約定之重要材料使用情況及數量等)：
A39: 材料名稱 | V39: 單位 | Y39: 設計數量 | AI39: 本日使用數量 | AS39: 累計使用數量 | BC39: 備註
AS40: =AI40+'1228'!AS40 -> 0
AS41: =AI41+'1228'!AS41 -> 0
AS42: =AI42+'1228'!AS42 -> 0
AS43: =AI43+'1228'!AS43 -> 0
AS44: =AI44+'1228'!AS44 -> 0
A45: 三、工地人員及機具管理（含約定之出工人數及機具使用情形及數量）:
A46: 工別 | L46: 本日人數 | V46: 累計人數 | AI46: 機具名稱 | AS46: 本日完成數量 | BC46: 累計完成數量
A47: 技術工 | V47: =L47+'1228'!V47 -> 0 | AI47: 挖土機 | BC47: =AS47+'1228'!BC47 -> 0
A48: 小工 | V48: =L48+'1228'!V48 -> 0 | AI48: 鏟土機 | BC48: =AS48+'1228'!BC48 -> 0
A49: 四、本日施工項目是否有須依「營造業專業工程持定施工項目應置之技術士總類、比率或人數標準表」規定
A50: 應設置技術士之專業工程:□有(施工項目內容: )■無(此項如勾選"有"，則應
A51: 填寫「公共工程施工日誌之技術士簽章表」）
A52: 五、工地勞工安全衛生事項之督導、公共環境與安全之維護及其他工地行政事務：
A53: (一)施工前檢查事項：
A54: 1.實施勤前教育(含工地預防災變及危害告知)：■有 □無
A55: 2.確認新進勞工是否提報勞工保險(或其他商業保險)資料及安全衛生教育訓練紀錄：□有□無■無新進勞工
A56: 3.檢查勞工個人防護具：■有 □無
A57: (二)其他事項：
A58: 六、施工取樣試驗紀錄：
A59: 七、通知協力廠商辦理事項：
A60: 八、重要事項紀錄：備料
A61: 簽章；【工地主任】(註3)
B62: 註1.依營造業法第32第1項第2款規定，工地主任應按日填報施工日誌
B63: 2.本施工日誌格式僅供參考，惟原則應包含上開欄位，各機關亦得依工程性質及契約約定事項自行增訂之。
B64: 3.本工程依營業法第30條規定須置工地主任者，由工地主任簽章；依上開規定免置工地主任者，則由營造業法第32條
B65: 第2項所定之人員簽章。廠商非屬營造業者,由工地負責人簽章。
B66: 4.契約工期如有修正，應填修正後之契約工期，含展延工期及不計工期天數；如有依契約變更設計，預定進度及實際
B67: 進度應填變更設計後計算之進度。
B68: 5.上開重要事項記錄包含(1)主辦機關及監造單位指示波(2)工地遇緊急異常狀況之通報處理情形(3)本日是否由專任工
B69: 程人員督察按圖施工，解決施工技術問題等。
B70: 6.公共工程屬建築物者，請依內政部99年2月5日台內營字第0990800804號令頒之「建築物施工日誌」

Sheet 1230
A1: 公共工程施工日誌
A2: 表報編號： | H2: 16
A3: 本日天氣: | G3: 上午： | K3: 晴 | Q3: 下午: | U3: 晴 | AR3: 日期： | AW3: =SUM(R6+H2)-1 -> 45656 | BH3: =WEEKDAY(AW3) -> 2
A4: 工程名稱 | G4: 113年育英樓排水改善工程 | AN4: 承攬廠商名稱 | AV4: 齊全土木包工業
A5: 核定工期 | J5: 60 | O5: 天 | R5: 累計工期 | Z5: =H2-11 -> 5 | AE5: 天 | AH5: 剩餘工期 | AP5: =J5-Z5 -> 55 | AU5: 天 | AX5: 工期展廷天數 | BK5: 天
A6: 開 工 日 期 | R6: 45641 | AH6: 完 工 日 期 | AX6: =SUM(R6,J5)+31 -> 45732
A7: 本日預定進度(%) | R7: 0 | AH7: 本日實際進度(%) | AX7: =SUM(AR33/BO7) -> 0 | BO7: 891687
A8: 累計預定進度(%) | R8: =R7+'1229'!R8 -> 0.01505 | AH8: 累計實際進度(%) | AX8: =AX7+'1229'!AX8 -> 0.01579478
A9: 一、依施工計劃書執行按圖施工概況(含約定之重要施工項目及完成數量等)等：
A10: 項次 | D10: 施工項目 | AE10: 單位 | AI10: 契約數量 | AR10: 本日完成數量 | BA10: 累計完成數量 | BJ10: 備註 | BN10: 契約單價金額 | BO10: 本日完成金額 | BP10: 累計完成金額 | BR10: 契約總額
A11: 壹. | D11: 直接工程
A12: 1 | D12: 工程告示牌、職業安全衛生告示牌與交通管制設施(租用) | AE12: 式 | AI12: 1 | BA12: =AR12+'1229'!BA12 -> 1 | BN12: 5000 | BO12: =SUM(AR12*BN12) -> 0 | BP12: =BO12+'1229'!BP12 -> 5000 | BQ12: =BP12 -> 5000 | BR12: 5000
A13: 2 | D13: 施工圍籬(租用) | AE13: M | AI13: 74 | BA13: =AR13+'1229'!BA13 -> 15 | BN13: 400 | BO13: =SUM(AR13*BN13) -> 0 | BP13: =BO13+'1229'!BP13 -> 6000 | BQ13: =BP13 -> 6000 | BR13: 29600
A14: 3 | D14: 施工動線開闢及損壞復原 | AE14: 式 | AI14: 1 | BA14: =AR14+'1229'!BA14 -> 0 | BN14: 5000 | BO14: =SUM(AR14*BN14) -> 0 | BP14: =BO14+'1229'!BP14 -> 0 | BQ14: =BP14 -> 0 | BR14: 5000
A15: 4 | D15: 測量與放樣 | AE15: 式 | AI15: 1 | BA15: =AR15+'1229'!BA15 -> 0 | BN15: 5000 | BO15: =SUM(AR15*BN15) -> 0 | BP15: =BO15+'1229'!BP15 -> 0 | BQ15: =BP15 -> 0 | BR15: 5000
A16: 5 | D16: 既有水溝清淤(含移除水溝內樹木竄根)，破損處以樹脂水泥砂漿整平，外側溝壁以樹脂水泥砂漿打底至與鋪面齊平 | AE16: M | AI16: 81 | BA16: =AR16+'1229'!BA16 -> 0 | BN16: 1000 | BO16: =SUM(AR16*BN16) -> 0 | BP16: =BO16+'1229'!BP16 -> 0 | BQ16: =BP16 -> 0 | BR16: 81000
A17: 6 | D17: 既有水溝安裝鍍鋅鋼板 | AE17: M | AI17: 22 | BA17: =AR17+'1229'!BA17 -> 0 | BN17: 4650 | BO17: =SUM(AR17*BN17) -> 0 | BP17: =BO17+'1229'!BP17 -> 0 | BQ17: =BP17 -> 0 | BR17: 102300
A18: 7 | D18: 新設RC水溝 | AE18: M | AI18: 23 | BA18: =AR18+'1229'!BA18 -> 0 | BN18: 3500 | BO18: =SUM(AR18*BN18) -> 0 | BP18: =BO18+'1229'!BP18 -> 0 | BQ18: =BP18 -> 0 | BR18: 80500
A19: 8 | D19: 設置鍍鋅鋼材烤漆止滑細縫水溝蓋含框 | AE19: 組 | AI19: 8 | BA19: =AR19+'1229'!BA19 -> 0 | BN19: 6250 | BO19: =SUM(AR19*BN19) -> 0 | BP19: =BO19+'1229'!BP19 -> 0 | BQ19: =BP19 -> 0 | BR19: 50000
A20: 9 | D20: 切割打除既有地坪，整地，底土壓實 | AE20: M2 | AI20: 68 | BA20: =AR20+'1229'!BA20 -> 0 | BN20: 1200 | BO20: =SUM(AR20*BN20) -> 0 | BP20: =BO20+'1229'!BP20 -> 0 | BQ20: =BP20 -> 0 | BR20: 81600
A21: 10 | D21: 新設RC地坪與斜坡，面層抿石子 | AE21: M2 | AI21: 68 | BA21: =AR21+'1229'!BA21 -> 0 | BN21: 3000 | BO21: =SUM(AR21*BN21) -> 0 | BP21: =BO21+'1229'!BP21 -> 0 | BQ21: =BP21 -> 0 | BR21: 204000
A22: 11 | D22: 北側圍牆邊陰井新設不鏽鋼沉水馬達220V/110V 1HP以上(含工帶料，需配浮球開關)，抽水至圍牆外水溝 | AE22: 組 | AI22: 1 | BA22: =AR22+'1229'!BA22 -> 0 | BN22: 20000 | BO22: =SUM(AR22*BN22) -> 0 | BP22: =BO22+'1229'!BP22 -> 0 | BQ22: =BP22 -> 0 | BR22: 20000
A23: 12 | D23: 西側既有走廊上水溝格柵蓋板，設置化妝蓋板含框，周邊復原 | AE23: 式 | AI23: 1 | BA23: =AR23+'1229'!BA23 -> 0 | BN23: 68000 | BO23: =SUM(AR23*BN23) -> 0 | BP23: =BO23+'1229'!BP23 -> 0 | BQ23: =BP23 -> 0 | BR23: 68000
... A25: 14 | D25: 材料檢驗費用 | AE25: 式 | AI25: 1 | BA25: =AR25+'1229'!BA25 -> 0 | BN25: 1440 | BO25: =SUM(AR25*BN25) -> 0 | BP25: =BO25+'1229'!BP25 -> 0 | BQ25: =BP25 -> 0 | BR25: 1440
D26: 合計(壹) | BO26: =SUM(BO12:BO25) -> 0 | BP26: =SUM(BP12:BP25) -> 11000 | BQ26: =BP26 -> 11000 | BR26: =SUM(BR12:BR25) -> 776279
A27: 貳 | D27: 職業安全衛生管理費 (壹*1%) | AE27: 式 | AI27: 1 | AR27: =SUM(BO26/BN27) -> 0 | BA27: =AR27+'1229'!BA27 -> 0 | BN27: 7762 | BO27: =SUM(AR27*BN27) -> 0 | BP27: =BO27+'1229'!BP27 -> 0 | BQ27: =BP27 -> 0 | BR27: 7762 | BS27: =SUM(BN27/BR26) -> 0.0099989823
A28: 參 | D28: 工程品質管制作業費 (壹*1%) | AE28: 式 | AI28: 1 | AR28: =SUM(BO26/BN28) -> 0 | BA28: =AR28+'1229'!BA28 -> 0 | BN28: 7763 | BO28: =SUM(AR28*BN28) -> 0 | BP28: =BO28+'1229'!BP28 -> 0 | BQ28: =BP28 -> 0 | BR28: 7763 | BS28: =SUM(BN28/BR26) -> 0.010000271
A29: 肆 | D29: 包商利潤及管理費 (約壹*7%) | AE29: 式 | AI29: 1 | AR29: =SUM(BO26/BN29) -> 0 | BA29: =AR29+'1229'!BA29 -> 0 | BN29: 54338 | BO29: =SUM(AR29*BN29) -> 0 | BP29: =BO29+'1229'!BP29 -> 0 | BQ29: =BP29 -> 0 | BR29: 54338 | BS29: =SUM(BN29/BR26) -> 0.069998029
A30: 伍 | D30: 保險費 | AE30: 式 | AI30: 1 | AR30: 0 | BA30: =AR30+'1229'!BA30 -> 1 | BN30: 3084 | BO30: =SUM(AR30*BN30) -> 0 | BP30: =BO30+'1229'!BP30 -> 3084 | BQ30: =BP30 -> 3084 | BR30: 3084 | BT30: =SUM(BR26:BR30) -> 849226
A31: 陸 | D31: 營業稅 ((壹~伍)*5%) | AE31: 式 | AI31: 1 | AR31: =SUM(BT31/BN31) -> 0 | BA31: =AR31+'1229'!BA31 -> 0 | BN31: 42461 | BO31: =SUM(AR31*BN31) -> 0 | BP31: =BO31+'1229'!BP31 -> 0 | BQ31: =BP31 -> 0 | BR31: 42461 | BS31: =SUM(BN31/BT30) -> 0.049999647 | BT31: =SUM(BO26:BO30) -> 0
D32: 發包工程費合計 (壹~陸) | BO32: =SUM(BO26:BO31) -> 0 | BP32: =SUM(BP26:BP31) -> 14084 | BQ32: =SUM(BQ26:BQ31) -> 14084 | BR32: =SUM(BR26:BR31) -> 891687
D33: 本日合計金額 | AR33: =BO32 -> 0
D34: 累計合計金額 | AR34: =BP32 -> 14084 | BN34: 契約單價金額 | BO34: 本日完成金額 | BP34: 累計完成金額
A35: 營造業專業工程特定施工項目
A36: A.
A37: B.
A38: 二、工地材料管理概況(含約定之重要材料使用情況及數量等)：
A39: 材料名稱 | V39: 單位 | Y39: 設計數量 | AI39: 本日使用數量 | AS39: 累計使用數量 | BC39: 備註
AS40: =AI40+'1229'!AS40 -> 0
AS41: =AI41+'1229'!AS41 -> 0
AS42: =AI42+'1229'!AS42 -> 0
AS43: =AI43+'1229'!AS43 -> 0
AS44: =AI44+'1229'!AS44 -> 0
A45: 三、工地人員及機具管理（含約定之出工人數及機具使用情形及數量）:
A46: 工別 | L46: 本日人數 | V46: 累計人數 | AI46: 機具名稱 | AS46: 本日完成數量 | BC46: 累計完成數量
A47: 技術工 | V47: =L47+'1229'!V47 -> 0 | AI47: 挖土機 | BC47: =AS47+'1229'!BC47 -> 0
A48: 小工 | V48: =L48+'1229'!V48 -> 0 | AI48: 鏟土機 | BC48: =AS48+'1229'!BC48 -> 0
A49: 四、本日施工項目是否有須依「營造業專業工程持定施工項目應置之技術士總類、比率或人數標準表」規定
A50: 應設置技術士之專業工程:□有(施工項目內容: )■無(此項如勾選"有"，則應
A51: 填寫「公共工程施工日誌之技術士簽章表」）
A52: 五、工地勞工安全衛生事項之督導、公共環境與安全之維護及其他工地行政事務：
A53: (一)施工前檢查事項：
A54: 1.實施勤前教育(含工地預防災變及危害告知)：■有 □無
A55: 2.確認新進勞工是否提報勞工保險(或其他商業保險)資料及安全衛生教育訓練紀錄：□有□無■無新進勞工
A56: 3.檢查勞工個人防護具：■有 □無
A57: (二)其他事項：
A58: 六、施工取樣試驗紀錄：
A59: 七、通知協力廠商辦理事項：
A60: 八、重要事項紀錄：星期一依契約規定,本日不計入工期。
A61: 簽章；【工地主任】(註3)
B62: 註1.依營造業法第32第1項第2款規定，工地主任應按日填報施工日誌
B63: 2.本施工日誌格式僅供參考，惟原則應包含上開欄位，各機關亦得依工程性質及契約約定事項自行增訂之。
B64: 3.本工程依營業法第30條規定須置工地主任者，由工地主任簽章；依上開規定免置工地主任者，則由營造業法第32條
B65: 第2項所定之人員簽章。廠商非屬營造業者,由工地負責人簽章。
B66: 4.契約工期如有修正，應填修正後之契約工期，含展延工期及不計工期天數；如有依契約變更設計，預定進度及實際
B67: 進度應填變更設計後計算之進度。
B68: 5.上開重要事項記錄包含(1)主辦機關及監造單位指示波(2)工地遇緊急異常狀況之通報處理情形(3)本日是否由專任工
B69: 程人員督察按圖施工，解決施工技術問題等。
B70: 6.公共工程屬建築物者，請依內政部99年2月5日台內營字第0990800804號令頒之「建築物施工日誌」

Sheet 1231
A1: 公共工程施工日誌
A2: 表報編號： | H2: 17
A3: 本日天氣: | G3: 上午： | K3: 晴 | Q3: 下午: | U3: 晴 | AR3: 日期： | AW3: =SUM(R6+H2)-1 -> 45657 | BH3: =WEEKDAY(AW3) -> 3
A4: 工程名稱 | G4: 113年育英樓排水改善工程 | AN4: 承攬廠商名稱 | AV4: 齊全土木包工業
A5: 核定工期 | J5: 60 | O5: 天 | R5: 累計工期 | Z5: =H2-12 -> 5 | AE5: 天 | AH5: 剩餘工期 | AP5: =J5-Z5 -> 55 | AU5: 天 | AX5: 工期展廷天數 | BK5: 天
A6: 開 工 日 期 | R6: 45641 | AH6: 完 工 日 期 | AX6: =SUM(R6,J5)+31 -> 45732
A7: 本日預定進度(%) | R7: 0 | AH7: 本日實際進度(%) | AX7: =SUM(AR33/BO7) -> 0 | BO7: 891687
A8: 累計預定進度(%) | R8: =R7+'1230'!R8 -> 0.01505 | AH8: 累計實際進度(%) | AX8: =AX7+'1230'!AX8 -> 0.01579478
A9: 一、依施工計劃書執行按圖施工概況(含約定之重要施工項目及完成數量等)等：
A10: 項次 | D10: 施工項目 | AE10: 單位 | AI10: 契約數量 | AR10: 本日完成數量 | BA10: 累計完成數量 | BJ10: 備註 | BN10: 契約單價金額 | BO10: 本日完成金額 | BP10: 累計完成金額 | BR10: 契約總額
A11: 壹. | D11: 直接工程
A12: 1 | D12: 工程告示牌、職業安全衛生告示牌與交通管制設施(租用) | AE12: 式 | AI12: 1 | BA12: =AR12+'1230'!BA12 -> 1 | BN12: 5000 | BO12: =SUM(AR12*BN12) -> 0 | BP12: =BO12+'1230'!BP12 -> 5000 | BQ12: =BP12 -> 5000 | BR12: 5000
A13: 2 | D13: 施工圍籬(租用) | AE13: M | AI13: 74 | BA13: =AR13+'1230'!BA13 -> 15 | BN13: 400 | BO13: =SUM(AR13*BN13) -> 0 | BP13: =BO13+'1230'!BP13 -> 6000 | BQ13: =BP13 -> 6000 | BR13: 29600
A14: 3 | D14: 施工動線開闢及損壞復原 | AE14: 式 | AI14: 1 | BA14: =AR14+'1230'!BA14 -> 0 | BN14: 5000 | BO14: =SUM(AR14*BN14) -> 0 | BP14: =BO14+'1230'!BP14 -> 0 | BQ14: =BP14 -> 0 | BR14: 5000
A15: 4 | D15: 測量與放樣 | AE15: 式 | AI15: 1 | BA15: =AR15+'1230'!BA15 -> 0 | BN15: 5000 | BO15: =SUM(AR15*BN15) -> 0 | BP15: =BO15+'1230'!BP15 -> 0 | BQ15: =BP15 -> 0 | BR15: 5000
A16: 5 | D16: 既有水溝清淤(含移除水溝內樹木竄根)，破損處以樹脂水泥砂漿整平，外側溝壁以樹脂水泥砂漿打底至與鋪面齊平 | AE16: M | AI16: 81 | BA16: =AR16+'1230'!BA16 -> 0 | BN16: 1000 | BO16: =SUM(AR16*BN16) -> 0 | BP16: =BO16+'1230'!BP16 -> 0 | BQ16: =BP16 -> 0 | BR16: 81000
A17: 6 | D17: 既有水溝安裝鍍鋅鋼板 | AE17: M | AI17: 22 | BA17: =AR17+'1230'!BA17 -> 0 | BN17: 4650 | BO17: =SUM(AR17*BN17) -> 0 | BP17: =BO17+'1230'!BP17 -> 0 | BQ17: =BP17 -> 0 | BR17: 102300
A18: 7 | D18: 新設RC水溝 | AE18: M | AI18: 23 | BA18: =AR18+'1230'!BA18 -> 0 | BN18: 3500 | BO18: =SUM(AR18*BN18) -> 0 | BP18: =BO18+'1230'!BP18 -> 0 | BQ18: =BP18 -> 0 | BR18: 80500
A19: 8 | D19: 設置鍍鋅鋼材烤漆止滑細縫水溝蓋含框 | AE19: 組 | AI19: 8 | BA19: =AR19+'1230'!BA19 -> 0 | BN19: 6250 | BO19: =SUM(AR19*BN19) -> 0 | BP19: =BO19+'1230'!BP19 -> 0 | BQ19: =BP19 -> 0 | BR19: 50000
A20: 9 | D20: 切割打除既有地坪，整地，底土壓實 | AE20: M2 | AI20: 68 | BA20: =AR20+'1230'!BA20 -> 0 | BN20: 1200 | BO20: =SUM(AR20*BN20) -> 0 | BP20: =BO20+'1230'!BP20 -> 0 | BQ20: =BP20 -> 0 | BR20: 81600
A21: 10 | D21: 新設RC地坪與斜坡，面層抿石子 | AE21: M2 | AI21: 68 | BA21: =AR21+'1230'!BA21 -> 0 | BN21: 3000 | BO21: =SUM(AR21*BN21) -> 0 | BP21: =BO21+'1230'!BP21 -> 0 | BQ21: =BP21 -> 0 | BR21: 204000
A22: 11 | D22: 北側圍牆邊陰井新設不鏽鋼沉水馬達220V/110V 1HP以上(含工帶料，需配浮球開關)，抽水至圍牆外水溝 | AE22: 組 | AI22: 1 | BA22: =AR22+'1230'!BA22 -> 0 | BN22: 20000 | BO22: =SUM(AR22*BN22) -> 0 | BP22: =BO22+'1230'!BP22 -> 0 | BQ22: =BP22 -> 0 | BR22: 20000
A23: 12 | D23: 西側既有走廊上水溝格柵蓋板，設置化妝蓋板含框，周邊復原 | AE23: 式 | AI23: 1 | BA23: =AR23+'1230'!BA23 -> 0 | BN23: 68000 | BO23: =SUM(AR23*BN23) -> 0 | BP23: =BO23+'1230'!BP23 -> 0 | BQ23: =BP23 -> 0 | BR23: 68000
... A25: 14 | D25: 材料檢驗費用 | AE25: 式 | AI25: 1 | BA25: =AR25+'1230'!BA25 -> 0 | BN25: 1440 | BO25: =SUM(AR25*BN25) -> 0 | BP25: =BO25+'1230'!BP25 -> 0 | BQ25: =BP25 -> 0 | BR25: 1440
D26: 合計(壹) | BO26: =SUM(BO12:BO25) -> 0 | BP26: =SUM(BP12:BP25) -> 11000 | BQ26: =BP26 -> 11000 | BR26: =SUM(BR12:BR25) -> 776279
A27: 貳 | D27: 職業安全衛生管理費 (壹*1%) | AE27: 式 | AI27: 1 | AR27: =SUM(BO26/BN27) -> 0 | BA27: =AR27+'1230'!BA27 -> 0 | BN27: 7762 | BO27: =SUM(AR27*BN27) -> 0 | BP27: =BO27+'1230'!BP27 -> 0 | BQ27: =BP27 -> 0 | BR27: 7762 | BS27: =SUM(BN27/BR26) -> 0.0099989823
A28: 參 | D28: 工程品質管制作業費 (壹*1%) | AE28: 式 | AI28: 1 | AR28: =SUM(BO26/BN28) -> 0 | BA28: =AR28+'1230'!BA28 -> 0 | BN28: 7763 | BO28: =SUM(AR28*BN28) -> 0 | BP28: =BO28+'1230'!BP28 -> 0 | BQ28: =BP28 -> 0 | BR28: 7763 | BS28: =SUM(BN28/BR26) -> 0.010000271
A29: 肆 | D29: 包商利潤及管理費 (約壹*7%) | AE29: 式 | AI29: 1 | AR29: =SUM(BO26/BN29) -> 0 | BA29: =AR29+'1230'!BA29 -> 0 | BN29: 54338 | BO29: =SUM(AR29*BN29) -> 0 | BP29: =BO29+'1230'!BP29 -> 0 | BQ29: =BP29 -> 0 | BR29: 54338 | BS29: =SUM(BN29/BR26) -> 0.069998029
A30: 伍 | D30: 保險費 | AE30: 式 | AI30: 1 | AR30: 0 | BA30: =AR30+'1230'!BA30 -> 1 | BN30: 3084 | BO30: =SUM(AR30*BN30) -> 0 | BP30: =BO30+'1230'!BP30 -> 3084 | BQ30: =BP30 -> 3084 | BR30: 3084 | BT30: =SUM(BR26:BR30) -> 849226
A31: 陸 | D31: 營業稅 ((壹~伍)*5%) | AE31: 式 | AI31: 1 | AR31: =SUM(BT31/BN31) -> 0 | BA31: =AR31+'1230'!BA31 -> 0 | BN31: 42461 | BO31: =SUM(AR31*BN31) -> 0 | BP31: =BO31+'1230'!BP31 -> 0 | BQ31: =BP31 -> 0 | BR31: 42461 | BS31: =SUM(BN31/BT30) -> 0.049999647 | BT31: =SUM(BO26:BO30) -> 0
D32: 發包工程費合計 (壹~陸) | BO32: =SUM(BO26:BO31) -> 0 | BP32: =SUM(BP26:BP31) -> 14084 | BQ32: =SUM(BQ26:BQ31) -> 14084 | BR32: =SUM(BR26:BR31) -> 891687
D33: 本日合計金額 | AR33: =BO32 -> 0
D34: 累計合計金額 | AR34: =BP32 -> 14084 | BN34: 契約單價金額 | BO34: 本日完成金額 | BP34: 累計完成金額
A35: 營造業專業工程特定施工項目
A36: A.
A37: B.
A38: 二、工地材料管理概況(含約定之重要材料使用情況及數量等)：
A39: 材料名稱 | V39: 單位 | Y39: 設計數量 | AI39: 本日使用數量 | AS39: 累計使用數量 | BC39: 備註
AS40: =AI40+'1230'!AS40 -> 0
AS41: =AI41+'1230'!AS41 -> 0
AS42: =AI42+'1230'!AS42 -> 0
AS43: =AI43+'1230'!AS43 -> 0
AS44: =AI44+'1230'!AS44 -> 0
A45: 三、工地人員及機具管理（含約定之出工人數及機具使用情形及數量）:
A46: 工別 | L46: 本日人數 | V46: 累計人數 | AI46: 機具名稱 | AS46: 本日完成數量 | BC46: 累計完成數量
A47: 技術工 | V47: =L47+'1230'!V47 -> 0 | AI47: 挖土機 | BC47: =AS47+'1230'!BC47 -> 0
A48: 小工 | V48: =L48+'1230'!V48 -> 0 | AI48: 鏟土機 | BC48: =AS48+'1230'!BC48 -> 0
A49: 四、本日施工項目是否有須依「營造業專業工程持定施工項目應置之技術士總類、比率或人數標準表」規定
A50: 應設置技術士之專業工程:□有(施工項目內容: )■無(此項如勾選"有"，則應
A51: 填寫「公共工程施工日誌之技術士簽章表」）
A52: 五、工地勞工安全衛生事項之督導、公共環境與安全之維護及其他工地行政事務：
A53: (一)施工前檢查事項：
A54: 1.實施勤前教育(含工地預防災變及危害告知)：■有 □無
A55: 2.確認新進勞工是否提報勞工保險(或其他商業保險)資料及安全衛生教育訓練紀錄：□有□無■無新進勞工
A56: 3.檢查勞工個人防護具：■有 □無
A57: (二)其他事項：
A58: 六、施工取樣試驗紀錄：
A59: 七、通知協力廠商辦理事項：
A60: 八、重要事項紀錄：星期二依契約規定,本日不計入工期。
A61: 簽章；【工地主任】(註3)
B62: 註1.依營造業法第32第1項第2款規定，工地主任應按日填報施工日誌
B63: 2.本施工日誌格式僅供參考，惟原則應包含上開欄位，各機關亦得依工程性質及契約約定事項自行增訂之。
B64: 3.本工程依營業法第30條規定須置工地主任者，由工地主任簽章；依上開規定免置工地主任者，則由營造業法第32條
B65: 第2項所定之人員簽章。廠商非屬營造業者,由工地負責人簽章。
B66: 4.契約工期如有修正，應填修正後之契約工期，含展延工期及不計工期天數；如有依契約變更設計，預定進度及實際
B67: 進度應填變更設計後計算之進度。
B68: 5.上開重要事項記錄包含(1)主辦機關及監造單位指示波(2)工地遇緊急異常狀況之通報處理情形(3)本日是否由專任工
B69: 程人員督察按圖施工，解決施工技術問題等。
B70: 6.公共工程屬建築物者，請依內政部99年2月5日台內營字第0990800804號令頒之「建築物施工日誌」

Sheet 0101
A1: 公共工程施工日誌
A2: 表報編號： | H2: 18
A3: 本日天氣: | G3: 上午： | K3: 晴 | Q3: 下午: | U3: 晴 | AR3: 日期： | AW3: =SUM(R6+H2)-1 -> 45658 | BH3: =WEEKDAY(AW3) -> 4
A4: 工程名稱 | G4: 113年育英樓排水改善工程 | AN4: 承攬廠商名稱 | AV4: 齊全土木包工業
A5: 核定工期 | J5: 60 | O5: 天 | R5: 累計工期 | Z5: =H2-12 -> 6 | AE5: 天 | AH5: 剩餘工期 | AP5: =J5-Z5 -> 54 | AU5: 天 | AX5: 工期展廷天數 | BK5: 天
A6: 開 工 日 期 | R6: 45641 | AH6: 完 工 日 期 | AX6: =SUM(R6,J5)+31 -> 45732
A7: 本日預定進度(%) | R7: 0.00301 | AH7: 本日實際進度(%) | AX7: =SUM(AR33/BO7) -> 0.018145381 | BO7: 891687
A8: 累計預定進度(%) | R8: =R7+'1231'!R8 -> 0.01806 | AH8: 累計實際進度(%) | AX8: =AX7+'1231'!AX8 -> 0.033940161
A9: 一、依施工計劃書執行按圖施工概況(含約定之重要施工項目及完成數量等)等：
A10: 項次 | D10: 施工項目 | AE10: 單位 | AI10: 契約數量 | AR10: 本日完成數量 | BA10: 累計完成數量 | BJ10: 備註 | BN10: 契約單價金額 | BO10: 本日完成金額 | BP10: 累計完成金額 | BR10: 契約總額
A11: 壹. | D11: 直接工程
A12: 1 | D12: 工程告示牌、職業安全衛生告示牌與交通管制設施(租用) | AE12: 式 | AI12: 1 | BA12: =AR12+'1231'!BA12 -> 1 | BN12: 5000 | BO12: =SUM(AR12*BN12) -> 0 | BP12: =BO12+'1231'!BP12 -> 5000 | BQ12: =BP12 -> 5000 | BR12: 5000
A13: 2 | D13: 施工圍籬(租用) | AE13: M | AI13: 74 | BA13: =AR13+'1231'!BA13 -> 15 | BN13: 400 | BO13: =SUM(AR13*BN13) -> 0 | BP13: =BO13+'1231'!BP13 -> 6000 | BQ13: =BP13 -> 6000 | BR13: 29600
A14: 3 | D14: 施工動線開闢及損壞復原 | AE14: 式 | AI14: 1 | BA14: =AR14+'1231'!BA14 -> 0 | BN14: 5000 | BO14: =SUM(AR14*BN14) -> 0 | BP14: =BO14+'1231'!BP14 -> 0 | BQ14: =BP14 -> 0 | BR14: 5000
A15: 4 | D15: 測量與放樣 | AE15: 式 | AI15: 1 | BA15: =AR15+'1231'!BA15 -> 0 | BN15: 5000 | BO15: =SUM(AR15*BN15) -> 0 | BP15: =BO15+'1231'!BP15 -> 0 | BQ15: =BP15 -> 0 | BR15: 5000
A16: 5 | D16: 既有水溝清淤(含移除水溝內樹木竄根)，破損處以樹脂水泥砂漿整平，外側溝壁以樹脂水泥砂漿打底至與鋪面齊平 | AE16: M | AI16: 81 | BA16: =AR16+'1231'!BA16 -> 0 | BN16: 1000 | BO16: =SUM(AR16*BN16) -> 0 | BP16: =BO16+'1231'!BP16 -> 0 | BQ16: =BP16 -> 0 | BR16: 81000
A17: 6 | D17: 既有水溝安裝鍍鋅鋼板 | AE17: M | AI17: 22 | BA17: =AR17+'1231'!BA17 -> 0 | BN17: 4650 | BO17: =SUM(AR17*BN17) -> 0 | BP17: =BO17+'1231'!BP17 -> 0 | BQ17: =BP17 -> 0 | BR17: 102300
A18: 7 | D18: 新設RC水溝 | AE18: M | AI18: 23 | BA18: =AR18+'1231'!BA18 -> 0 | BN18: 3500 | BO18: =SUM(AR18*BN18) -> 0 | BP18: =BO18+'1231'!BP18 -> 0 | BQ18: =BP18 -> 0 | BR18: 80500
A19: 8 | D19: 設置鍍鋅鋼材烤漆止滑細縫水溝蓋含框 | AE19: 組 | AI19: 8 | BA19: =AR19+'1231'!BA19 -> 0 | BN19: 6250 | BO19: =SUM(AR19*BN19) -> 0 | BP19: =BO19+'1231'!BP19 -> 0 | BQ19: =BP19 -> 0 | BR19: 50000
A20: 9 | D20: 切割打除既有地坪，整地，底土壓實 | AE20: M2 | AI20: 68 | BA20: =AR20+'1231'!BA20 -> 0 | BN20: 1200 | BO20: =SUM(AR20*BN20) -> 0 | BP20: =BO20+'1231'!BP20 -> 0 | BQ20: =BP20 -> 0 | BR20: 81600
A21: 10 | D21: 新設RC地坪與斜坡，面層抿石子 | AE21: M2 | AI21: 68 | BA21: =AR21+'1231'!BA21 -> 0 | BN21: 3000 | BO21: =SUM(AR21*BN21) -> 0 | BP21: =BO21+'1231'!BP21 -> 0 | BQ21: =BP21 -> 0 | BR21: 204000
A22: 11 | D22: 北側圍牆邊陰井新設不鏽鋼沉水馬達220V/110V 1HP以上(含工帶料，需配浮球開關)，抽水至圍牆外水溝 | AE22: 組 | AI22: 1 | BA22: =AR22+'1231'!BA22 -> 0 | BN22: 20000 | BO22: =SUM(AR22*BN22) -> 0 | BP22: =BO22+'1231'!BP22 -> 0 | BQ22: =BP22 -> 0 | BR22: 20000
A23: 12 | D23: 西側既有走廊上水溝格柵蓋板，設置化妝蓋板含框，周邊復原 | AE23: 式 | AI23: 1 | BA23: =AR23+'1231'!BA23 -> 0 | BN23: 68000 | BO23: =SUM(AR23*BN23) -> 0 | BP23: =BO23+'1231'!BP23 -> 0 | BQ23: =BP23 -> 0 | BR23: 68000
... A25: 14 | D25: 材料檢驗費用 | AE25: 式 | AI25: 1 | BA25: =AR25+'1231'!BA25 -> 0 | BN25: 1440 | BO25: =SUM(AR25*BN25) -> 0 | BP25: =BO25+'1231'!BP25 -> 0 | BQ25: =BP25 -> 0 | BR25: 1440
D26: 合計(壹) | BO26: =SUM(BO12:BO25) -> 0 | BP26: =SUM(BP12:BP25) -> 11000 | BQ26: =BP26 -> 11000 | BR26: =SUM(BR12:BR25) -> 776279
A27: 貳 | D27: 職業安全衛生管理費 (壹*1%) | AE27: 式 | AI27: 1 | AR27: =SUM(BO27/BN27) -> 0.014171605 | BA27: =AR27+'1231'!BA27 -> 0.014171605 | BN27: 7762 | BO27: 110 | BP27: =BO27+'1231'!BP27 -> 110 | BQ27: =BP27 -> 110 | BR27: 7762 | BS27: =SUM(BN27/BR26) -> 0.0099989823
A28: 參 | D28: 工程品質管制作業費 (壹*1%) | AE28: 式 | AI28: 1 | AR28: =SUM(BO28/BN28) -> 0.01416978 | BA28: =AR28+'1231'!BA28 -> 0.01416978 | BN28: 7763 | BO28: 110 | BP28: =BO28+'1231'!BP28 -> 110 | BQ28: =BP28 -> 110 | BR28: 7763 | BS28: =SUM(BN28/BR26) -> 0.010000271
A29: 肆 | D29: 包商利潤及管理費 (約壹*7%) | AE29: 式 | AI29: 1 | AR29: =SUM(BO29/BN29) -> 0.014170562 | BA29: =AR29+'1231'!BA29 -> 0.014170562 | BN29: 54338 | BO29: 770 | BP29: =BO29+'1231'!BP29 -> 770 | BQ29: =BP29 -> 770 | BR29: 54338 | BS29: =SUM(BN29/BR26) -> 0.069998029
A30: 伍 | D30: 保險費 | AE30: 式 | AI30: 1 | AR30: 0 | BA30: =AR30+'1231'!BA30 -> 1 | BN30: 3084 | BO30: =SUM(AR30*BN30) -> 0 | BP30: =BO30+'1231'!BP30 -> 3084 | BQ30: =BP30 -> 3084 | BR30: 3084 | BT30: =SUM(BR26:BR30) -> 849226
A31: 陸 | D31: 營業稅 ((壹~伍)*5%) | AE31: 式 | AI31: 1 | AR31: =SUM(BO31/BN31)+0.0001 -> 0.35784004 | BA31: =AR31+'1231'!BA31 -> 0.35784004 | BN31: 42461 | BO31: 15190 | BP31: =BO31+'1231'!BP31 -> 15190 | BQ31: =BP31 -> 15190 | BR31: 42461 | BS31: =SUM(BN31/BT30) -> 0.049999647 | BT31: =SUM(BO26:BO30) -> 990
D32: 發包工程費合計 (壹~陸) | BO32: =SUM(BO26:BO31) -> 16180 | BP32: =SUM(BP26:BP31) -> 30264 | BQ32: =SUM(BQ26:BQ31) -> 30264 | BR32: =SUM(BR26:BR31) -> 891687
D33: 本日合計金額 | AR33: =BO32 -> 16180
D34: 累計合計金額 | AR34: =BP32 -> 30264 | BN34: 契約單價金額 | BO34: 本日完成金額 | BP34: 累計完成金額
A35: 營造業專業工程特定施工項目
A36: A.
A37: B.
A38: 二、工地材料管理概況(含約定之重要材料使用情況及數量等)：
A39: 材料名稱 | V39: 單位 | Y39: 設計數量 | AI39: 本日使用數量 | AS39: 累計使用數量 | BC39: 備註
AS40: =AI40+'1231'!AS40 -> 0
AS41: =AI41+'1231'!AS41 -> 0
AS42: =AI42+'1231'!AS42 -> 0
AS43: =AI43+'1231'!AS43 -> 0
AS44: =AI44+'1231'!AS44 -> 0
A45: 三、工地人員及機具管理（含約定之出工人數及機具使用情形及數量）:
A46: 工別 | L46: 本日人數 | V46: 累計人數 | AI46: 機具名稱 | AS46: 本日完成數量 | BC46: 累計完成數量
A47: 技術工 | V47: =L47+'1231'!V47 -> 0 | AI47: 挖土機 | BC47: =AS47+'1231'!BC47 -> 0
A48: 小工 | V48: =L48+'1231'!V48 -> 0 | AI48: 鏟土機 | BC48: =AS48+'1231'!BC48 -> 0
A49: 四、本日施工項目是否有須依「營造業專業工程持定施工項目應置之技術士總類、比率或人數標準表」規定
A50: 應設置技術士之專業工程:□有(施工項目內容: )■無(此項如勾選"有"，則應
A51: 填寫「公共工程施工日誌之技術士簽章表」）
A52: 五、工地勞工安全衛生事項之督導、公共環境與安全之維護及其他工地行政事務：
A53: (一)施工前檢查事項：
A54: 1.實施勤前教育(含工地預防災變及危害告知)：■有 □無
A55: 2.確認新進勞工是否提報勞工保險(或其他商業保險)資料及安全衛生教育訓練紀錄：□有□無■無新進勞工
A56: 3.檢查勞工個人防護具：■有 □無
A57: (二)其他事項：
A58: 六、施工取樣試驗紀錄：
A59: 七、通知協力廠商辦理事項：
A60: 八、重要事項紀錄：備料
A61: 簽章；【工地主任】(註3)
B62: 註1.依營造業法第32第1項第2款規定，工地主任應按日填報施工日誌
B63: 2.本施工日誌格式僅供參考，惟原則應包含上開欄位，各機關亦得依工程性質及契約約定事項自行增訂之。
B64: 3.本工程依營業法第30條規定須置工地主任者，由工地主任簽章；依上開規定免置工地主任者，則由營造業法第32條
B65: 第2項所定之人員簽章。廠商非屬營造業者,由工地負責人簽章。
B66: 4.契約工期如有修正，應填修正後之契約工期，含展延工期及不計工期天數；如有依契約變更設計，預定進度及實際
B67: 進度應填變更設計後計算之進度。
B68: 5.上開重要事項記錄包含(1)主辦機關及監造單位指示波(2)工地遇緊急異常狀況之通報處理情形(3)本日是否由專任工
B69: 程人員督察按圖施工，解決施工技術問題等。
B70: 6.公共工程屬建築物者，請依內政部99年2月5日台內營字第0990800804號令頒之「建築物施工日誌」

Sheet 0102
A1: 公共工程施工日誌
A2: 表報編號： | H2: 19
A3: 本日天氣: | G3: 上午： | K3: 晴 | Q3: 下午: | U3: 晴 | AR3: 日期： | AW3: =SUM(R6+H2)-1 -> 45659 | BH3: =WEEKDAY(AW3) -> 5
A4: 工程名稱 | G4: 113年育英樓排水改善工程 | AN4: 承攬廠商名稱 | AV4: 齊全土木包工業
A5: 核定工期 | J5: 60 | O5: 天 | R5: 累計工期 | Z5: =H2-13 -> 6 | AE5: 天 | AH5: 剩餘工期 | AP5: =J5-Z5 -> 54 | AU5: 天 | AX5: 工期展廷天數 | BK5: 天
A6: 開 工 日 期 | R6: 45641 | AH6: 完 工 日 期 | AX6: =SUM(R6,J5)+31 -> 45732
A7: 本日預定進度(%) | R7: 0 | AH7: 本日實際進度(%) | AX7: =SUM(AR33/BO7) -> 0 | BO7: 891687
A8: 累計預定進度(%) | R8: =R7+'0101'!R8 -> 0.01806 | AH8: 累計實際進度(%) | AX8: =AX7+'0101'!AX8 -> 0.033940161
A9: 一、依施工計劃書執行按圖施工概況(含約定之重要施工項目及完成數量等)等：
A10: 項次 | D10: 施工項目 | AE10: 單位 | AI10: 契約數量 | AR10: 本日完成數量 | BA10: 累計完成數量 | BJ10: 備註 | BN10: 契約單價金額 | BO10: 本日完成金額 | BP10: 累計完成金額 | BR10: 契約總額
A11: 壹. | D11: 直接工程
A12: 1 | D12: 工程告示牌、職業安全衛生告示牌與交通管制設施(租用) | AE12: 式 | AI12: 1 | BA12: =AR12+'0101'!BA12 -> 1 | BN12: 5000 | BO12: =SUM(AR12*BN12) -> 0 | BP12: =BO12+'0101'!BP12 -> 5000 | BQ12: =BP12 -> 5000 | BR12: 5000
A13: 2 | D13: 施工圍籬(租用) | AE13: M | AI13: 74 | BA13: =AR13+'0101'!BA13 -> 15 | BN13: 400 | BO13: =SUM(AR13*BN13) -> 0 | BP13: =BO13+'0101'!BP13 -> 6000 | BQ13: =BP13 -> 6000 | BR13: 29600
A14: 3 | D14: 施工動線開闢及損壞復原 | AE14: 式 | AI14: 1 | BA14: =AR14+'0101'!BA14 -> 0 | BN14: 5000 | BO14: =SUM(AR14*BN14) -> 0 | BP14: =BO14+'0101'!BP14 -> 0 | BQ14: =BP14 -> 0 | BR14: 5000
A15: 4 | D15: 測量與放樣 | AE15: 式 | AI15: 1 | BA15: =AR15+'0101'!BA15 -> 0 | BN15: 5000 | BO15: =SUM(AR15*BN15) -> 0 | BP15: =BO15+'0101'!BP15 -> 0 | BQ15: =BP15 -> 0 | BR15: 5000
A16: 5 | D16: 既有水溝清淤(含移除水溝內樹木竄根)，破損處以樹脂水泥砂漿整平，外側溝壁以樹脂水泥砂漿打底至與鋪面齊平 | AE16: M | AI16: 81 | BA16: =AR16+'0101'!BA16 -> 0 | BN16: 1000 | BO16: =SUM(AR16*BN16) -> 0 | BP16: =BO16+'0101'!BP16 -> 0 | BQ16: =BP16 -> 0 | BR16: 81000
A17: 6 | D17: 既有水溝安裝鍍鋅鋼板 | AE17: M | AI17: 22 | BA17: =AR17+'0101'!BA17 -> 0 | BN17: 4650 | BO17: =SUM(AR17*BN17) -> 0 | BP17: =BO17+'0101'!BP17 -> 0 | BQ17: =BP17 -> 0 | BR17: 102300
A18: 7 | D18: 新設RC水溝 | AE18: M | AI18: 23 | BA18: =AR18+'0101'!BA18 -> 0 | BN18: 3500 | BO18: =SUM(AR18*BN18) -> 0 | BP18: =BO18+'0101'!BP18 -> 0 | BQ18: =BP18 -> 0 | BR18: 80500
A19: 8 | D19: 設置鍍鋅鋼材烤漆止滑細縫水溝蓋含框 | AE19: 組 | AI19: 8 | BA19: =AR19+'0101'!BA19 -> 0 | BN19: 6250 | BO19: =SUM(AR19*BN19) -> 0 | BP19: =BO19+'0101'!BP19 -> 0 | BQ19: =BP19 -> 0 | BR19: 50000
A20: 9 | D20: 切割打除既有地坪，整地，底土壓實 | AE20: M2 | AI20: 68 | BA20: =AR20+'0101'!BA20 -> 0 | BN20: 1200 | BO20: =SUM(AR20*BN20) -> 0 | BP20: =BO20+'0101'!BP20 -> 0 | BQ20: =BP20 -> 0 | BR20: 81600
A21: 10 | D21: 新設RC地坪與斜坡，面層抿石子 | AE21: M2 | AI21: 68 | BA21: =AR21+'0101'!BA21 -> 0 | BN21: 3000 | BO21: =SUM(AR21*BN21) -> 0 | BP21: =BO21+'0101'!BP21 -> 0 | BQ21: =BP21 -> 0 | BR21: 204000
A22: 11 | D22: 北側圍牆邊陰井新設不鏽鋼沉水馬達220V/110V 1HP以上(含工帶料，需配浮球開關)，抽水至圍牆外水溝 | AE22: 組 | AI22: 1 | BA22: =AR22+'0101'!BA22 -> 0 | BN22: 20000 | BO22: =SUM(AR22*BN22) -> 0 | BP22: =BO22+'0101'!BP22 -> 0 | BQ22: =BP22 -> 0 | BR22: 20000
A23: 12 | D23: 西側既有走廊上水溝格柵蓋板，設置化妝蓋板含框，周邊復原 | AE23: 式 | AI23: 1 | BA23: =AR23+'0101'!BA23 -> 0 | BN23: 68000 | BO23: =SUM(AR23*BN23) -> 0 | BP23: =BO23+'0101'!BP23 -> 0 | BQ23: =BP23 -> 0 | BR23: 68000
... A25: 14 | D25: 材料檢驗費用 | AE25: 式 | AI25: 1 | BA25: =AR25+'0101'!BA25 -> 0 | BN25: 1440 | BO25: =SUM(AR25*BN25) -> 0 | BP25: =BO25+'0101'!BP25 -> 0 | BQ25: =BP25 -> 0 | BR25: 1440
D26: 合計(壹) | BO26: =SUM(BO12:BO25) -> 0 | BP26: =SUM(BP12:BP25) -> 11000 | BQ26: =BP26 -> 11000 | BR26: =SUM(BR12:BR25) -> 776279
A27: 貳 | D27: 職業安全衛生管理費 (壹*1%) | AE27: 式 | AI27: 1 | AR27: =SUM(BO26/BN27) -> 0 | BA27: =AR27+'0101'!BA27 -> 0.014171605 | BN27: 7762 | BO27: =SUM(AR27*BN27) -> 0 | BP27: =BO27+'0101'!BP27 -> 110 | BQ27: =BP27 -> 110 | BR27: 7762 | BS27: =SUM(BN27/BR26) -> 0.0099989823
A28: 參 | D28: 工程品質管制作業費 (壹*1%) | AE28: 式 | AI28: 1 | AR28: =SUM(BO26/BN28) -> 0 | BA28: =AR28+'0101'!BA28 -> 0.01416978 | BN28: 7763 | BO28: =SUM(AR28*BN28) -> 0 | BP28: =BO28+'0101'!BP28 -> 110 | BQ28: =BP28 -> 110 | BR28: 7763 | BS28: =SUM(BN28/BR26) -> 0.010000271
A29: 肆 | D29: 包商利潤及管理費 (約壹*7%) | AE29: 式 | AI29: 1 | AR29: =SUM(BO26/BN29) -> 0 | BA29: =AR29+'0101'!BA29 -> 0.014170562 | BN29: 54338 | BO29: =SUM(AR29*BN29) -> 0 | BP29: =BO29+'0101'!BP29 -> 770 | BQ29: =BP29 -> 770 | BR29: 54338 | BS29: =SUM(BN29/BR26) -> 0.069998029
A30: 伍 | D30: 保險費 | AE30: 式 | AI30: 1 | AR30: 0 | BA30: =AR30+'0101'!BA30 -> 1 | BN30: 3084 | BO30: =SUM(AR30*BN30) -> 0 | BP30: =BO30+'0101'!BP30 -> 3084 | BQ30: =BP30 -> 3084 | BR30: 3084 | BT30: =SUM(BR26:BR30) -> 849226
A31: 陸 | D31: 營業稅 ((壹~伍)*5%) | AE31: 式 | AI31: 1 | AR31: =SUM(BT31/BN31) -> 0 | BA31: =AR31+'0101'!BA31 -> 0.35784004 | BN31: 42461 | BO31: =SUM(AR31*BN31) -> 0 | BP31: =BO31+'0101'!BP31 -> 15190 | BQ31: =BP31 -> 15190 | BR31: 42461 | BS31: =SUM(BN31/BT30) -> 0.049999647 | BT31: =SUM(BO26:BO30) -> 0
D32: 發包工程費合計 (壹~陸) | BO32: =SUM(BO26:BO31) -> 0 | BP32: =SUM(BP26:BP31) -> 30264 | BQ32: =SUM(BQ26:BQ31) -> 30264 | BR32: =SUM(BR26:BR31) -> 891687
D33: 本日合計金額 | AR33: =BO32 -> 0
D34: 累計合計金額 | AR34: =BP32 -> 30264 | BN34: 契約單價金額 | BO34: 本日完成金額 | BP34: 累計完成金額
A35: 營造業專業工程特定施工項目
A36: A.
A37: B.
A38: 二、工地材料管理概況(含約定之重要材料使用情況及數量等)：
A39: 材料名稱 | V39: 單位 | Y39: 設計數量 | AI39: 本日使用數量 | AS39: 累計使用數量 | BC39: 備註
AS40: =AI40+'0101'!AS40 -> 0
AS41: =AI41+'0101'!AS41 -> 0
AS42: =AI42+'0101'!AS42 -> 0
AS43: =AI43+'0101'!AS43 -> 0
AS44: =AI44+'0101'!AS44 -> 0
A45: 三、工地人員及機具管理（含約定之出工人數及機具使用情形及數量）:
A46: 工別 | L46: 本日人數 | V46: 累計人數 | AI46: 機具名稱 | AS46: 本日完成數量 | BC46: 累計完成數量
A47: 技術工 | V47: =L47+'0101'!V47 -> 0 | AI47: 挖土機 | BC47: =AS47+'0101'!BC47 -> 0
A48: 小工 | V48: =L48+'0101'!V48 -> 0 | AI48: 鏟土機 | BC48: =AS48+'0101'!BC48 -> 0
A49: 四、本日施工項目是否有須依「營造業專業工程持定施工項目應置之技術士總類、比率或人數標準表」規定
A50: 應設置技術士之專業工程:□有(施工項目內容: )■無(此項如勾選"有"，則應
A51: 填寫「公共工程施工日誌之技術士簽章表」）
A52: 五、工地勞工安全衛生事項之督導、公共環境與安全之維護及其他工地行政事務：
A53: (一)施工前檢查事項：
A54: 1.實施勤前教育(含工地預防災變及危害告知)：■有 □無
A55: 2.確認新進勞工是否提報勞工保險(或其他商業保險)資料及安全衛生教育訓練紀錄：□有□無■無新進勞工
A56: 3.檢查勞工個人防護具：■有 □無
A57: (二)其他事項：
A58: 六、施工取樣試驗紀錄：
A59: 七、通知協力廠商辦理事項：
A60: 八、重要事項紀錄：星期四依契約規定,本日不計入工期。
A61: 簽章；【工地主任】(註3)
B62: 註1.依營造業法第32第1項第2款規定，工地主任應按日填報施工日誌
B63: 2.本施工日誌格式僅供參考，惟原則應包含上開欄位，各機關亦得依工程性質及契約約定事項自行增訂之。
B64: 3.本工程依營業法第30條規定須置工地主任者，由工地主任簽章；依上開規定免置工地主任者，則由營造業法第32條
B65: 第2項所定之人員簽章。廠商非屬營造業者,由工地負責人簽章。
B66: 4.契約工期如有修正，應填修正後之契約工期，含展延工期及不計工期天數；如有依契約變更設計，預定進度及實際
B67: 進度應填變更設計後計算之進度。
B68: 5.上開重要事項記錄包含(1)主辦機關及監造單位指示波(2)工地遇緊急異常狀況之通報處理情形(3)本日是否由專任工
B69: 程人員督察按圖施工，解決施工技術問題等。
B70: 6.公共工程屬建築物者，請依內政部99年2月5日台內營字第0990800804號令頒之「建築物施工日誌」

Sheet 0103
A1: 公共工程施工日誌
A2: 表報編號： | H2: 20
A3: 本日天氣: | G3: 上午： | K3: 晴 | Q3: 下午: | U3: 晴 | AR3: 日期： | AW3: =SUM(R6+H2)-1 -> 45660 | BH3: =WEEKDAY(AW3) -> 6
A4: 工程名稱 | G4: 113年育英樓排水改善工程 | AN4: 承攬廠商名稱 | AV4: 齊全土木包工業
A5: 核定工期 | J5: 60 | O5: 天 | R5: 累計工期 | Z5: =H2-14 -> 6 | AE5: 天 | AH5: 剩餘工期 | AP5: =J5-Z5 -> 54 | AU5: 天 | AX5: 工期展廷天數 | BK5: 天
A6: 開 工 日 期 | R6: 45641 | AH6: 完 工 日 期 | AX6: =SUM(R6,J5)+31 -> 45732
A7: 本日預定進度(%) | R7: 0 | AH7: 本日實際進度(%) | AX7: =SUM(AR33/BO7) -> 0 | BO7: 891687
A8: 累計預定進度(%) | R8: =R7+'0102'!R8 -> 0.01806 | AH8: 累計實際進度(%) | AX8: =AX7+'0102'!AX8 -> 0.033940161
A9: 一、依施工計劃書執行按圖施工概況(含約定之重要施工項目及完成數量等)等：
A10: 項次 | D10: 施工項目 | AE10: 單位 | AI10: 契約數量 | AR10: 本日完成數量 | BA10: 累計完成數量 | BJ10: 備註 | BN10: 契約單價金額 | BO10: 本日完成金額 | BP10: 累計完成金額 | BR10: 契約總額
A11: 壹. | D11: 直接工程
A12: 1 | D12: 工程告示牌、職業安全衛生告示牌與交通管制設施(租用) | AE12: 式 | AI12: 1 | BA12: =AR12+'0102'!BA12 -> 1 | BN12: 5000 | BO12: =SUM(AR12*BN12) -> 0 | BP12: =BO12+'0102'!BP12 -> 5000 | BQ12: =BP12 -> 5000 | BR12: 5000
A13: 2 | D13: 施工圍籬(租用) | AE13: M | AI13: 74 | BA13: =AR13+'0102'!BA13 -> 15 | BN13: 400 | BO13: =SUM(AR13*BN13) -> 0 | BP13: =BO13+'0102'!BP13 -> 6000 | BQ13: =BP13 -> 6000 | BR13: 29600
A14: 3 | D14: 施工動線開闢及損壞復原 | AE14: 式 | AI14: 1 | BA14: =AR14+'0102'!BA14 -> 0 | BN14: 5000 | BO14: =SUM(AR14*BN14) -> 0 | BP14: =BO14+'0102'!BP14 -> 0 | BQ14: =BP14 -> 0 | BR14: 5000
A15: 4 | D15: 測量與放樣 | AE15: 式 | AI15: 1 | BA15: =AR15+'0102'!BA15 -> 0 | BN15: 5000 | BO15: =SUM(AR15*BN15) -> 0 | BP15: =BO15+'0102'!BP15 -> 0 | BQ15: =BP15 -> 0 | BR15: 5000
A16: 5 | D16: 既有水溝清淤(含移除水溝內樹木竄根)，破損處以樹脂水泥砂漿整平，外側溝壁以樹脂水泥砂漿打底至與鋪面齊平 | AE16: M | AI16: 81 | BA16: =AR16+'0102'!BA16 -> 0 | BN16: 1000 | BO16: =SUM(AR16*BN16) -> 0 | BP16: =BO16+'0102'!BP16 -> 0 | BQ16: =BP16 -> 0 | BR16: 81000
A17: 6 | D17: 既有水溝安裝鍍鋅鋼板 | AE17: M | AI17: 22 | BA17: =AR17+'0102'!BA17 -> 0 | BN17: 4650 | BO17: =SUM(AR17*BN17) -> 0 | BP17: =BO17+'0102'!BP17 -> 0 | BQ17: =BP17 -> 0 | BR17: 102300
A18: 7 | D18: 新設RC水溝 | AE18: M | AI18: 23 | BA18: =AR18+'0102'!BA18 -> 0 | BN18: 3500 | BO18: =SUM(AR18*BN18) -> 0 | BP18: =BO18+'0102'!BP18 -> 0 | BQ18: =BP18 -> 0 | BR18: 80500
A19: 8 | D19: 設置鍍鋅鋼材烤漆止滑細縫水溝蓋含框 | AE19: 組 | AI19: 8 | BA19: =AR19+'0102'!BA19 -> 0 | BN19: 6250 | BO19: =SUM(AR19*BN19) -> 0 | BP19: =BO19+'0102'!BP19 -> 0 | BQ19: =BP19 -> 0 | BR19: 50000
A20: 9 | D20: 切割打除既有地坪，整地，底土壓實 | AE20: M2 | AI20: 68 | BA20: =AR20+'0102'!BA20 -> 0 | BN20: 1200 | BO20: =SUM(AR20*BN20) -> 0 | BP20: =BO20+'0102'!BP20 -> 0 | BQ20: =BP20 -> 0 | BR20: 81600
A21: 10 | D21: 新設RC地坪與斜坡，面層抿石子 | AE21: M2 | AI21: 68 | BA21: =AR21+'0102'!BA21 -> 0 | BN21: 3000 | BO21: =SUM(AR21*BN21) -> 0 | BP21: =BO21+'0102'!BP21 -> 0 | BQ21: =BP21 -> 0 | BR21: 204000
A22: 11 | D22: 北側圍牆邊陰井新設不鏽鋼沉水馬達220V/110V 1HP以上(含工帶料，需配浮球開關)，抽水至圍牆外水溝 | AE22: 組 | AI22: 1 | BA22: =AR22+'0102'!BA22 -> 0 | BN22: 20000 | BO22: =SUM(AR22*BN22) -> 0 | BP22: =BO22+'0102'!BP22 -> 0 | BQ22: =BP22 -> 0 | BR22: 20000
A23: 12 | D23: 西側既有走廊上水溝格柵蓋板，設置化妝蓋板含框，周邊復原 | AE23: 式 | AI23: 1 | BA23: =AR23+'0102'!BA23 -> 0 | BN23: 68000 | BO23: =SUM(AR23*BN23) -> 0 | BP23: =BO23+'0102'!BP23 -> 0 | BQ23: =BP23 -> 0 | BR23: 68000
... A25: 14 | D25: 材料檢驗費用 | AE25: 式 | AI25: 1 | BA25: =AR25+'0102'!BA25 -> 0 | BN25: 1440 | BO25: =SUM(AR25*BN25) -> 0 | BP25: =BO25+'0102'!BP25 -> 0 | BQ25: =BP25 -> 0 | BR25: 1440
D26: 合計(壹) | BO26: =SUM(BO12:BO25) -> 0 | BP26: =SUM(BP12:BP25) -> 11000 | BQ26: =BP26 -> 11000 | BR26: =SUM(BR12:BR25) -> 776279
A27: 貳 | D27: 職業安全衛生管理費 (壹*1%) | AE27: 式 | AI27: 1 | AR27: =SUM(BO26/BN27) -> 0 | BA27: =AR27+'0102'!BA27 -> 0.014171605 | BN27: 7762 | BO27: =SUM(AR27*BN27) -> 0 | BP27: =BO27+'0102'!BP27 -> 110 | BQ27: =BP27 -> 110 | BR27: 7762 | BS27: =SUM(BN27/BR26) -> 0.0099989823
A28: 參 | D28: 工程品質管制作業費 (壹*1%) | AE28: 式 | AI28: 1 | AR28: =SUM(BO26/BN28) -> 0 | BA28: =AR28+'0102'!BA28 -> 0.01416978 | BN28: 7763 | BO28: =SUM(AR28*BN28) -> 0 | BP28: =BO28+'0102'!BP28 -> 110 | BQ28: =BP28 -> 110 | BR28: 7763 | BS28: =SUM(BN28/BR26) -> 0.010000271
A29: 肆 | D29: 包商利潤及管理費 (約壹*7%) | AE29: 式 | AI29: 1 | AR29: =SUM(BO26/BN29) -> 0 | BA29: =AR29+'0102'!BA29 -> 0.014170562 | BN29: 54338 | BO29: =SUM(AR29*BN29) -> 0 | BP29: =BO29+'0102'!BP29 -> 770 | BQ29: =BP29 -> 770 | BR29: 54338 | BS29: =SUM(BN29/BR26) -> 0.069998029
A30: 伍 | D30: 保險費 | AE30: 式 | AI30: 1 | AR30: 0 | BA30: =AR30+'0102'!BA30 -> 1 | BN30: 3084 | BO30: =SUM(AR30*BN30) -> 0 | BP30: =BO30+'0102'!BP30 -> 3084 | BQ30: =BP30 -> 3084 | BR30: 3084 | BT30: =SUM(BR26:BR30) -> 849226
A31: 陸 | D31: 營業稅 ((壹~伍)*5%) | AE31: 式 | AI31: 1 | AR31: =SUM(BT31/BN31) -> 0 | BA31: =AR31+'0102'!BA31 -> 0.35784004 | BN31: 42461 | BO31: =SUM(AR31*BN31) -> 0 | BP31: =BO31+'0102'!BP31 -> 15190 | BQ31: =BP31 -> 15190 | BR31: 42461 | BS31: =SUM(BN31/BT30) -> 0.049999647 | BT31: =SUM(BO26:BO30) -> 0
D32: 發包工程費合計 (壹~陸) | BO32: =SUM(BO26:BO31) -> 0 | BP32: =SUM(BP26:BP31) -> 30264 | BQ32: =SUM(BQ26:BQ31) -> 30264 | BR32: =SUM(BR26:BR31) -> 891687
D33: 本日合計金額 | AR33: =BO32 -> 0
D34: 累計合計金額 | AR34: =BP32 -> 30264 | BN34: 契約單價金額 | BO34: 本日完成金額 | BP34: 累計完成金額
A35: 營造業專業工程特定施工項目
A36: A.
A37: B.
A38: 二、工地材料管理概況(含約定之重要材料使用情況及數量等)：
A39: 材料名稱 | V39: 單位 | Y39: 設計數量 | AI39: 本日使用數量 | AS39: 累計使用數量 | BC39: 備註
AS40: =AI40+'0102'!AS40 -> 0
AS41: =AI41+'0102'!AS41 -> 0
AS42: =AI42+'0102'!AS42 -> 0
AS43: =AI43+'0102'!AS43 -> 0
AS44: =AI44+'0102'!AS44 -> 0
A45: 三、工地人員及機具管理（含約定之出工人數及機具使用情形及數量）:
A46: 工別 | L46: 本日人數 | V46: 累計人數 | AI46: 機具名稱 | AS46: 本日完成數量 | BC46: 累計完成數量
A47: 技術工 | V47: =L47+'0102'!V47 -> 0 | AI47: 挖土機 | BC47: =AS47+'0102'!BC47 -> 0
A48: 小工 | V48: =L48+'0102'!V48 -> 0 | AI48: 鏟土機 | BC48: =AS48+'0102'!BC48 -> 0
A49: 四、本日施工項目是否有須依「營造業專業工程持定施工項目應置之技術士總類、比率或人數標準表」規定
A50: 應設置技術士之專業工程:□有(施工項目內容: )■無(此項如勾選"有"，則應
A51: 填寫「公共工程施工日誌之技術士簽章表」）
A52: 五、工地勞工安全衛生事項之督導、公共環境與安全之維護及其他工地行政事務：
A53: (一)施工前檢查事項：
A54: 1.實施勤前教育(含工地預防災變及危害告知)：■有 □無
A55: 2.確認新進勞工是否提報勞工保險(或其他商業保險)資料及安全衛生教育訓練紀錄：□有□無■無新進勞工
A56: 3.檢查勞工個人防護具：■有 □無
A57: (二)其他事項：
A58: 六、施工取樣試驗紀錄：
A59: 七、通知協力廠商辦理事項：
A60: 八、重要事項紀錄：星期五依契約規定,本日不計入工期。
A61: 簽章；【工地主任】(註3)
B62: 註1.依營造業法第32第1項第2款規定，工地主任應按日填報施工日誌
B63: 2.本施工日誌格式僅供參考，惟原則應包含上開欄位，各機關亦得依工程性質及契約約定事項自行增訂之。
B64: 3.本工程依營業法第30條規定須置工地主任者，由工地主任簽章；依上開規定免置工地主任者，則由營造業法第32條
B65: 第2項所定之人員簽章。廠商非屬營造業者,由工地負責人簽章。
B66: 4.契約工期如有修正，應填修正後之契約工期，含展延工期及不計工期天數；如有依契約變更設計，預定進度及實際
B67: 進度應填變更設計後計算之進度。
B68: 5.上開重要事項記錄包含(1)主辦機關及監造單位指示波(2)工地遇緊急異常狀況之通報處理情形(3)本日是否由專任工
B69: 程人員督察按圖施工，解決施工技術問題等。
B70: 6.公共工程屬建築物者，請依內政部99年2月5日台內營字第0990800804號令頒之「建築物施工日誌」

Sheet 0104
A1: 公共工程施工日誌
A2: 表報編號： | H2: 21
A3: 本日天氣: | G3: 上午： | K3: 晴 | Q3: 下午: | U3: 晴 | AR3: 日期： | AW3: =SUM(R6+H2)-1 -> 45661 | BH3: =WEEKDAY(AW3) -> 7
A4: 工程名稱 | G4: 113年育英樓排水改善工程 | AN4: 承攬廠商名稱 | AV4: 齊全土木包工業
A5: 核定工期 | J5: 60 | O5: 天 | R5: 累計工期 | Z5: =H2-14 -> 7 | AE5: 天 | AH5: 剩餘工期 | AP5: =J5-Z5 -> 53 | AU5: 天 | AX5: 工期展廷天數 | BK5: 天
A6: 開 工 日 期 | R6: 45641 | AH6: 完 工 日 期 | AX6: =SUM(R6,J5)+31 -> 45732
A7: 本日預定進度(%) | R7: 0.00301 | AH7: 本日實際進度(%) | AX7: =SUM(AR33/BO7) -> 0 | BO7: 891687
A8: 累計預定進度(%) | R8: =R7+'0103'!R8 -> 0.02107 | AH8: 累計實際進度(%) | AX8: =AX7+'0103'!AX8 -> 0.033940161
A9: 一、依施工計劃書執行按圖施工概況(含約定之重要施工項目及完成數量等)等：
A10: 項次 | D10: 施工項目 | AE10: 單位 | AI10: 契約數量 | AR10: 本日完成數量 | BA10: 累計完成數量 | BJ10: 備註 | BN10: 契約單價金額 | BO10: 本日完成金額 | BP10: 累計完成金額 | BR10: 契約總額
A11: 壹. | D11: 直接工程
A12: 1 | D12: 工程告示牌、職業安全衛生告示牌與交通管制設施(租用) | AE12: 式 | AI12: 1 | BA12: =AR12+'0103'!BA12 -> 1 | BN12: 5000 | BO12: =SUM(AR12*BN12) -> 0 | BP12: =BO12+'0103'!BP12 -> 5000 | BQ12: =BP12 -> 5000 | BR12: 5000
A13: 2 | D13: 施工圍籬(租用) | AE13: M | AI13: 74 | BA13: =AR13+'0103'!BA13 -> 15 | BN13: 400 | BO13: =SUM(AR13*BN13) -> 0 | BP13: =BO13+'0103'!BP13 -> 6000 | BQ13: =BP13 -> 6000 | BR13: 29600
A14: 3 | D14: 施工動線開闢及損壞復原 | AE14: 式 | AI14: 1 | BA14: =AR14+'0103'!BA14 -> 0 | BN14: 5000 | BO14: =SUM(AR14*BN14) -> 0 | BP14: =BO14+'0103'!BP14 -> 0 | BQ14: =BP14 -> 0 | BR14: 5000
A15: 4 | D15: 測量與放樣 | AE15: 式 | AI15: 1 | BA15: =AR15+'0103'!BA15 -> 0 | BN15: 5000 | BO15: =SUM(AR15*BN15) -> 0 | BP15: =BO15+'0103'!BP15 -> 0 | BQ15: =BP15 -> 0 | BR15: 5000
A16: 5 | D16: 既有水溝清淤(含移除水溝內樹木竄根)，破損處以樹脂水泥砂漿整平，外側溝壁以樹脂水泥砂漿打底至與鋪面齊平 | AE16: M | AI16: 81 | BA16: =AR16+'0103'!BA16 -> 0 | BN16: 1000 | BO16: =SUM(AR16*BN16) -> 0 | BP16: =BO16+'0103'!BP16 -> 0 | BQ16: =BP16 -> 0 | BR16: 81000
A17: 6 | D17: 既有水溝安裝鍍鋅鋼板 | AE17: M | AI17: 22 | BA17: =AR17+'0103'!BA17 -> 0 | BN17: 4650 | BO17: =SUM(AR17*BN17) -> 0 | BP17: =BO17+'0103'!BP17 -> 0 | BQ17: =BP17 -> 0 | BR17: 102300
A18: 7 | D18: 新設RC水溝 | AE18: M | AI18: 23 | BA18: =AR18+'0103'!BA18 -> 0 | BN18: 3500 | BO18: =SUM(AR18*BN18) -> 0 | BP18: =BO18+'0103'!BP18 -> 0 | BQ18: =BP18 -> 0 | BR18: 80500
A19: 8 | D19: 設置鍍鋅鋼材烤漆止滑細縫水溝蓋含框 | AE19: 組 | AI19: 8 | BA19: =AR19+'0103'!BA19 -> 0 | BN19: 6250 | BO19: =SUM(AR19*BN19) -> 0 | BP19: =BO19+'0103'!BP19 -> 0 | BQ19: =BP19 -> 0 | BR19: 50000
A20: 9 | D20: 切割打除既有地坪，整地，底土壓實 | AE20: M2 | AI20: 68 | BA20: =AR20+'0103'!BA20 -> 0 | BN20: 1200 | BO20: =SUM(AR20*BN20) -> 0 | BP20: =BO20+'0103'!BP20 -> 0 | BQ20: =BP20 -> 0 | BR20: 81600
A21: 10 | D21: 新設RC地坪與斜坡，面層抿石子 | AE21: M2 | AI21: 68 | BA21: =AR21+'0103'!BA21 -> 0 | BN21: 3000 | BO21: =SUM(AR21*BN21) -> 0 | BP21: =BO21+'0103'!BP21 -> 0 | BQ21: =BP21 -> 0 | BR21: 204000
A22: 11 | D22: 北側圍牆邊陰井新設不鏽鋼沉水馬達220V/110V 1HP以上(含工帶料，需配浮球開關)，抽水至圍牆外水溝 | AE22: 組 | AI22: 1 | BA22: =AR22+'0103'!BA22 -> 0 | BN22: 20000 | BO22: =SUM(AR22*BN22) -> 0 | BP22: =BO22+'0103'!BP22 -> 0 | BQ22: =BP22 -> 0 | BR22: 20000
A23: 12 | D23: 西側既有走廊上水溝格柵蓋板，設置化妝蓋板含框，周邊復原 | AE23: 式 | AI23: 1 | BA23: =AR23+'0103'!BA23 -> 0 | BN23: 68000 | BO23: =SUM(AR23*BN23) -> 0 | BP23: =BO23+'0103'!BP23 -> 0 | BQ23: =BP23 -> 0 | BR23: 68000
... A25: 14 | D25: 材料檢驗費用 | AE25: 式 | AI25: 1 | BA25: =AR25+'0103'!BA25 -> 0 | BN25: 1440 | BO25: =SUM(AR25*BN25) -> 0 | BP25: =BO25+'0103'!BP25 -> 0 | BQ25: =BP25 -> 0 | BR25: 1440
D26: 合計(壹) | BO26: =SUM(BO12:BO25) -> 0 | BP26: =SUM(BP12:BP25) -> 11000 | BQ26: =BP26 -> 11000 | BR26: =SUM(BR12:BR25) -> 776279
A27: 貳 | D27: 職業安全衛生管理費 (壹*1%) | AE27: 式 | AI27: 1 | AR27: =SUM(BO26/BN27) -> 0 | BA27: =AR27+'0103'!BA27 -> 0.014171605 | BN27: 7762 | BO27: =SUM(AR27*BN27) -> 0 | BP27: =BO27+'0103'!BP27 -> 110 | BQ27: =BP27 -> 110 | BR27: 7762 | BS27: =SUM(BN27/BR26) -> 0.0099989823
A28: 參 | D28: 工程品質管制作業費 (壹*1%) | AE28: 式 | AI28: 1 | AR28: =SUM(BO26/BN28) -> 0 | BA28: =AR28+'0103'!BA28 -> 0.01416978 | BN28: 7763 | BO28: =SUM(AR28*BN28) -> 0 | BP28: =BO28+'0103'!BP28 -> 110 | BQ28: =BP28 -> 110 | BR28: 7763 | BS28: =SUM(BN28/BR26) -> 0.010000271
A29: 肆 | D29: 包商利潤及管理費 (約壹*7%) | AE29: 式 | AI29: 1 | AR29: =SUM(BO26/BN29) -> 0 | BA29: =AR29+'0103'!BA29 -> 0.014170562 | BN29: 54338 | BO29: =SUM(AR29*BN29) -> 0 | BP29: =BO29+'0103'!BP29 -> 770 | BQ29: =BP29 -> 770 | BR29: 54338 | BS29: =SUM(BN29/BR26) -> 0.069998029
A30: 伍 | D30: 保險費 | AE30: 式 | AI30: 1 | AR30: 0 | BA30: =AR30+'0103'!BA30 -> 1 | BN30: 3084 | BO30: =SUM(AR30*BN30) -> 0 | BP30: =BO30+'0103'!BP30 -> 3084 | BQ30: =BP30 -> 3084 | BR30: 3084 | BT30: =SUM(BR26:BR30) -> 849226
A31: 陸 | D31: 營業稅 ((壹~伍)*5%) | AE31: 式 | AI31: 1 | AR31: =SUM(BT31/BN31) -> 0 | BA31: =AR31+'0103'!BA31 -> 0.35784004 | BN31: 42461 | BO31: =SUM(AR31*BN31) -> 0 | BP31: =BO31+'0103'!BP31 -> 15190 | BQ31: =BP31 -> 15190 | BR31: 42461 | BS31: =SUM(BN31/BT30) -> 0.049999647 | BT31: =SUM(BO26:BO30) -> 0
D32: 發包工程費合計 (壹~陸) | BO32: =SUM(BO26:BO31) -> 0 | BP32: =SUM(BP26:BP31) -> 30264 | BQ32: =SUM(BQ26:BQ31) -> 30264 | BR32: =SUM(BR26:BR31) -> 891687
D33: 本日合計金額 | AR33: =BO32 -> 0
D34: 累計合計金額 | AR34: =BP32 -> 30264 | BN34: 契約單價金額 | BO34: 本日完成金額 | BP34: 累計完成金額
A35: 營造業專業工程特定施工項目
A36: A.
A37: B.
A38: 二、工地材料管理概況(含約定之重要材料使用情況及數量等)：
A39: 材料名稱 | V39: 單位 | Y39: 設計數量 | AI39: 本日使用數量 | AS39: 累計使用數量 | BC39: 備註
AS40: =AI40+'0103'!AS40 -> 0
AS41: =AI41+'0103'!AS41 -> 0
AS42: =AI42+'0103'!AS42 -> 0
AS43: =AI43+'0103'!AS43 -> 0
AS44: =AI44+'0103'!AS44 -> 0
A45: 三、工地人員及機具管理（含約定之出工人數及機具使用情形及數量）:
A46: 工別 | L46: 本日人數 | V46: 累計人數 | AI46: 機具名稱 | AS46: 本日完成數量 | BC46: 累計完成數量
A47: 技術工 | V47: =L47+'0103'!V47 -> 0 | AI47: 挖土機 | BC47: =AS47+'0103'!BC47 -> 0
A48: 小工 | V48: =L48+'0103'!V48 -> 0 | AI48: 鏟土機 | BC48: =AS48+'0103'!BC48 -> 0
A49: 四、本日施工項目是否有須依「營造業專業工程持定施工項目應置之技術士總類、比率或人數標準表」規定
A50: 應設置技術士之專業工程:□有(施工項目內容: )■無(此項如勾選"有"，則應
A51: 填寫「公共工程施工日誌之技術士簽章表」）
A52: 五、工地勞工安全衛生事項之督導、公共環境與安全之維護及其他工地行政事務：
A53: (一)施工前檢查事項：
A54: 1.實施勤前教育(含工地預防災變及危害告知)：■有 □無
A55: 2.確認新進勞工是否提報勞工保險(或其他商業保險)資料及安全衛生教育訓練紀錄：□有□無■無新進勞工
A56: 3.檢查勞工個人防護具：■有 □無
A57: (二)其他事項：
A58: 六、施工取樣試驗紀錄：
A59: 七、通知協力廠商辦理事項：
A60: 八、重要事項紀錄：備料
A61: 簽章；【工地主任】(註3)
B62: 註1.依營造業法第32第1項第2款規定，工地主任應按日填報施工日誌
B63: 2.本施工日誌格式僅供參考，惟原則應包含上開欄位，各機關亦得依工程性質及契約約定事項自行增訂之。
B64: 3.本工程依營業法第30條規定須置工地主任者，由工地主任簽章；依上開規定免置工地主任者，則由營造業法第32條
B65: 第2項所定之人員簽章。廠商非屬營造業者,由工地負責人簽章。
B66: 4.契約工期如有修正，應填修正後之契約工期，含展延工期及不計工期天數；如有依契約變更設計，預定進度及實際
B67: 進度應填變更設計後計算之進度。
B68: 5.上開重要事項記錄包含(1)主辦機關及監造單位指示波(2)工地遇緊急異常狀況之通報處理情形(3)本日是否由專任工
B69: 程人員督察按圖施工，解決施工技術問題等。
B70: 6.公共工程屬建築物者，請依內政部99年2月5日台內營字第0990800804號令頒之「建築物施工日誌」

Sheet 0105
A1: 公共工程施工日誌
A2: 表報編號： | H2: 22
A3: 本日天氣: | G3: 上午： | K3: 晴 | Q3: 下午: | U3: 晴 | AR3: 日期： | AW3: =SUM(R6+H2)-1 -> 45662 | BH3: =WEEKDAY(AW3) -> 1
A4: 工程名稱 | G4: 113年育英樓排水改善工程 | AN4: 承攬廠商名稱 | AV4: 齊全土木包工業
A5: 核定工期 | J5: 60 | O5: 天 | R5: 累計工期 | Z5: =H2-14 -> 8 | AE5: 天 | AH5: 剩餘工期 | AP5: =J5-Z5 -> 52 | AU5: 天 | AX5: 工期展廷天數 | BK5: 天
A6: 開 工 日 期 | R6: 45641 | AH6: 完 工 日 期 | AX6: =SUM(R6,J5)+31 -> 45732
A7: 本日預定進度(%) | R7: 0.00301 | AH7: 本日實際進度(%) | AX7: =SUM(AR33/BO7) -> 0 | BO7: 891687
A8: 累計預定進度(%) | R8: =R7+'0104'!R8 -> 0.02408 | AH8: 累計實際進度(%) | AX8: =AX7+'0104'!AX8 -> 0.033940161
A9: 一、依施工計劃書執行按圖施工概況(含約定之重要施工項目及完成數量等)等：
A10: 項次 | D10: 施工項目 | AE10: 單位 | AI10: 契約數量 | AR10: 本日完成數量 | BA10: 累計完成數量 | BJ10: 備註 | BN10: 契約單價金額 | BO10: 本日完成金額 | BP10: 累計完成金額 | BR10: 契約總額
A11: 壹. | D11: 直接工程
A12: 1 | D12: 工程告示牌、職業安全衛生告示牌與交通管制設施(租用) | AE12: 式 | AI12: 1 | BA12: =AR12+'0104'!BA12 -> 1 | BN12: 5000 | BO12: =SUM(AR12*BN12) -> 0 | BP12: =BO12+'0104'!BP12 -> 5000 | BQ12: =BP12 -> 5000 | BR12: 5000
A13: 2 | D13: 施工圍籬(租用) | AE13: M | AI13: 74 | BA13: =AR13+'0104'!BA13 -> 15 | BN13: 400 | BO13: =SUM(AR13*BN13) -> 0 | BP13: =BO13+'0104'!BP13 -> 6000 | BQ13: =BP13 -> 6000 | BR13: 29600
A14: 3 | D14: 施工動線開闢及損壞復原 | AE14: 式 | AI14: 1 | BA14: =AR14+'0104'!BA14 -> 0 | BN14: 5000 | BO14: =SUM(AR14*BN14) -> 0 | BP14: =BO14+'0104'!BP14 -> 0 | BQ14: =BP14 -> 0 | BR14: 5000
A15: 4 | D15: 測量與放樣 | AE15: 式 | AI15: 1 | BA15: =AR15+'0104'!BA15 -> 0 | BN15: 5000 | BO15: =SUM(AR15*BN15) -> 0 | BP15: =BO15+'0104'!BP15 -> 0 | BQ15: =BP15 -> 0 | BR15: 5000
A16: 5 | D16: 既有水溝清淤(含移除水溝內樹木竄根)，破損處以樹脂水泥砂漿整平，外側溝壁以樹脂水泥砂漿打底至與鋪面齊平 | AE16: M | AI16: 81 | BA16: =AR16+'0104'!BA16 -> 0 | BN16: 1000 | BO16: =SUM(AR16*BN16) -> 0 | BP16: =BO16+'0104'!BP16 -> 0 | BQ16: =BP16 -> 0 | BR16: 81000
A17: 6 | D17: 既有水溝安裝鍍鋅鋼板 | AE17: M | AI17: 22 | BA17: =AR17+'0104'!BA17 -> 0 | BN17: 4650 | BO17: =SUM(AR17*BN17) -> 0 | BP17: =BO17+'0104'!BP17 -> 0 | BQ17: =BP17 -> 0 | BR17: 102300
A18: 7 | D18: 新設RC水溝 | AE18: M | AI18: 23 | BA18: =AR18+'0104'!BA18 -> 0 | BN18: 3500 | BO18: =SUM(AR18*BN18) -> 0 | BP18: =BO18+'0104'!BP18 -> 0 | BQ18: =BP18 -> 0 | BR18: 80500
A19: 8 | D19: 設置鍍鋅鋼材烤漆止滑細縫水溝蓋含框 | AE19: 組 | AI19: 8 | BA19: =AR19+'0104'!BA19 -> 0 | BN19: 6250 | BO19: =SUM(AR19*BN19) -> 0 | BP19: =BO19+'0104'!BP19 -> 0 | BQ19: =BP19 -> 0 | BR19: 50000
A20: 9 | D20: 切割打除既有地坪，整地，底土壓實 | AE20: M2 | AI20: 68 | BA20: =AR20+'0104'!BA20 -> 0 | BN20: 1200 | BO20: =SUM(AR20*BN20) -> 0 | BP20: =BO20+'0104'!BP20 -> 0 | BQ20: =BP20 -> 0 | BR20: 81600
A21: 10 | D21: 新設RC地坪與斜坡，面層抿石子 | AE21: M2 | AI21: 68 | BA21: =AR21+'0104'!BA21 -> 0 | BN21: 3000 | BO21: =SUM(AR21*BN21) -> 0 | BP21: =BO21+'0104'!BP21 -> 0 | BQ21: =BP21 -> 0 | BR21: 204000
A22: 11 | D22: 北側圍牆邊陰井新設不鏽鋼沉水馬達220V/110V 1HP以上(含工帶料，需配浮球開關)，抽水至圍牆外水溝 | AE22: 組 | AI22: 1 | BA22: =AR22+'0104'!BA22 -> 0 | BN22: 20000 | BO22: =SUM(AR22*BN22) -> 0 | BP22: =BO22+'0104'!BP22 -> 0 | BQ22: =BP22 -> 0 | BR22: 20000
A23: 12 | D23: 西側既有走廊上水溝格柵蓋板，設置化妝蓋板含框，周邊復原 | AE23: 式 | AI23: 1 | BA23: =AR23+'0104'!BA23 -> 0 | BN23: 68000 | BO23: =SUM(AR23*BN23) -> 0 | BP23: =BO23+'0104'!BP23 -> 0 | BQ23: =BP23 -> 0 | BR23: 68000
... A25: 14 | D25: 材料檢驗費用 | AE25: 式 | AI25: 1 | BA25: =AR25+'0104'!BA25 -> 0 | BN25: 1440 | BO25: =SUM(AR25*BN25) -> 0 | BP25: =BO25+'0104'!BP25 -> 0 | BQ25: =BP25 -> 0 | BR25: 1440
D26: 合計(壹) | BO26: =SUM(BO12:BO25) -> 0 | BP26: =SUM(BP12:BP25) -> 11000 | BQ26: =BP26 -> 11000 | BR26: =SUM(BR12:BR25) -> 776279
A27: 貳 | D27: 職業安全衛生管理費 (壹*1%) | AE27: 式 | AI27: 1 | AR27: =SUM(BO26/BN27) -> 0 | BA27: =AR27+'0104'!BA27 -> 0.014171605 | BN27: 7762 | BO27: =SUM(AR27*BN27) -> 0 | BP27: =BO27+'0104'!BP27 -> 110 | BQ27: =BP27 -> 110 | BR27: 7762 | BS27: =SUM(BN27/BR26) -> 0.0099989823
A28: 參 | D28: 工程品質管制作業費 (壹*1%) | AE28: 式 | AI28: 1 | AR28: =SUM(BO26/BN28) -> 0 | BA28: =AR28+'0104'!BA28 -> 0.01416978 | BN28: 7763 | BO28: =SUM(AR28*BN28) -> 0 | BP28: =BO28+'0104'!BP28 -> 110 | BQ28: =BP28 -> 110 | BR28: 7763 | BS28: =SUM(BN28/BR26) -> 0.010000271
A29: 肆 | D29: 包商利潤及管理費 (約壹*7%) | AE29: 式 | AI29: 1 | AR29: =SUM(BO26/BN29) -> 0 | BA29: =AR29+'0104'!BA29 -> 0.014170562 | BN29: 54338 | BO29: =SUM(AR29*BN29) -> 0 | BP29: =BO29+'0104'!BP29 -> 770 | BQ29: =BP29 -> 770 | BR29: 54338 | BS29: =SUM(BN29/BR26) -> 0.069998029
A30: 伍 | D30: 保險費 | AE30: 式 | AI30: 1 | AR30: 0 | BA30: =AR30+'0104'!BA30 -> 1 | BN30: 3084 | BO30: =SUM(AR30*BN30) -> 0 | BP30: =BO30+'0104'!BP30 -> 3084 | BQ30: =BP30 -> 3084 | BR30: 3084 | BT30: =SUM(BR26:BR30) -> 849226
A31: 陸 | D31: 營業稅 ((壹~伍)*5%) | AE31: 式 | AI31: 1 | AR31: =SUM(BT31/BN31) -> 0 | BA31: =AR31+'0104'!BA31 -> 0.35784004 | BN31: 42461 | BO31: =SUM(AR31*BN31) -> 0 | BP31: =BO31+'0104'!BP31 -> 15190 | BQ31: =BP31 -> 15190 | BR31: 42461 | BS31: =SUM(BN31/BT30) -> 0.049999647 | BT31: =SUM(BO26:BO30) -> 0
D32: 發包工程費合計 (壹~陸) | BO32: =SUM(BO26:BO31) -> 0 | BP32: =SUM(BP26:BP31) -> 30264 | BQ32: =SUM(BQ26:BQ31) -> 30264 | BR32: =SUM(BR26:BR31) -> 891687
D33: 本日合計金額 | AR33: =BO32 -> 0
D34: 累計合計金額 | AR34: =BP32 -> 30264 | BN34: 契約單價金額 | BO34: 本日完成金額 | BP34: 累計完成金額
A35: 營造業專業工程特定施工項目
A36: A.
A37: B.
A38: 二、工地材料管理概況(含約定之重要材料使用情況及數量等)：
A39: 材料名稱 | V39: 單位 | Y39: 設計數量 | AI39: 本日使用數量 | AS39: 累計使用數量 | BC39: 備註
AS40: =AI40+'0104'!AS40 -> 0
AS41: =AI41+'0104'!AS41 -> 0
AS42: =AI42+'0104'!AS42 -> 0
AS43: =AI43+'0104'!AS43 -> 0
AS44: =AI44+'0104'!AS44 -> 0
A45: 三、工地人員及機具管理（含約定之出工人數及機具使用情形及數量）:
A46: 工別 | L46: 本日人數 | V46: 累計人數 | AI46: 機具名稱 | AS46: 本日完成數量 | BC46: 累計完成數量
A47: 技術工 | V47: =L47+'0104'!V47 -> 0 | AI47: 挖土機 | BC47: =AS47+'0104'!BC47 -> 0
A48: 小工 | V48: =L48+'0104'!V48 -> 0 | AI48: 鏟土機 | BC48: =AS48+'0104'!BC48 -> 0
A49: 四、本日施工項目是否有須依「營造業專業工程持定施工項目應置之技術士總類、比率或人數標準表」規定
A50: 應設置技術士之專業工程:□有(施工項目內容: )■無(此項如勾選"有"，則應
A51: 填寫「公共工程施工日誌之技術士簽章表」）
A52: 五、工地勞工安全衛生事項之督導、公共環境與安全之維護及其他工地行政事務：
A53: (一)施工前檢查事項：
A54: 1.實施勤前教育(含工地預防災變及危害告知)：■有 □無
A55: 2.確認新進勞工是否提報勞工保險(或其他商業保險)資料及安全衛生教育訓練紀錄：□有□無■無新進勞工
A56: 3.檢查勞工個人防護具：■有 □無
A57: (二)其他事項：
A58: 六、施工取樣試驗紀錄：
A59: 七、通知協力廠商辦理事項：
A60: 八、重要事項紀錄：備料
A61: 簽章；【工地主任】(註3)
B62: 註1.依營造業法第32第1項第2款規定，工地主任應按日填報施工日誌
B63: 2.本施工日誌格式僅供參考，惟原則應包含上開欄位，各機關亦得依工程性質及契約約定事項自行增訂之。
B64: 3.本工程依營業法第30條規定須置工地主任者，由工地主任簽章；依上開規定免置工地主任者，則由營造業法第32條
B65: 第2項所定之人員簽章。廠商非屬營造業者,由工地負責人簽章。
B66: 4.契約工期如有修正，應填修正後之契約工期，含展延工期及不計工期天數；如有依契約變更設計，預定進度及實際
B67: 進度應填變更設計後計算之進度。
B68: 5.上開重要事項記錄包含(1)主辦機關及監造單位指示波(2)工地遇緊急異常狀況之通報處理情形(3)本日是否由專任工
B69: 程人員督察按圖施工，解決施工技術問題等。
B70: 6.公共工程屬建築物者，請依內政部99年2月5日台內營字第0990800804號令頒之「建築物施工日誌」

Sheet 0106
A1: 公共工程施工日誌
A2: 表報編號： | H2: 23
A3: 本日天氣: | G3: 上午： | K3: 晴 | Q3: 下午: | U3: 晴 | AR3: 日期： | AW3: =SUM(R6+H2)-1 -> 45663 | BH3: =WEEKDAY(AW3) -> 2
A4: 工程名稱 | G4: 113年育英樓排水改善工程 | AN4: 承攬廠商名稱 | AV4: 齊全土木包工業
A5: 核定工期 | J5: 60 | O5: 天 | R5: 累計工期 | Z5: =H2-15 -> 8 | AE5: 天 | AH5: 剩餘工期 | AP5: =J5-Z5 -> 52 | AU5: 天 | AX5: 工期展廷天數 | BK5: 天
A6: 開 工 日 期 | R6: 45641 | AH6: 完 工 日 期 | AX6: =SUM(R6,J5)+31 -> 45732
A7: 本日預定進度(%) | R7: 0 | AH7: 本日實際進度(%) | AX7: =SUM(AR33/BO7) -> 0 | BO7: 891687
A8: 累計預定進度(%) | R8: =R7+'0105'!R8 -> 0.02408 | AH8: 累計實際進度(%) | AX8: =AX7+'0105'!AX8 -> 0.033940161
A9: 一、依施工計劃書執行按圖施工概況(含約定之重要施工項目及完成數量等)等：
A10: 項次 | D10: 施工項目 | AE10: 單位 | AI10: 契約數量 | AR10: 本日完成數量 | BA10: 累計完成數量 | BJ10: 備註 | BN10: 契約單價金額 | BO10: 本日完成金額 | BP10: 累計完成金額 | BR10: 契約總額
A11: 壹. | D11: 直接工程
A12: 1 | D12: 工程告示牌、職業安全衛生告示牌與交通管制設施(租用) | AE12: 式 | AI12: 1 | BA12: =AR12+'0105'!BA12 -> 1 | BN12: 5000 | BO12: =SUM(AR12*BN12) -> 0 | BP12: =BO12+'0105'!BP12 -> 5000 | BQ12: =BP12 -> 5000 | BR12: 5000
A13: 2 | D13: 施工圍籬(租用) | AE13: M | AI13: 74 | BA13: =AR13+'0105'!BA13 -> 15 | BN13: 400 | BO13: =SUM(AR13*BN13) -> 0 | BP13: =BO13+'0105'!BP13 -> 6000 | BQ13: =BP13 -> 6000 | BR13: 29600
A14: 3 | D14: 施工動線開闢及損壞復原 | AE14: 式 | AI14: 1 | BA14: =AR14+'0105'!BA14 -> 0 | BN14: 5000 | BO14: =SUM(AR14*BN14) -> 0 | BP14: =BO14+'0105'!BP14 -> 0 | BQ14: =BP14 -> 0 | BR14: 5000
A15: 4 | D15: 測量與放樣 | AE15: 式 | AI15: 1 | BA15: =AR15+'0105'!BA15 -> 0 | BN15: 5000 | BO15: =SUM(AR15*BN15) -> 0 | BP15: =BO15+'0105'!BP15 -> 0 | BQ15: =BP15 -> 0 | BR15: 5000
A16: 5 | D16: 既有水溝清淤(含移除水溝內樹木竄根)，破損處以樹脂水泥砂漿整平，外側溝壁以樹脂水泥砂漿打底至與鋪面齊平 | AE16: M | AI16: 81 | BA16: =AR16+'0105'!BA16 -> 0 | BN16: 1000 | BO16: =SUM(AR16*BN16) -> 0 | BP16: =BO16+'0105'!BP16 -> 0 | BQ16: =BP16 -> 0 | BR16: 81000
A17: 6 | D17: 既有水溝安裝鍍鋅鋼板 | AE17: M | AI17: 22 | BA17: =AR17+'0105'!BA17 -> 0 | BN17: 4650 | BO17: =SUM(AR17*BN17) -> 0 | BP17: =BO17+'0105'!BP17 -> 0 | BQ17: =BP17 -> 0 | BR17: 102300
A18: 7 | D18: 新設RC水溝 | AE18: M | AI18: 23 | BA18: =AR18+'0105'!BA18 -> 0 | BN18: 3500 | BO18: =SUM(AR18*BN18) -> 0 | BP18: =BO18+'0105'!BP18 -> 0 | BQ18: =BP18 -> 0 | BR18: 80500
A19: 8 | D19: 設置鍍鋅鋼材烤漆止滑細縫水溝蓋含框 | AE19: 組 | AI19: 8 | BA19: =AR19+'0105'!BA19 -> 0 | BN19: 6250 | BO19: =SUM(AR19*BN19) -> 0 | BP19: =BO19+'0105'!BP19 -> 0 | BQ19: =BP19 -> 0 | BR19: 50000
A20: 9 | D20: 切割打除既有地坪，整地，底土壓實 | AE20: M2 | AI20: 68 | BA20: =AR20+'0105'!BA20 -> 0 | BN20: 1200 | BO20: =SUM(AR20*BN20) -> 0 | BP20: =BO20+'0105'!BP20 -> 0 | BQ20: =BP20 -> 0 | BR20: 81600
A21: 10 | D21: 新設RC地坪與斜坡，面層抿石子 | AE21: M2 | AI21: 68 | BA21: =AR21+'0105'!BA21 -> 0 | BN21: 3000 | BO21: =SUM(AR21*BN21) -> 0 | BP21: =BO21+'0105'!BP21 -> 0 | BQ21: =BP21 -> 0 | BR21: 204000
A22: 11 | D22: 北側圍牆邊陰井新設不鏽鋼沉水馬達220V/110V 1HP以上(含工帶料，需配浮球開關)，抽水至圍牆外水溝 | AE22: 組 | AI22: 1 | BA22: =AR22+'0105'!BA22 -> 0 | BN22: 20000 | BO22: =SUM(AR22*BN22) -> 0 | BP22: =BO22+'0105'!BP22 -> 0 | BQ22: =BP22 -> 0 | BR22: 20000
A23: 12 | D23: 西側既有走廊上水溝格柵蓋板，設置化妝蓋板含框，周邊復原 | AE23: 式 | AI23: 1 | BA23: =AR23+'0105'!BA23 -> 0 | BN23: 68000 | BO23: =SUM(AR23*BN23) -> 0 | BP23: =BO23+'0105'!BP23 -> 0 | BQ23: =BP23 -> 0 | BR23: 68000
... A25: 14 | D25: 材料檢驗費用 | AE25: 式 | AI25: 1 | BA25: =AR25+'0105'!BA25 -> 0 | BN25: 1440 | BO25: =SUM(AR25*BN25) -> 0 | BP25: =BO25+'0105'!BP25 -> 0 | BQ25: =BP25 -> 0 | BR25: 1440
D26: 合計(壹) | BO26: =SUM(BO12:BO25) -> 0 | BP26: =SUM(BP12:BP25) -> 11000 | BQ26: =BP26 -> 11000 | BR26: =SUM(BR12:BR25) -> 776279
A27: 貳 | D27: 職業安全衛生管理費 (壹*1%) | AE27: 式 | AI27: 1 | AR27: =SUM(BO26/BN27) -> 0 | BA27: =AR27+'0105'!BA27 -> 0.014171605 | BN27: 7762 | BO27: =SUM(AR27*BN27) -> 0 | BP27: =BO27+'0105'!BP27 -> 110 | BQ27: =BP27 -> 110 | BR27: 7762 | BS27: =SUM(BN27/BR26) -> 0.0099989823
A28: 參 | D28: 工程品質管制作業費 (壹*1%) | AE28: 式 | AI28: 1 | AR28: =SUM(BO26/BN28) -> 0 | BA28: =AR28+'0105'!BA28 -> 0.01416978 | BN28: 7763 | BO28: =SUM(AR28*BN28) -> 0 | BP28: =BO28+'0105'!BP28 -> 110 | BQ28: =BP28 -> 110 | BR28: 7763 | BS28: =SUM(BN28/BR26) -> 0.010000271
A29: 肆 | D29: 包商利潤及管理費 (約壹*7%) | AE29: 式 | AI29: 1 | AR29: =SUM(BO26/BN29) -> 0 | BA29: =AR29+'0105'!BA29 -> 0.014170562 | BN29: 54338 | BO29: =SUM(AR29*BN29) -> 0 | BP29: =BO29+'0105'!BP29 -> 770 | BQ29: =BP29 -> 770 | BR29: 54338 | BS29: =SUM(BN29/BR26) -> 0.069998029
A30: 伍 | D30: 保險費 | AE30: 式 | AI30: 1 | AR30: 0 | BA30: =AR30+'0105'!BA30 -> 1 | BN30: 3084 | BO30: =SUM(AR30*BN30) -> 0 | BP30: =BO30+'0105'!BP30 -> 3084 | BQ30: =BP30 -> 3084 | BR30: 3084 | BT30: =SUM(BR26:BR30) -> 849226
A31: 陸 | D31: 營業稅 ((壹~伍)*5%) | AE31: 式 | AI31: 1 | AR31: =SUM(BT31/BN31) -> 0 | BA31: =AR31+'0105'!BA31 -> 0.35784004 | BN31: 42461 | BO31: =SUM(AR31*BN31) -> 0 | BP31: =BO31+'0105'!BP31 -> 15190 | BQ31: =BP31 -> 15190 | BR31: 42461 | BS31: =SUM(BN31/BT30) -> 0.049999647 | BT31: =SUM(BO26:BO30) -> 0
D32: 發包工程費合計 (壹~陸) | BO32: =SUM(BO26:BO31) -> 0 | BP32: =SUM(BP26:BP31) -> 30264 | BQ32: =SUM(BQ26:BQ31) -> 30264 | BR32: =SUM(BR26:BR31) -> 891687
D33: 本日合計金額 | AR33: =BO32 -> 0
D34: 累計合計金額 | AR34: =BP32 -> 30264 | BN34: 契約單價金額 | BO34: 本日完成金額 | BP34: 累計完成金額
A35: 營造業專業工程特定施工項目
A36: A.
A37: B.
A38: 二、工地材料管理概況(含約定之重要材料使用情況及數量等)：
A39: 材料名稱 | V39: 單位 | Y39: 設計數量 | AI39: 本日使用數量 | AS39: 累計使用數量 | BC39: 備註
AS40: =AI40+'0105'!AS40 -> 0
AS41: =AI41+'0105'!AS41 -> 0
AS42: =AI42+'0105'!AS42 -> 0
AS43: =AI43+'0105'!AS43 -> 0
AS44: =AI44+'0105'!AS44 -> 0
A45: 三、工地人員及機具管理（含約定之出工人數及機具使用情形及數量）:
A46: 工別 | L46: 本日人數 | V46: 累計人數 | AI46: 機具名稱 | AS46: 本日完成數量 | BC46: 累計完成數量
A47: 技術工 | V47: =L47+'0105'!V47 -> 0 | AI47: 挖土機 | BC47: =AS47+'0105'!BC47 -> 0
A48: 小工 | V48: =L48+'0105'!V48 -> 0 | AI48: 鏟土機 | BC48: =AS48+'0105'!BC48 -> 0
A49: 四、本日施工項目是否有須依「營造業專業工程持定施工項目應置之技術士總類、比率或人數標準表」規定
A50: 應設置技術士之專業工程:□有(施工項目內容: )■無(此項如勾選"有"，則應
A51: 填寫「公共工程施工日誌之技術士簽章表」）
A52: 五、工地勞工安全衛生事項之督導、公共環境與安全之維護及其他工地行政事務：
A53: (一)施工前檢查事項：
A54: 1.實施勤前教育(含工地預防災變及危害告知)：■有 □無
A55: 2.確認新進勞工是否提報勞工保險(或其他商業保險)資料及安全衛生教育訓練紀錄：□有□無■無新進勞工
A56: 3.檢查勞工個人防護具：■有 □無
A57: (二)其他事項：
A58: 六、施工取樣試驗紀錄：
A59: 七、通知協力廠商辦理事項：
A60: 八、重要事項紀錄：星期一依契約規定,本日不計入工期。
A61: 簽章；【工地主任】(註3)
B62: 註1.依營造業法第32第1項第2款規定，工地主任應按日填報施工日誌
B63: 2.本施工日誌格式僅供參考，惟原則應包含上開欄位，各機關亦得依工程性質及契約約定事項自行增訂之。
B64: 3.本工程依營業法第30條規定須置工地主任者，由工地主任簽章；依上開規定免置工地主任者，則由營造業法第32條
B65: 第2項所定之人員簽章。廠商非屬營造業者,由工地負責人簽章。
B66: 4.契約工期如有修正，應填修正後之契約工期，含展延工期及不計工期天數；如有依契約變更設計，預定進度及實際
B67: 進度應填變更設計後計算之進度。
B68: 5.上開重要事項記錄包含(1)主辦機關及監造單位指示波(2)工地遇緊急異常狀況之通報處理情形(3)本日是否由專任工
B69: 程人員督察按圖施工，解決施工技術問題等。
B70: 6.公共工程屬建築物者，請依內政部99年2月5日台內營字第0990800804號令頒之「建築物施工日誌」

Sheet 0107
A1: 公共工程施工日誌
A2: 表報編號： | H2: 24
A3: 本日天氣: | G3: 上午： | K3: 晴 | Q3: 下午: | U3: 晴 | AR3: 日期： | AW3: =SUM(R6+H2)-1 -> 45664 | BH3: =WEEKDAY(AW3) -> 3
A4: 工程名稱 | G4: 113年育英樓排水改善工程 | AN4: 承攬廠商名稱 | AV4: 齊全土木包工業
A5: 核定工期 | J5: 60 | O5: 天 | R5: 累計工期 | Z5: =H2-16 -> 8 | AE5: 天 | AH5: 剩餘工期 | AP5: =J5-Z5 -> 52 | AU5: 天 | AX5: 工期展廷天數 | BK5: 天
A6: 開 工 日 期 | R6: 45641 | AH6: 完 工 日 期 | AX6: =SUM(R6,J5)+31 -> 45732
A7: 本日預定進度(%) | R7: 0 | AH7: 本日實際進度(%) | AX7: =SUM(AR33/BO7) -> 0 | BO7: 891687
A8: 累計預定進度(%) | R8: =R7+'0106'!R8 -> 0.02408 | AH8: 累計實際進度(%) | AX8: =AX7+'0106'!AX8 -> 0.033940161
A9: 一、依施工計劃書執行按圖施工概況(含約定之重要施工項目及完成數量等)等：
A10: 項次 | D10: 施工項目 | AE10: 單位 | AI10: 契約數量 | AR10: 本日完成數量 | BA10: 累計完成數量 | BJ10: 備註 | BN10: 契約單價金額 | BO10: 本日完成金額 | BP10: 累計完成金額 | BR10: 契約總額
A11: 壹. | D11: 直接工程
A12: 1 | D12: 工程告示牌、職業安全衛生告示牌與交通管制設施(租用) | AE12: 式 | AI12: 1 | BA12: =AR12+'0106'!BA12 -> 1 | BN12: 5000 | BO12: =SUM(AR12*BN12) -> 0 | BP12: =BO12+'0106'!BP12 -> 5000 | BQ12: =BP12 -> 5000 | BR12: 5000
A13: 2 | D13: 施工圍籬(租用) | AE13: M | AI13: 74 | BA13: =AR13+'0106'!BA13 -> 15 | BN13: 400 | BO13: =SUM(AR13*BN13) -> 0 | BP13: =BO13+'0106'!BP13 -> 6000 | BQ13: =BP13 -> 6000 | BR13: 29600
A14: 3 | D14: 施工動線開闢及損壞復原 | AE14: 式 | AI14: 1 | BA14: =AR14+'0106'!BA14 -> 0 | BN14: 5000 | BO14: =SUM(AR14*BN14) -> 0 | BP14: =BO14+'0106'!BP14 -> 0 | BQ14: =BP14 -> 0 | BR14: 5000
A15: 4 | D15: 測量與放樣 | AE15: 式 | AI15: 1 | BA15: =AR15+'0106'!BA15 -> 0 | BN15: 5000 | BO15: =SUM(AR15*BN15) -> 0 | BP15: =BO15+'0106'!BP15 -> 0 | BQ15: =BP15 -> 0 | BR15: 5000
A16: 5 | D16: 既有水溝清淤(含移除水溝內樹木竄根)，破損處以樹脂水泥砂漿整平，外側溝壁以樹脂水泥砂漿打底至與鋪面齊平 | AE16: M | AI16: 81 | BA16: =AR16+'0106'!BA16 -> 0 | BN16: 1000 | BO16: =SUM(AR16*BN16) -> 0 | BP16: =BO16+'0106'!BP16 -> 0 | BQ16: =BP16 -> 0 | BR16: 81000
A17: 6 | D17: 既有水溝安裝鍍鋅鋼板 | AE17: M | AI17: 22 | BA17: =AR17+'0106'!BA17 -> 0 | BN17: 4650 | BO17: =SUM(AR17*BN17) -> 0 | BP17: =BO17+'0106'!BP17 -> 0 | BQ17: =BP17 -> 0 | BR17: 102300
A18: 7 | D18: 新設RC水溝 | AE18: M | AI18: 23 | BA18: =AR18+'0106'!BA18 -> 0 | BN18: 3500 | BO18: =SUM(AR18*BN18) -> 0 | BP18: =BO18+'0106'!BP18 -> 0 | BQ18: =BP18 -> 0 | BR18: 80500
A19: 8 | D19: 設置鍍鋅鋼材烤漆止滑細縫水溝蓋含框 | AE19: 組 | AI19: 8 | BA19: =AR19+'0106'!BA19 -> 0 | BN19: 6250 | BO19: =SUM(AR19*BN19) -> 0 | BP19: =BO19+'0106'!BP19 -> 0 | BQ19: =BP19 -> 0 | BR19: 50000
A20: 9 | D20: 切割打除既有地坪，整地，底土壓實 | AE20: M2 | AI20: 68 | BA20: =AR20+'0106'!BA20 -> 0 | BN20: 1200 | BO20: =SUM(AR20*BN20) -> 0 | BP20: =BO20+'0106'!BP20 -> 0 | BQ20: =BP20 -> 0 | BR20: 81600
A21: 10 | D21: 新設RC地坪與斜坡，面層抿石子 | AE21: M2 | AI21: 68 | BA21: =AR21+'0106'!BA21 -> 0 | BN21: 3000 | BO21: =SUM(AR21*BN21) -> 0 | BP21: =BO21+'0106'!BP21 -> 0 | BQ21: =BP21 -> 0 | BR21: 204000
A22: 11 | D22: 北側圍牆邊陰井新設不鏽鋼沉水馬達220V/110V 1HP以上(含工帶料，需配浮球開關)，抽水至圍牆外水溝 | AE22: 組 | AI22: 1 | BA22: =AR22+'0106'!BA22 -> 0 | BN22: 20000 | BO22: =SUM(AR22*BN22) -> 0 | BP22: =BO22+'0106'!BP22 -> 0 | BQ22: =BP22 -> 0 | BR22: 20000
A23: 12 | D23: 西側既有走廊上水溝格柵蓋板，設置化妝蓋板含框，周邊復原 | AE23: 式 | AI23: 1 | BA23: =AR23+'0106'!BA23 -> 0 | BN23: 68000 | BO23: =SUM(AR23*BN23) -> 0 | BP23: =BO23+'0106'!BP23 -> 0 | BQ23: =BP23 -> 0 | BR23: 68000
... A25: 14 | D25: 材料檢驗費用 | AE25: 式 | AI25: 1 | BA25: =AR25+'0106'!BA25 -> 0 | BN25: 1440 | BO25: =SUM(AR25*BN25) -> 0 | BP25: =BO25+'0106'!BP25 -> 0 | BQ25: =BP25 -> 0 | BR25: 1440
D26: 合計(壹) | BO26: =SUM(BO12:BO25) -> 0 | BP26: =SUM(BP12:BP25) -> 11000 | BQ26: =BP26 -> 11000 | BR26: =SUM(BR12:BR25) -> 776279
A27: 貳 | D27: 職業安全衛生管理費 (壹*1%) | AE27: 式 | AI27: 1 | AR27: =SUM(BO26/BN27) -> 0 | BA27: =AR27+'0106'!BA27 -> 0.014171605 | BN27: 7762 | BO27: =SUM(AR27*BN27) -> 0 | BP27: =BO27+'0106'!BP27 -> 110 | BQ27: =BP27 -> 110 | BR27: 7762 | BS27: =SUM(BN27/BR26) -> 0.0099989823
A28: 參 | D28: 工程品質管制作業費 (壹*1%) | AE28: 式 | AI28: 1 | AR28: =SUM(BO26/BN28) -> 0 | BA28: =AR28+'0106'!BA28 -> 0.01416978 | BN28: 7763 | BO28: =SUM(AR28*BN28) -> 0 | BP28: =BO28+'0106'!BP28 -> 110 | BQ28: =BP28 -> 110 | BR28: 7763 | BS28: =SUM(BN28/BR26) -> 0.010000271
A29: 肆 | D29: 包商利潤及管理費 (約壹*7%) | AE29: 式 | AI29: 1 | AR29: =SUM(BO26/BN29) -> 0 | BA29: =AR29+'0106'!BA29 -> 0.014170562 | BN29: 54338 | BO29: =SUM(AR29*BN29) -> 0 | BP29: =BO29+'0106'!BP29 -> 770 | BQ29: =BP29 -> 770 | BR29: 54338 | BS29: =SUM(BN29/BR26) -> 0.069998029
A30: 伍 | D30: 保險費 | AE30: 式 | AI30: 1 | AR30: 0 | BA30: =AR30+'0106'!BA30 -> 1 | BN30: 3084 | BO30: =SUM(AR30*BN30) -> 0 | BP30: =BO30+'0106'!BP30 -> 3084 | BQ30: =BP30 -> 3084 | BR30: 3084 | BT30: =SUM(BR26:BR30) -> 849226
A31: 陸 | D31: 營業稅 ((壹~伍)*5%) | AE31: 式 | AI31: 1 | AR31: =SUM(BT31/BN31) -> 0 | BA31: =AR31+'0106'!BA31 -> 0.35784004 | BN31: 42461 | BO31: =SUM(AR31*BN31) -> 0 | BP31: =BO31+'0106'!BP31 -> 15190 | BQ31: =BP31 -> 15190 | BR31: 42461 | BS31: =SUM(BN31/BT30) -> 0.049999647 | BT31: =SUM(BO26:BO30) -> 0
D32: 發包工程費合計 (壹~陸) | BO32: =SUM(BO26:BO31) -> 0 | BP32: =SUM(BP26:BP31) -> 30264 | BQ32: =SUM(BQ26:BQ31) -> 30264 | BR32: =SUM(BR26:BR31) -> 891687
D33: 本日合計金額 | AR33: =BO32 -> 0
D34: 累計合計金額 | AR34: =BP32 -> 30264 | BN34: 契約單價金額 | BO34: 本日完成金額 | BP34: 累計完成金額
A35: 營造業專業工程特定施工項目
A36: A.
A37: B.
A38: 二、工地材料管理概況(含約定之重要材料使用情況及數量等)：
A39: 材料名稱 | V39: 單位 | Y39: 設計數量 | AI39: 本日使用數量 | AS39: 累計使用數量 | BC39: 備註
AS40: =AI40+'0106'!AS40 -> 0
AS41: =AI41+'0106'!AS41 -> 0
AS42: =AI42+'0106'!AS42 -> 0
AS43: =AI43+'0106'!AS43 -> 0
AS44: =AI44+'0106'!AS44 -> 0
A45: 三、工地人員及機具管理（含約定之出工人數及機具使用情形及數量）:
A46: 工別 | L46: 本日人數 | V46: 累計人數 | AI46: 機具名稱 | AS46: 本日完成數量 | BC46: 累計完成數量
A47: 技術工 | V47: =L47+'0106'!V47 -> 0 | AI47: 挖土機 | BC47: =AS47+'0106'!BC47 -> 0
A48: 小工 | V48: =L48+'0106'!V48 -> 0 | AI48: 鏟土機 | BC48: =AS48+'0106'!BC48 -> 0
A49: 四、本日施工項目是否有須依「營造業專業工程持定施工項目應置之技術士總類、比率或人數標準表」規定
A50: 應設置技術士之專業工程:□有(施工項目內容: )■無(此項如勾選"有"，則應
A51: 填寫「公共工程施工日誌之技術士簽章表」）
A52: 五、工地勞工安全衛生事項之督導、公共環境與安全之維護及其他工地行政事務：
A53: (一)施工前檢查事項：
A54: 1.實施勤前教育(含工地預防災變及危害告知)：■有 □無
A55: 2.確認新進勞工是否提報勞工保險(或其他商業保險)資料及安全衛生教育訓練紀錄：□有□無■無新進勞工
A56: 3.檢查勞工個人防護具：■有 □無
A57: (二)其他事項：
A58: 六、施工取樣試驗紀錄：
A59: 七、通知協力廠商辦理事項：
A60: 八、重要事項紀錄：星期二依契約規定,本日不計入工期。
A61: 簽章；【工地主任】(註3)
B62: 註1.依營造業法第32第1項第2款規定，工地主任應按日填報施工日誌
B63: 2.本施工日誌格式僅供參考，惟原則應包含上開欄位，各機關亦得依工程性質及契約約定事項自行增訂之。
B64: 3.本工程依營業法第30條規定須置工地主任者，由工地主任簽章；依上開規定免置工地主任者，則由營造業法第32條
B65: 第2項所定之人員簽章。廠商非屬營造業者,由工地負責人簽章。
B66: 4.契約工期如有修正，應填修正後之契約工期，含展延工期及不計工期天數；如有依契約變更設計，預定進度及實際
B67: 進度應填變更設計後計算之進度。
B68: 5.上開重要事項記錄包含(1)主辦機關及監造單位指示波(2)工地遇緊急異常狀況之通報處理情形(3)本日是否由專任工
B69: 程人員督察按圖施工，解決施工技術問題等。
B70: 6.公共工程屬建築物者，請依內政部99年2月5日台內營字第0990800804號令頒之「建築物施工日誌」

Sheet 0108
A1: 公共工程施工日誌
A2: 表報編號： | H2: 25
A3: 本日天氣: | G3: 上午： | K3: 晴 | Q3: 下午: | U3: 晴 | AR3: 日期： | AW3: =SUM(R6+H2)-1 -> 45665 | BH3: =WEEKDAY(AW3) -> 4
A4: 工程名稱 | G4: 113年育英樓排水改善工程 | AN4: 承攬廠商名稱 | AV4: 齊全土木包工業
A5: 核定工期 | J5: 60 | O5: 天 | R5: 累計工期 | Z5: =H2-17 -> 8 | AE5: 天 | AH5: 剩餘工期 | AP5: =J5-Z5 -> 52 | AU5: 天 | AX5: 工期展廷天數 | BK5: 天
A6: 開 工 日 期 | R6: 45641 | AH6: 完 工 日 期 | AX6: =SUM(R6,J5)+31 -> 45732
A7: 本日預定進度(%) | R7: 0 | AH7: 本日實際進度(%) | AX7: =SUM(AR33/BO7) -> 0 | BO7: 891687
A8: 累計預定進度(%) | R8: =R7+'0107'!R8 -> 0.02408 | AH8: 累計實際進度(%) | AX8: =AX7+'0107'!AX8 -> 0.033940161
A9: 一、依施工計劃書執行按圖施工概況(含約定之重要施工項目及完成數量等)等：
A10: 項次 | D10: 施工項目 | AE10: 單位 | AI10: 契約數量 | AR10: 本日完成數量 | BA10: 累計完成數量 | BJ10: 備註 | BN10: 契約單價金額 | BO10: 本日完成金額 | BP10: 累計完成金額 | BR10: 契約總額
A11: 壹. | D11: 直接工程
A12: 1 | D12: 工程告示牌、職業安全衛生告示牌與交通管制設施(租用) | AE12: 式 | AI12: 1 | BA12: =AR12+'0107'!BA12 -> 1 | BN12: 5000 | BO12: =SUM(AR12*BN12) -> 0 | BP12: =BO12+'0107'!BP12 -> 5000 | BQ12: =BP12 -> 5000 | BR12: 5000
A13: 2 | D13: 施工圍籬(租用) | AE13: M | AI13: 74 | BA13: =AR13+'0107'!BA13 -> 15 | BN13: 400 | BO13: =SUM(AR13*BN13) -> 0 | BP13: =BO13+'0107'!BP13 -> 6000 | BQ13: =BP13 -> 6000 | BR13: 29600
A14: 3 | D14: 施工動線開闢及損壞復原 | AE14: 式 | AI14: 1 | BA14: =AR14+'0107'!BA14 -> 0 | BN14: 5000 | BO14: =SUM(AR14*BN14) -> 0 | BP14: =BO14+'0107'!BP14 -> 0 | BQ14: =BP14 -> 0 | BR14: 5000
A15: 4 | D15: 測量與放樣 | AE15: 式 | AI15: 1 | BA15: =AR15+'0107'!BA15 -> 0 | BN15: 5000 | BO15: =SUM(AR15*BN15) -> 0 | BP15: =BO15+'0107'!BP15 -> 0 | BQ15: =BP15 -> 0 | BR15: 5000
A16: 5 | D16: 既有水溝清淤(含移除水溝內樹木竄根)，破損處以樹脂水泥砂漿整平，外側溝壁以樹脂水泥砂漿打底至與鋪面齊平 | AE16: M | AI16: 81 | BA16: =AR16+'0107'!BA16 -> 0 | BN16: 1000 | BO16: =SUM(AR16*BN16) -> 0 | BP16: =BO16+'0107'!BP16 -> 0 | BQ16: =BP16 -> 0 | BR16: 81000
A17: 6 | D17: 既有水溝安裝鍍鋅鋼板 | AE17: M | AI17: 22 | BA17: =AR17+'0107'!BA17 -> 0 | BN17: 4650 | BO17: =SUM(AR17*BN17) -> 0 | BP17: =BO17+'0107'!BP17 -> 0 | BQ17: =BP17 -> 0 | BR17: 102300
A18: 7 | D18: 新設RC水溝 | AE18: M | AI18: 23 | BA18: =AR18+'0107'!BA18 -> 0 | BN18: 3500 | BO18: =SUM(AR18*BN18) -> 0 | BP18: =BO18+'0107'!BP18 -> 0 | BQ18: =BP18 -> 0 | BR18: 80500
A19: 8 | D19: 設置鍍鋅鋼材烤漆止滑細縫水溝蓋含框 | AE19: 組 | AI19: 8 | BA19: =AR19+'0107'!BA19 -> 0 | BN19: 6250 | BO19: =SUM(AR19*BN19) -> 0 | BP19: =BO19+'0107'!BP19 -> 0 | BQ19: =BP19 -> 0 | BR19: 50000
A20: 9 | D20: 切割打除既有地坪，整地，底土壓實 | AE20: M2 | AI20: 68 | BA20: =AR20+'0107'!BA20 -> 0 | BN20: 1200 | BO20: =SUM(AR20*BN20) -> 0 | BP20: =BO20+'0107'!BP20 -> 0 | BQ20: =BP20 -> 0 | BR20: 81600
A21: 10 | D21: 新設RC地坪與斜坡，面層抿石子 | AE21: M2 | AI21: 68 | BA21: =AR21+'0107'!BA21 -> 0 | BN21: 3000 | BO21: =SUM(AR21*BN21) -> 0 | BP21: =BO21+'0107'!BP21 -> 0 | BQ21: =BP21 -> 0 | BR21: 204000
A22: 11 | D22: 北側圍牆邊陰井新設不鏽鋼沉水馬達220V/110V 1HP以上(含工帶料，需配浮球開關)，抽水至圍牆外水溝 | AE22: 組 | AI22: 1 | BA22: =AR22+'0107'!BA22 -> 0 | BN22: 20000 | BO22: =SUM(AR22*BN22) -> 0 | BP22: =BO22+'0107'!BP22 -> 0 | BQ22: =BP22 -> 0 | BR22: 20000
A23: 12 | D23: 西側既有走廊上水溝格柵蓋板，設置化妝蓋板含框，周邊復原 | AE23: 式 | AI23: 1 | BA23: =AR23+'0107'!BA23 -> 0 | BN23: 68000 | BO23: =SUM(AR23*BN23) -> 0 | BP23: =BO23+'0107'!BP23 -> 0 | BQ23: =BP23 -> 0 | BR23: 68000
... A25: 14 | D25: 材料檢驗費用 | AE25: 式 | AI25: 1 | BA25: =AR25+'0107'!BA25 -> 0 | BN25: 1440 | BO25: =SUM(AR25*BN25) -> 0 | BP25: =BO25+'0107'!BP25 -> 0 | BQ25: =BP25 -> 0 | BR25: 1440
D26: 合計(壹) | BO26: =SUM(BO12:BO25) -> 0 | BP26: =SUM(BP12:BP25) -> 11000 | BQ26: =BP26 -> 11000 | BR26: =SUM(BR12:BR25) -> 776279
A27: 貳 | D27: 職業安全衛生管理費 (壹*1%) | AE27: 式 | AI27: 1 | AR27: =SUM(BO26/BN27) -> 0 | BA27: =AR27+'0107'!BA27 -> 0.014171605 | BN27: 7762 | BO27: =SUM(AR27*BN27) -> 0 | BP27: =BO27+'0107'!BP27 -> 110 | BQ27: =BP27 -> 110 | BR27: 7762 | BS27: =SUM(BN27/BR26) -> 0.0099989823
A28: 參 | D28: 工程品質管制作業費 (壹*1%) | AE28: 式 | AI28: 1 | AR28: =SUM(BO26/BN28) -> 0 | BA28: =AR28+'0107'!BA28 -> 0.01416978 | BN28: 7763 | BO28: =SUM(AR28*BN28) -> 0 | BP28: =BO28+'0107'!BP28 -> 110 | BQ28: =BP28 -> 110 | BR28: 7763 | BS28: =SUM(BN28/BR26) -> 0.010000271
A29: 肆 | D29: 包商利潤及管理費 (約壹*7%) | AE29: 式 | AI29: 1 | AR29: =SUM(BO26/BN29) -> 0 | BA29: =AR29+'0107'!BA29 -> 0.014170562 | BN29: 54338 | BO29: =SUM(AR29*BN29) -> 0 | BP29: =BO29+'0107'!BP29 -> 770 | BQ29: =BP29 -> 770 | BR29: 54338 | BS29: =SUM(BN29/BR26) -> 0.069998029
A30: 伍 | D30: 保險費 | AE30: 式 | AI30: 1 | AR30: 0 | BA30: =AR30+'0107'!BA30 -> 1 | BN30: 3084 | BO30: =SUM(AR30*BN30) -> 0 | BP30: =BO30+'0107'!BP30 -> 3084 | BQ30: =BP30 -> 3084 | BR30: 3084 | BT30: =SUM(BR26:BR30) -> 849226
A31: 陸 | D31: 營業稅 ((壹~伍)*5%) | AE31: 式 | AI31: 1 | AR31: =SUM(BT31/BN31) -> 0 | BA31: =AR31+'0107'!BA31 -> 0.35784004 | BN31: 42461 | BO31: =SUM(AR31*BN31) -> 0 | BP31: =BO31+'0107'!BP31 -> 15190 | BQ31: =BP31 -> 15190 | BR31: 42461 | BS31: =SUM(BN31/BT30) -> 0.049999647 | BT31: =SUM(BO26:BO30) -> 0
D32: 發包工程費合計 (壹~陸) | BO32: =SUM(BO26:BO31) -> 0 | BP32: =SUM(BP26:BP31) -> 30264 | BQ32: =SUM(BQ26:BQ31) -> 30264 | BR32: =SUM(BR26:BR31) -> 891687
D33: 本日合計金額 | AR33: =BO32 -> 0
D34: 累計合計金額 | AR34: =BP32 -> 30264 | BN34: 契約單價金額 | BO34: 本日完成金額 | BP34: 累計完成金額
A35: 營造業專業工程特定施工項目
A36: A.
A37: B.
A38: 二、工地材料管理概況(含約定之重要材料使用情況及數量等)：
A39: 材料名稱 | V39: 單位 | Y39: 設計數量 | AI39: 本日使用數量 | AS39: 累計使用數量 | BC39: 備註
AS40: =AI40+'0107'!AS40 -> 0
AS41: =AI41+'0107'!AS41 -> 0
AS42: =AI42+'0107'!AS42 -> 0
AS43: =AI43+'0107'!AS43 -> 0
AS44: =AI44+'0107'!AS44 -> 0
A45: 三、工地人員及機具管理（含約定之出工人數及機具使用情形及數量）:
A46: 工別 | L46: 本日人數 | V46: 累計人數 | AI46: 機具名稱 | AS46: 本日完成數量 | BC46: 累計完成數量
A47: 技術工 | V47: =L47+'0107'!V47 -> 0 | AI47: 挖土機 | BC47: =AS47+'0107'!BC47 -> 0
A48: 小工 | V48: =L48+'0107'!V48 -> 0 | AI48: 鏟土機 | BC48: =AS48+'0107'!BC48 -> 0
A49: 四、本日施工項目是否有須依「營造業專業工程持定施工項目應置之技術士總類、比率或人數標準表」規定
A50: 應設置技術士之專業工程:□有(施工項目內容: )■無(此項如勾選"有"，則應
A51: 填寫「公共工程施工日誌之技術士簽章表」）
A52: 五、工地勞工安全衛生事項之督導、公共環境與安全之維護及其他工地行政事務：
A53: (一)施工前檢查事項：
A54: 1.實施勤前教育(含工地預防災變及危害告知)：■有 □無
A55: 2.確認新進勞工是否提報勞工保險(或其他商業保險)資料及安全衛生教育訓練紀錄：□有□無■無新進勞工
A56: 3.檢查勞工個人防護具：■有 □無
A57: (二)其他事項：
A58: 六、施工取樣試驗紀錄：
A59: 七、通知協力廠商辦理事項：
A60: 八、重要事項紀錄：星期三依契約規定,本日不計入工期。
A61: 簽章；【工地主任】(註3)
B62: 註1.依營造業法第32第1項第2款規定，工地主任應按日填報施工日誌
B63: 2.本施工日誌格式僅供參考，惟原則應包含上開欄位，各機關亦得依工程性質及契約約定事項自行增訂之。
B64: 3.本工程依營業法第30條規定須置工地主任者，由工地主任簽章；依上開規定免置工地主任者，則由營造業法第32條
B65: 第2項所定之人員簽章。廠商非屬營造業者,由工地負責人簽章。
B66: 4.契約工期如有修正，應填修正後之契約工期，含展延工期及不計工期天數；如有依契約變更設計，預定進度及實際
B67: 進度應填變更設計後計算之進度。
B68: 5.上開重要事項記錄包含(1)主辦機關及監造單位指示波(2)工地遇緊急異常狀況之通報處理情形(3)本日是否由專任工
B69: 程人員督察按圖施工，解決施工技術問題等。
B70: 6.公共工程屬建築物者，請依內政部99年2月5日台內營字第0990800804號令頒之「建築物施工日誌」

Sheet 0109
A1: 公共工程施工日誌
A2: 表報編號： | H2: 26
A3: 本日天氣: | G3: 上午： | K3: 晴 | Q3: 下午: | U3: 晴 | AR3: 日期： | AW3: =SUM(R6+H2)-1 -> 45666 | BH3: =WEEKDAY(AW3) -> 5
A4: 工程名稱 | G4: 113年育英樓排水改善工程 | AN4: 承攬廠商名稱 | AV4: 齊全土木包工業
A5: 核定工期 | J5: 60 | O5: 天 | R5: 累計工期 | Z5: =H2-18 -> 8 | AE5: 天 | AH5: 剩餘工期 | AP5: =J5-Z5 -> 52 | AU5: 天 | AX5: 工期展廷天數 | BK5: 天
A6: 開 工 日 期 | R6: 45641 | AH6: 完 工 日 期 | AX6: =SUM(R6,J5)+31 -> 45732
A7: 本日預定進度(%) | R7: 0 | AH7: 本日實際進度(%) | AX7: =SUM(AR33/BO7) -> 0 | BO7: 891687
A8: 累計預定進度(%) | R8: =R7+'0108'!R8 -> 0.02408 | AH8: 累計實際進度(%) | AX8: =AX7+'0108'!AX8 -> 0.033940161
A9: 一、依施工計劃書執行按圖施工概況(含約定之重要施工項目及完成數量等)等：
A10: 項次 | D10: 施工項目 | AE10: 單位 | AI10: 契約數量 | AR10: 本日完成數量 | BA10: 累計完成數量 | BJ10: 備註 | BN10: 契約單價金額 | BO10: 本日完成金額 | BP10: 累計完成金額 | BR10: 契約總額
A11: 壹. | D11: 直接工程
A12: 1 | D12: 工程告示牌、職業安全衛生告示牌與交通管制設施(租用) | AE12: 式 | AI12: 1 | BA12: =AR12+'0108'!BA12 -> 1 | BN12: 5000 | BO12: =SUM(AR12*BN12) -> 0 | BP12: =BO12+'0108'!BP12 -> 5000 | BQ12: =BP12 -> 5000 | BR12: 5000
A13: 2 | D13: 施工圍籬(租用) | AE13: M | AI13: 74 | BA13: =AR13+'0108'!BA13 -> 15 | BN13: 400 | BO13: =SUM(AR13*BN13) -> 0 | BP13: =BO13+'0108'!BP13 -> 6000 | BQ13: =BP13 -> 6000 | BR13: 29600
A14: 3 | D14: 施工動線開闢及損壞復原 | AE14: 式 | AI14: 1 | BA14: =AR14+'0108'!BA14 -> 0 | BN14: 5000 | BO14: =SUM(AR14*BN14) -> 0 | BP14: =BO14+'0108'!BP14 -> 0 | BQ14: =BP14 -> 0 | BR14: 5000
A15: 4 | D15: 測量與放樣 | AE15: 式 | AI15: 1 | BA15: =AR15+'0108'!BA15 -> 0 | BN15: 5000 | BO15: =SUM(AR15*BN15) -> 0 | BP15: =BO15+'0108'!BP15 -> 0 | BQ15: =BP15 -> 0 | BR15: 5000
A16: 5 | D16: 既有水溝清淤(含移除水溝內樹木竄根)，破損處以樹脂水泥砂漿整平，外側溝壁以樹脂水泥砂漿打底至與鋪面齊平 | AE16: M | AI16: 81 | BA16: =AR16+'0108'!BA16 -> 0 | BN16: 1000 | BO16: =SUM(AR16*BN16) -> 0 | BP16: =BO16+'0108'!BP16 -> 0 | BQ16: =BP16 -> 0 | BR16: 81000
A17: 6 | D17: 既有水溝安裝鍍鋅鋼板 | AE17: M | AI17: 22 | BA17: =AR17+'0108'!BA17 -> 0 | BN17: 4650 | BO17: =SUM(AR17*BN17) -> 0 | BP17: =BO17+'0108'!BP17 -> 0 | BQ17: =BP17 -> 0 | BR17: 102300
A18: 7 | D18: 新設RC水溝 | AE18: M | AI18: 23 | BA18: =AR18+'0108'!BA18 -> 0 | BN18: 3500 | BO18: =SUM(AR18*BN18) -> 0 | BP18: =BO18+'0108'!BP18 -> 0 | BQ18: =BP18 -> 0 | BR18: 80500
A19: 8 | D19: 設置鍍鋅鋼材烤漆止滑細縫水溝蓋含框 | AE19: 組 | AI19: 8 | BA19: =AR19+'0108'!BA19 -> 0 | BN19: 6250 | BO19: =SUM(AR19*BN19) -> 0 | BP19: =BO19+'0108'!BP19 -> 0 | BQ19: =BP19 -> 0 | BR19: 50000
A20: 9 | D20: 切割打除既有地坪，整地，底土壓實 | AE20: M2 | AI20: 68 | BA20: =AR20+'0108'!BA20 -> 0 | BN20: 1200 | BO20: =SUM(AR20*BN20) -> 0 | BP20: =BO20+'0108'!BP20 -> 0 | BQ20: =BP20 -> 0 | BR20: 81600
A21: 10 | D21: 新設RC地坪與斜坡，面層抿石子 | AE21: M2 | AI21: 68 | BA21: =AR21+'0108'!BA21 -> 0 | BN21: 3000 | BO21: =SUM(AR21*BN21) -> 0 | BP21: =BO21+'0108'!BP21 -> 0 | BQ21: =BP21 -> 0 | BR21: 204000
A22: 11 | D22: 北側圍牆邊陰井新設不鏽鋼沉水馬達220V/110V 1HP以上(含工帶料，需配浮球開關)，抽水至圍牆外水溝 | AE22: 組 | AI22: 1 | BA22: =AR22+'0108'!BA22 -> 0 | BN22: 20000 | BO22: =SUM(AR22*BN22) -> 0 | BP22: =BO22+'0108'!BP22 -> 0 | BQ22: =BP22 -> 0 | BR22: 20000
A23: 12 | D23: 西側既有走廊上水溝格柵蓋板，設置化妝蓋板含框，周邊復原 | AE23: 式 | AI23: 1 | BA23: =AR23+'0108'!BA23 -> 0 | BN23: 68000 | BO23: =SUM(AR23*BN23) -> 0 | BP23: =BO23+'0108'!BP23 -> 0 | BQ23: =BP23 -> 0 | BR23: 68000
... A25: 14 | D25: 材料檢驗費用 | AE25: 式 | AI25: 1 | BA25: =AR25+'0108'!BA25 -> 0 | BN25: 1440 | BO25: =SUM(AR25*BN25) -> 0 | BP25: =BO25+'0108'!BP25 -> 0 | BQ25: =BP25 -> 0 | BR25: 1440
D26: 合計(壹) | BO26: =SUM(BO12:BO25) -> 0 | BP26: =SUM(BP12:BP25) -> 11000 | BQ26: =BP26 -> 11000 | BR26: =SUM(BR12:BR25) -> 776279
A27: 貳 | D27: 職業安全衛生管理費 (壹*1%) | AE27: 式 | AI27: 1 | AR27: =SUM(BO26/BN27) -> 0 | BA27: =AR27+'0108'!BA27 -> 0.014171605 | BN27: 7762 | BO27: =SUM(AR27*BN27) -> 0 | BP27: =BO27+'0108'!BP27 -> 110 | BQ27: =BP27 -> 110 | BR27: 7762 | BS27: =SUM(BN27/BR26) -> 0.0099989823
A28: 參 | D28: 工程品質管制作業費 (壹*1%) | AE28: 式 | AI28: 1 | AR28: =SUM(BO26/BN28) -> 0 | BA28: =AR28+'0108'!BA28 -> 0.01416978 | BN28: 7763 | BO28: =SUM(AR28*BN28) -> 0 | BP28: =BO28+'0108'!BP28 -> 110 | BQ28: =BP28 -> 110 | BR28: 7763 | BS28: =SUM(BN28/BR26) -> 0.010000271
A29: 肆 | D29: 包商利潤及管理費 (約壹*7%) | AE29: 式 | AI29: 1 | AR29: =SUM(BO26/BN29) -> 0 | BA29: =AR29+'0108'!BA29 -> 0.014170562 | BN29: 54338 | BO29: =SUM(AR29*BN29) -> 0 | BP29: =BO29+'0108'!BP29 -> 770 | BQ29: =BP29 -> 770 | BR29: 54338 | BS29: =SUM(BN29/BR26) -> 0.069998029
A30: 伍 | D30: 保險費 | AE30: 式 | AI30: 1 | AR30: 0 | BA30: =AR30+'0108'!BA30 -> 1 | BN30: 3084 | BO30: =SUM(AR30*BN30) -> 0 | BP30: =BO30+'0108'!BP30 -> 3084 | BQ30: =BP30 -> 3084 | BR30: 3084 | BT30: =SUM(BR26:BR30) -> 849226
A31: 陸 | D31: 營業稅 ((壹~伍)*5%) | AE31: 式 | AI31: 1 | AR31: =SUM(BT31/BN31) -> 0 | BA31: =AR31+'0108'!BA31 -> 0.35784004 | BN31: 42461 | BO31: =SUM(AR31*BN31) -> 0 | BP31: =BO31+'0108'!BP31 -> 15190 | BQ31: =BP31 -> 15190 | BR31: 42461 | BS31: =SUM(BN31/BT30) -> 0.049999647 | BT31: =SUM(BO26:BO30) -> 0
D32: 發包工程費合計 (壹~陸) | BO32: =SUM(BO26:BO31) -> 0 | BP32: =SUM(BP26:BP31) -> 30264 | BQ32: =SUM(BQ26:BQ31) -> 30264 | BR32: =SUM(BR26:BR31) -> 891687
D33: 本日合計金額 | AR33: =BO32 -> 0
D34: 累計合計金額 | AR34: =BP32 -> 30264 | BN34: 契約單價金額 | BO34: 本日完成金額 | BP34: 累計完成金額
A35: 營造業專業工程特定施工項目
A36: A.
A37: B.
A38: 二、工地材料管理概況(含約定之重要材料使用情況及數量等)：
A39: 材料名稱 | V39: 單位 | Y39: 設計數量 | AI39: 本日使用數量 | AS39: 累計使用數量 | BC39: 備註
AS40: =AI40+'0108'!AS40 -> 0
AS41: =AI41+'0108'!AS41 -> 0
AS42: =AI42+'0108'!AS42 -> 0
AS43: =AI43+'0108'!AS43 -> 0
AS44: =AI44+'0108'!AS44 -> 0
A45: 三、工地人員及機具管理（含約定之出工人數及機具使用情形及數量）:
A46: 工別 | L46: 本日人數 | V46: 累計人數 | AI46: 機具名稱 | AS46: 本日完成數量 | BC46: 累計完成數量
A47: 技術工 | V47: =L47+'0108'!V47 -> 0 | AI47: 挖土機 | BC47: =AS47+'0108'!BC47 -> 0
A48: 小工 | V48: =L48+'0108'!V48 -> 0 | AI48: 鏟土機 | BC48: =AS48+'0108'!BC48 -> 0
A49: 四、本日施工項目是否有須依「營造業專業工程持定施工項目應置之技術士總類、比率或人數標準表」規定
A50: 應設置技術士之專業工程:□有(施工項目內容: )■無(此項如勾選"有"，則應
A51: 填寫「公共工程施工日誌之技術士簽章表」）
A52: 五、工地勞工安全衛生事項之督導、公共環境與安全之維護及其他工地行政事務：
A53: (一)施工前檢查事項：
A54: 1.實施勤前教育(含工地預防災變及危害告知)：■有 □無
A55: 2.確認新進勞工是否提報勞工保險(或其他商業保險)資料及安全衛生教育訓練紀錄：□有□無■無新進勞工
A56: 3.檢查勞工個人防護具：■有 □無
A57: (二)其他事項：
A58: 六、施工取樣試驗紀錄：
A59: 七、通知協力廠商辦理事項：
A60: 八、重要事項紀錄：星期四依契約規定,本日不計入工期。
A61: 簽章；【工地主任】(註3)
B62: 註1.依營造業法第32第1項第2款規定，工地主任應按日填報施工日誌
B63: 2.本施工日誌格式僅供參考，惟原則應包含上開欄位，各機關亦得依工程性質及契約約定事項自行增訂之。
B64: 3.本工程依營業法第30條規定須置工地主任者，由工地主任簽章；依上開規定免置工地主任者，則由營造業法第32條
B65: 第2項所定之人員簽章。廠商非屬營造業者,由工地負責人簽章。
B66: 4.契約工期如有修正，應填修正後之契約工期，含展延工期及不計工期天數；如有依契約變更設計，預定進度及實際
B67: 進度應填變更設計後計算之進度。
B68: 5.上開重要事項記錄包含(1)主辦機關及監造單位指示波(2)工地遇緊急異常狀況之通報處理情形(3)本日是否由專任工
B69: 程人員督察按圖施工，解決施工技術問題等。
B70: 6.公共工程屬建築物者，請依內政部99年2月5日台內營字第0990800804號令頒之「建築物施工日誌」

Sheet 0110
A1: 公共工程施工日誌
A2: 表報編號： | H2: 27
A3: 本日天氣: | G3: 上午： | K3: 晴 | Q3: 下午: | U3: 晴 | AR3: 日期： | AW3: =SUM(R6+H2)-1 -> 45667 | BH3: =WEEKDAY(AW3) -> 6
A4: 工程名稱 | G4: 113年育英樓排水改善工程 | AN4: 承攬廠商名稱 | AV4: 齊全土木包工業
A5: 核定工期 | J5: 60 | O5: 天 | R5: 累計工期 | Z5: =H2-19 -> 8 | AE5: 天 | AH5: 剩餘工期 | AP5: =J5-Z5 -> 52 | AU5: 天 | AX5: 工期展廷天數 | BK5: 天
A6: 開 工 日 期 | R6: 45641 | AH6: 完 工 日 期 | AX6: =SUM(R6,J5)+31 -> 45732
A7: 本日預定進度(%) | R7: 0 | AH7: 本日實際進度(%) | AX7: =SUM(AR33/BO7) -> 0 | BO7: 891687
A8: 累計預定進度(%) | R8: =R7+'0109'!R8 -> 0.02408 | AH8: 累計實際進度(%) | AX8: =AX7+'0109'!AX8 -> 0.033940161
A9: 一、依施工計劃書執行按圖施工概況(含約定之重要施工項目及完成數量等)等：
A10: 項次 | D10: 施工項目 | AE10: 單位 | AI10: 契約數量 | AR10: 本日完成數量 | BA10: 累計完成數量 | BJ10: 備註 | BN10: 契約單價金額 | BO10: 本日完成金額 | BP10: 累計完成金額 | BR10: 契約總額
A11: 壹. | D11: 直接工程
A12: 1 | D12: 工程告示牌、職業安全衛生告示牌與交通管制設施(租用) | AE12: 式 | AI12: 1 | BA12: =AR12+'0109'!BA12 -> 1 | BN12: 5000 | BO12: =SUM(AR12*BN12) -> 0 | BP12: =BO12+'0109'!BP12 -> 5000 | BQ12: =BP12 -> 5000 | BR12: 5000
A13: 2 | D13: 施工圍籬(租用) | AE13: M | AI13: 74 | BA13: =AR13+'0109'!BA13 -> 15 | BN13: 400 | BO13: =SUM(AR13*BN13) -> 0 | BP13: =BO13+'0109'!BP13 -> 6000 | BQ13: =BP13 -> 6000 | BR13: 29600
A14: 3 | D14: 施工動線開闢及損壞復原 | AE14: 式 | AI14: 1 | BA14: =AR14+'0109'!BA14 -> 0 | BN14: 5000 | BO14: =SUM(AR14*BN14) -> 0 | BP14: =BO14+'0109'!BP14 -> 0 | BQ14: =BP14 -> 0 | BR14: 5000
A15: 4 | D15: 測量與放樣 | AE15: 式 | AI15: 1 | BA15: =AR15+'0109'!BA15 -> 0 | BN15: 5000 | BO15: =SUM(AR15*BN15) -> 0 | BP15: =BO15+'0109'!BP15 -> 0 | BQ15: =BP15 -> 0 | BR15: 5000
A16: 5 | D16: 既有水溝清淤(含移除水溝內樹木竄根)，破損處以樹脂水泥砂漿整平，外側溝壁以樹脂水泥砂漿打底至與鋪面齊平 | AE16: M | AI16: 81 | BA16: =AR16+'0109'!BA16 -> 0 | BN16: 1000 | BO16: =SUM(AR16*BN16) -> 0 | BP16: =BO16+'0109'!BP16 -> 0 | BQ16: =BP16 -> 0 | BR16: 81000
A17: 6 | D17: 既有水溝安裝鍍鋅鋼板 | AE17: M | AI17: 22 | BA17: =AR17+'0109'!BA17 -> 0 | BN17: 4650 | BO17: =SUM(AR17*BN17) -> 0 | BP17: =BO17+'0109'!BP17 -> 0 | BQ17: =BP17 -> 0 | BR17: 102300
A18: 7 | D18: 新設RC水溝 | AE18: M | AI18: 23 | BA18: =AR18+'0109'!BA18 -> 0 | BN18: 3500 | BO18: =SUM(AR18*BN18) -> 0 | BP18: =BO18+'0109'!BP18 -> 0 | BQ18: =BP18 -> 0 | BR18: 80500
A19: 8 | D19: 設置鍍鋅鋼材烤漆止滑細縫水溝蓋含框 | AE19: 組 | AI19: 8 | BA19: =AR19+'0109'!BA19 -> 0 | BN19: 6250 | BO19: =SUM(AR19*BN19) -> 0 | BP19: =BO19+'0109'!BP19 -> 0 | BQ19: =BP19 -> 0 | BR19: 50000
A20: 9 | D20: 切割打除既有地坪，整地，底土壓實 | AE20: M2 | AI20: 68 | BA20: =AR20+'0109'!BA20 -> 0 | BN20: 1200 | BO20: =SUM(AR20*BN20) -> 0 | BP20: =BO20+'0109'!BP20 -> 0 | BQ20: =BP20 -> 0 | BR20: 81600
A21: 10 | D21: 新設RC地坪與斜坡，面層抿石子 | AE21: M2 | AI21: 68 | BA21: =AR21+'0109'!BA21 -> 0 | BN21: 3000 | BO21: =SUM(AR21*BN21) -> 0 | BP21: =BO21+'0109'!BP21 -> 0 | BQ21: =BP21 -> 0 | BR21: 204000
A22: 11 | D22: 北側圍牆邊陰井新設不鏽鋼沉水馬達220V/110V 1HP以上(含工帶料，需配浮球開關)，抽水至圍牆外水溝 | AE22: 組 | AI22: 1 | BA22: =AR22+'0109'!BA22 -> 0 | BN22: 20000 | BO22: =SUM(AR22*BN22) -> 0 | BP22: =BO22+'0109'!BP22 -> 0 | BQ22: =BP22 -> 0 | BR22: 20000
A23: 12 | D23: 西側既有走廊上水溝格柵蓋板，設置化妝蓋板含框，周邊復原 | AE23: 式 | AI23: 1 | BA23: =AR23+'0109'!BA23 -> 0 | BN23: 68000 | BO23: =SUM(AR23*BN23) -> 0 | BP23: =BO23+'0109'!BP23 -> 0 | BQ23: =BP23 -> 0 | BR23: 68000
... A25: 14 | D25: 材料檢驗費用 | AE25: 式 | AI25: 1 | BA25: =AR25+'0109'!BA25 -> 0 | BN25: 1440 | BO25: =SUM(AR25*BN25) -> 0 | BP25: =BO25+'0109'!BP25 -> 0 | BQ25: =BP25 -> 0 | BR25: 1440
D26: 合計(壹) | BO26: =SUM(BO12:BO25) -> 0 | BP26: =SUM(BP12:BP25) -> 11000 | BQ26: =BP26 -> 11000 | BR26: =SUM(BR12:BR25) -> 776279
A27: 貳 | D27: 職業安全衛生管理費 (壹*1%) | AE27: 式 | AI27: 1 | AR27: =SUM(BO26/BN27) -> 0 | BA27: =AR27+'0109'!BA27 -> 0.014171605 | BN27: 7762 | BO27: =SUM(AR27*BN27) -> 0 | BP27: =BO27+'0109'!BP27 -> 110 | BQ27: =BP27 -> 110 | BR27: 7762 | BS27: =SUM(BN27/BR26) -> 0.0099989823
A28: 參 | D28: 工程品質管制作業費 (壹*1%) | AE28: 式 | AI28: 1 | AR28: =SUM(BO26/BN28) -> 0 | BA28: =AR28+'0109'!BA28 -> 0.01416978 | BN28: 7763 | BO28: =SUM(AR28*BN28) -> 0 | BP28: =BO28+'0109'!BP28 -> 110 | BQ28: =BP28 -> 110 | BR28: 7763 | BS28: =SUM(BN28/BR26) -> 0.010000271
A29: 肆 | D29: 包商利潤及管理費 (約壹*7%) | AE29: 式 | AI29: 1 | AR29: =SUM(BO26/BN29) -> 0 | BA29: =AR29+'0109'!BA29 -> 0.014170562 | BN29: 54338 | BO29: =SUM(AR29*BN29) -> 0 | BP29: =BO29+'0109'!BP29 -> 770 | BQ29: =BP29 -> 770 | BR29: 54338 | BS29: =SUM(BN29/BR26) -> 0.069998029
A30: 伍 | D30: 保險費 | AE30: 式 | AI30: 1 | AR30: 0 | BA30: =AR30+'0109'!BA30 -> 1 | BN30: 3084 | BO30: =SUM(AR30*BN30) -> 0 | BP30: =BO30+'0109'!BP30 -> 3084 | BQ30: =BP30 -> 3084 | BR30: 3084 | BT30: =SUM(BR26:BR30) -> 849226
A31: 陸 | D31: 營業稅 ((壹~伍)*5%) | AE31: 式 | AI31: 1 | AR31: =SUM(BT31/BN31) -> 0 | BA31: =AR31+'0109'!BA31 -> 0.35784004 | BN31: 42461 | BO31: =SUM(AR31*BN31) -> 0 | BP31: =BO31+'0109'!BP31 -> 15190 | BQ31: =BP31 -> 15190 | BR31: 42461 | BS31: =SUM(BN31/BT30) -> 0.049999647 | BT31: =SUM(BO26:BO30) -> 0
D32: 發包工程費合計 (壹~陸) | BO32: =SUM(BO26:BO31) -> 0 | BP32: =SUM(BP26:BP31) -> 30264 | BQ32: =SUM(BQ26:BQ31) -> 30264 | BR32: =SUM(BR26:BR31) -> 891687
D33: 本日合計金額 | AR33: =BO32 -> 0
D34: 累計合計金額 | AR34: =BP32 -> 30264 | BN34: 契約單價金額 | BO34: 本日完成金額 | BP34: 累計完成金額
A35: 營造業專業工程特定施工項目
A36: A.
A37: B.
A38: 二、工地材料管理概況(含約定之重要材料使用情況及數量等)：
A39: 材料名稱 | V39: 單位 | Y39: 設計數量 | AI39: 本日使用數量 | AS39: 累計使用數量 | BC39: 備註
AS40: =AI40+'0109'!AS40 -> 0
AS41: =AI41+'0109'!AS41 -> 0
AS42: =AI42+'0109'!AS42 -> 0
AS43: =AI43+'0109'!AS43 -> 0
AS44: =AI44+'0109'!AS44 -> 0
A45: 三、工地人員及機具管理（含約定之出工人數及機具使用情形及數量）:
A46: 工別 | L46: 本日人數 | V46: 累計人數 | AI46: 機具名稱 | AS46: 本日完成數量 | BC46: 累計完成數量
A47: 技術工 | V47: =L47+'0109'!V47 -> 0 | AI47: 挖土機 | BC47: =AS47+'0109'!BC47 -> 0
A48: 小工 | V48: =L48+'0109'!V48 -> 0 | AI48: 鏟土機 | BC48: =AS48+'0109'!BC48 -> 0
A49: 四、本日施工項目是否有須依「營造業專業工程持定施工項目應置之技術士總類、比率或人數標準表」規定
A50: 應設置技術士之專業工程:□有(施工項目內容: )■無(此項如勾選"有"，則應
A51: 填寫「公共工程施工日誌之技術士簽章表」）
A52: 五、工地勞工安全衛生事項之督導、公共環境與安全之維護及其他工地行政事務：
A53: (一)施工前檢查事項：
A54: 1.實施勤前教育(含工地預防災變及危害告知)：■有 □無
A55: 2.確認新進勞工是否提報勞工保險(或其他商業保險)資料及安全衛生教育訓練紀錄：□有□無■無新進勞工
A56: 3.檢查勞工個人防護具：■有 □無
A57: (二)其他事項：
A58: 六、施工取樣試驗紀錄：
A59: 七、通知協力廠商辦理事項：
A60: 八、重要事項紀錄：星期五依契約規定,本日不計入工期。
A61: 簽章；【工地主任】(註3)
B62: 註1.依營造業法第32第1項第2款規定，工地主任應按日填報施工日誌
B63: 2.本施工日誌格式僅供參考，惟原則應包含上開欄位，各機關亦得依工程性質及契約約定事項自行增訂之。
B64: 3.本工程依營業法第30條規定須置工地主任者，由工地主任簽章；依上開規定免置工地主任者，則由營造業法第32條
B65: 第2項所定之人員簽章。廠商非屬營造業者,由工地負責人簽章。
B66: 4.契約工期如有修正，應填修正後之契約工期，含展延工期及不計工期天數；如有依契約變更設計，預定進度及實際
B67: 進度應填變更設計後計算之進度。
B68: 5.上開重要事項記錄包含(1)主辦機關及監造單位指示波(2)工地遇緊急異常狀況之通報處理情形(3)本日是否由專任工
B69: 程人員督察按圖施工，解決施工技術問題等。
B70: 6.公共工程屬建築物者，請依內政部99年2月5日台內營字第0990800804號令頒之「建築物施工日誌」

Sheet 0111
A1: 公共工程施工日誌
A2: 表報編號： | H2: 28
A3: 本日天氣: | G3: 上午： | K3: 晴 | Q3: 下午: | U3: 晴 | AR3: 日期： | AW3: =SUM(R6+H2)-1 -> 45668 | BH3: =WEEKDAY(AW3) -> 7
A4: 工程名稱 | G4: 113年育英樓排水改善工程 | AN4: 承攬廠商名稱 | AV4: 齊全土木包工業
A5: 核定工期 | J5: 60 | O5: 天 | R5: 累計工期 | Z5: =H2-19 -> 9 | AE5: 天 | AH5: 剩餘工期 | AP5: =J5-Z5 -> 51 | AU5: 天 | AX5: 工期展廷天數 | BK5: 天
A6: 開 工 日 期 | R6: 45641 | AH6: 完 工 日 期 | AX6: =SUM(R6,J5)+31 -> 45732
A7: 本日預定進度(%) | R7: 0.00301 | AH7: 本日實際進度(%) | AX7: =SUM(AR33/BO7) -> 0 | BO7: 891687
A8: 累計預定進度(%) | R8: =R7+'0110'!R8 -> 0.02709 | AH8: 累計實際進度(%) | AX8: =AX7+'0110'!AX8 -> 0.033940161
A9: 一、依施工計劃書執行按圖施工概況(含約定之重要施工項目及完成數量等)等：
A10: 項次 | D10: 施工項目 | AE10: 單位 | AI10: 契約數量 | AR10: 本日完成數量 | BA10: 累計完成數量 | BJ10: 備註 | BN10: 契約單價金額 | BO10: 本日完成金額 | BP10: 累計完成金額 | BR10: 契約總額
A11: 壹. | D11: 直接工程
A12: 1 | D12: 工程告示牌、職業安全衛生告示牌與交通管制設施(租用) | AE12: 式 | AI12: 1 | BA12: =AR12+'0110'!BA12 -> 1 | BN12: 5000 | BO12: =SUM(AR12*BN12) -> 0 | BP12: =BO12+'0110'!BP12 -> 5000 | BQ12: =BP12 -> 5000 | BR12: 5000
A13: 2 | D13: 施工圍籬(租用) | AE13: M | AI13: 74 | BA13: =AR13+'0110'!BA13 -> 15 | BN13: 400 | BO13: =SUM(AR13*BN13) -> 0 | BP13: =BO13+'0110'!BP13 -> 6000 | BQ13: =BP13 -> 6000 | BR13: 29600
A14: 3 | D14: 施工動線開闢及損壞復原 | AE14: 式 | AI14: 1 | BA14: =AR14+'0110'!BA14 -> 0 | BN14: 5000 | BO14: =SUM(AR14*BN14) -> 0 | BP14: =BO14+'0110'!BP14 -> 0 | BQ14: =BP14 -> 0 | BR14: 5000
A15: 4 | D15: 測量與放樣 | AE15: 式 | AI15: 1 | BA15: =AR15+'0110'!BA15 -> 0 | BN15: 5000 | BO15: =SUM(AR15*BN15) -> 0 | BP15: =BO15+'0110'!BP15 -> 0 | BQ15: =BP15 -> 0 | BR15: 5000
A16: 5 | D16: 既有水溝清淤(含移除水溝內樹木竄根)，破損處以樹脂水泥砂漿整平，外側溝壁以樹脂水泥砂漿打底至與鋪面齊平 | AE16: M | AI16: 81 | BA16: =AR16+'0110'!BA16 -> 0 | BN16: 1000 | BO16: =SUM(AR16*BN16) -> 0 | BP16: =BO16+'0110'!BP16 -> 0 | BQ16: =BP16 -> 0 | BR16: 81000
A17: 6 | D17: 既有水溝安裝鍍鋅鋼板 | AE17: M | AI17: 22 | BA17: =AR17+'0110'!BA17 -> 0 | BN17: 4650 | BO17: =SUM(AR17*BN17) -> 0 | BP17: =BO17+'0110'!BP17 -> 0 | BQ17: =BP17 -> 0 | BR17: 102300
A18: 7 | D18: 新設RC水溝 | AE18: M | AI18: 23 | BA18: =AR18+'0110'!BA18 -> 0 | BN18: 3500 | BO18: =SUM(AR18*BN18) -> 0 | BP18: =BO18+'0110'!BP18 -> 0 | BQ18: =BP18 -> 0 | BR18: 80500
A19: 8 | D19: 設置鍍鋅鋼材烤漆止滑細縫水溝蓋含框 | AE19: 組 | AI19: 8 | BA19: =AR19+'0110'!BA19 -> 0 | BN19: 6250 | BO19: =SUM(AR19*BN19) -> 0 | BP19: =BO19+'0110'!BP19 -> 0 | BQ19: =BP19 -> 0 | BR19: 50000
A20: 9 | D20: 切割打除既有地坪，整地，底土壓實 | AE20: M2 | AI20: 68 | BA20: =AR20+'0110'!BA20 -> 0 | BN20: 1200 | BO20: =SUM(AR20*BN20) -> 0 | BP20: =BO20+'0110'!BP20 -> 0 | BQ20: =BP20 -> 0 | BR20: 81600
A21: 10 | D21: 新設RC地坪與斜坡，面層抿石子 | AE21: M2 | AI21: 68 | BA21: =AR21+'0110'!BA21 -> 0 | BN21: 3000 | BO21: =SUM(AR21*BN21) -> 0 | BP21: =BO21+'0110'!BP21 -> 0 | BQ21: =BP21 -> 0 | BR21: 204000
A22: 11 | D22: 北側圍牆邊陰井新設不鏽鋼沉水馬達220V/110V 1HP以上(含工帶料，需配浮球開關)，抽水至圍牆外水溝 | AE22: 組 | AI22: 1 | BA22: =AR22+'0110'!BA22 -> 0 | BN22: 20000 | BO22: =SUM(AR22*BN22) -> 0 | BP22: =BO22+'0110'!BP22 -> 0 | BQ22: =BP22 -> 0 | BR22: 20000
A23: 12 | D23: 西側既有走廊上水溝格柵蓋板，設置化妝蓋板含框，周邊復原 | AE23: 式 | AI23: 1 | BA23: =AR23+'0110'!BA23 -> 0 | BN23: 68000 | BO23: =SUM(AR23*BN23) -> 0 | BP23: =BO23+'0110'!BP23 -> 0 | BQ23: =BP23 -> 0 | BR23: 68000
... A25: 14 | D25: 材料檢驗費用 | AE25: 式 | AI25: 1 | BA25: =AR25+'0110'!BA25 -> 0 | BN25: 1440 | BO25: =SUM(AR25*BN25) -> 0 | BP25: =BO25+'0110'!BP25 -> 0 | BQ25: =BP25 -> 0 | BR25: 1440
D26: 合計(壹) | BO26: =SUM(BO12:BO25) -> 0 | BP26: =SUM(BP12:BP25) -> 11000 | BQ26: =BP26 -> 11000 | BR26: =SUM(BR12:BR25) -> 776279
A27: 貳 | D27: 職業安全衛生管理費 (壹*1%) | AE27: 式 | AI27: 1 | AR27: =SUM(BO26/BN27) -> 0 | BA27: =AR27+'0110'!BA27 -> 0.014171605 | BN27: 7762 | BO27: =SUM(AR27*BN27) -> 0 | BP27: =BO27+'0110'!BP27 -> 110 | BQ27: =BP27 -> 110 | BR27: 7762 | BS27: =SUM(BN27/BR26) -> 0.0099989823
A28: 參 | D28: 工程品質管制作業費 (壹*1%) | AE28: 式 | AI28: 1 | AR28: =SUM(BO26/BN28) -> 0 | BA28: =AR28+'0110'!BA28 -> 0.01416978 | BN28: 7763 | BO28: =SUM(AR28*BN28) -> 0 | BP28: =BO28+'0110'!BP28 -> 110 | BQ28: =BP28 -> 110 | BR28: 7763 | BS28: =SUM(BN28/BR26) -> 0.010000271
A29: 肆 | D29: 包商利潤及管理費 (約壹*7%) | AE29: 式 | AI29: 1 | AR29: =SUM(BO26/BN29) -> 0 | BA29: =AR29+'0110'!BA29 -> 0.014170562 | BN29: 54338 | BO29: =SUM(AR29*BN29) -> 0 | BP29: =BO29+'0110'!BP29 -> 770 | BQ29: =BP29 -> 770 | BR29: 54338 | BS29: =SUM(BN29/BR26) -> 0.069998029
A30: 伍 | D30: 保險費 | AE30: 式 | AI30: 1 | AR30: 0 | BA30: =AR30+'0110'!BA30 -> 1 | BN30: 3084 | BO30: =SUM(AR30*BN30) -> 0 | BP30: =BO30+'0110'!BP30 -> 3084 | BQ30: =BP30 -> 3084 | BR30: 3084 | BT30: =SUM(BR26:BR30) -> 849226
A31: 陸 | D31: 營業稅 ((壹~伍)*5%) | AE31: 式 | AI31: 1 | AR31: =SUM(BT31/BN31) -> 0 | BA31: =AR31+'0110'!BA31 -> 0.35784004 | BN31: 42461 | BO31: =SUM(AR31*BN31) -> 0 | BP31: =BO31+'0110'!BP31 -> 15190 | BQ31: =BP31 -> 15190 | BR31: 42461 | BS31: =SUM(BN31/BT30) -> 0.049999647 | BT31: =SUM(BO26:BO30) -> 0
D32: 發包工程費合計 (壹~陸) | BO32: =SUM(BO26:BO31) -> 0 | BP32: =SUM(BP26:BP31) -> 30264 | BQ32: =SUM(BQ26:BQ31) -> 30264 | BR32: =SUM(BR26:BR31) -> 891687
D33: 本日合計金額 | AR33: =BO32 -> 0
D34: 累計合計金額 | AR34: =BP32 -> 30264 | BN34: 契約單價金額 | BO34: 本日完成金額 | BP34: 累計完成金額
A35: 營造業專業工程特定施工項目
A36: A.
A37: B.
A38: 二、工地材料管理概況(含約定之重要材料使用情況及數量等)：
A39: 材料名稱 | V39: 單位 | Y39: 設計數量 | AI39: 本日使用數量 | AS39: 累計使用數量 | BC39: 備註
AS40: =AI40+'0110'!AS40 -> 0
AS41: =AI41+'0110'!AS41 -> 0
AS42: =AI42+'0110'!AS42 -> 0
AS43: =AI43+'0110'!AS43 -> 0
AS44: =AI44+'0110'!AS44 -> 0
A45: 三、工地人員及機具管理（含約定之出工人數及機具使用情形及數量）:
A46: 工別 | L46: 本日人數 | V46: 累計人數 | AI46: 機具名稱 | AS46: 本日完成數量 | BC46: 累計完成數量
A47: 技術工 | V47: =L47+'0110'!V47 -> 0 | AI47: 挖土機 | BC47: =AS47+'0110'!BC47 -> 0
A48: 小工 | V48: =L48+'0110'!V48 -> 0 | AI48: 鏟土機 | BC48: =AS48+'0110'!BC48 -> 0
A49: 四、本日施工項目是否有須依「營造業專業工程持定施工項目應置之技術士總類、比率或人數標準表」規定
A50: 應設置技術士之專業工程:□有(施工項目內容: )■無(此項如勾選"有"，則應
A51: 填寫「公共工程施工日誌之技術士簽章表」）
A52: 五、工地勞工安全衛生事項之督導、公共環境與安全之維護及其他工地行政事務：
A53: (一)施工前檢查事項：
A54: 1.實施勤前教育(含工地預防災變及危害告知)：■有 □無
A55: 2.確認新進勞工是否提報勞工保險(或其他商業保險)資料及安全衛生教育訓練紀錄：□有□無■無新進勞工
A56: 3.檢查勞工個人防護具：■有 □無
A57: (二)其他事項：
A58: 六、施工取樣試驗紀錄：
A59: 七、通知協力廠商辦理事項：
A60: 八、重要事項紀錄：備料
A61: 簽章；【工地主任】(註3)
B62: 註1.依營造業法第32第1項第2款規定，工地主任應按日填報施工日誌
B63: 2.本施工日誌格式僅供參考，惟原則應包含上開欄位，各機關亦得依工程性質及契約約定事項自行增訂之。
B64: 3.本工程依營業法第30條規定須置工地主任者，由工地主任簽章；依上開規定免置工地主任者，則由營造業法第32條
B65: 第2項所定之人員簽章。廠商非屬營造業者,由工地負責人簽章。
B66: 4.契約工期如有修正，應填修正後之契約工期，含展延工期及不計工期天數；如有依契約變更設計，預定進度及實際
B67: 進度應填變更設計後計算之進度。
B68: 5.上開重要事項記錄包含(1)主辦機關及監造單位指示波(2)工地遇緊急異常狀況之通報處理情形(3)本日是否由專任工
B69: 程人員督察按圖施工，解決施工技術問題等。
B70: 6.公共工程屬建築物者，請依內政部99年2月5日台內營字第0990800804號令頒之「建築物施工日誌」

Sheet 0112
A1: 公共工程施工日誌
A2: 表報編號： | H2: 29
A3: 本日天氣: | G3: 上午： | K3: 晴 | Q3: 下午: | U3: 晴 | AR3: 日期： | AW3: =SUM(R6+H2)-1 -> 45669 | BH3: =WEEKDAY(AW3) -> 1
A4: 工程名稱 | G4: 113年育英樓排水改善工程 | AN4: 承攬廠商名稱 | AV4: 齊全土木包工業
A5: 核定工期 | J5: 60 | O5: 天 | R5: 累計工期 | Z5: =H2-19 -> 10 | AE5: 天 | AH5: 剩餘工期 | AP5: =J5-Z5 -> 50 | AU5: 天 | AX5: 工期展廷天數 | BK5: 天
A6: 開 工 日 期 | R6: 45641 | AH6: 完 工 日 期 | AX6: =SUM(R6,J5)+31 -> 45732
A7: 本日預定進度(%) | R7: 0.00301 | AH7: 本日實際進度(%) | AX7: =SUM(AR33/BO7) -> 0 | BO7: 891687
A8: 累計預定進度(%) | R8: =R7+'0111'!R8 -> 0.0301 | AH8: 累計實際進度(%) | AX8: =AX7+'0111'!AX8 -> 0.033940161
A9: 一、依施工計劃書執行按圖施工概況(含約定之重要施工項目及完成數量等)等：
A10: 項次 | D10: 施工項目 | AE10: 單位 | AI10: 契約數量 | AR10: 本日完成數量 | BA10: 累計完成數量 | BJ10: 備註 | BN10: 契約單價金額 | BO10: 本日完成金額 | BP10: 累計完成金額 | BR10: 契約總額
A11: 壹. | D11: 直接工程
A12: 1 | D12: 工程告示牌、職業安全衛生告示牌與交通管制設施(租用) | AE12: 式 | AI12: 1 | BA12: =AR12+'0111'!BA12 -> 1 | BN12: 5000 | BO12: =SUM(AR12*BN12) -> 0 | BP12: =BO12+'0111'!BP12 -> 5000 | BQ12: =BP12 -> 5000 | BR12: 5000
A13: 2 | D13: 施工圍籬(租用) | AE13: M | AI13: 74 | BA13: =AR13+'0111'!BA13 -> 15 | BN13: 400 | BO13: =SUM(AR13*BN13) -> 0 | BP13: =BO13+'0111'!BP13 -> 6000 | BQ13: =BP13 -> 6000 | BR13: 29600
A14: 3 | D14: 施工動線開闢及損壞復原 | AE14: 式 | AI14: 1 | BA14: =AR14+'0111'!BA14 -> 0 | BN14: 5000 | BO14: =SUM(AR14*BN14) -> 0 | BP14: =BO14+'0111'!BP14 -> 0 | BQ14: =BP14 -> 0 | BR14: 5000
A15: 4 | D15: 測量與放樣 | AE15: 式 | AI15: 1 | BA15: =AR15+'0111'!BA15 -> 0 | BN15: 5000 | BO15: =SUM(AR15*BN15) -> 0 | BP15: =BO15+'0111'!BP15 -> 0 | BQ15: =BP15 -> 0 | BR15: 5000
A16: 5 | D16: 既有水溝清淤(含移除水溝內樹木竄根)，破損處以樹脂水泥砂漿整平，外側溝壁以樹脂水泥砂漿打底至與鋪面齊平 | AE16: M | AI16: 81 | BA16: =AR16+'0111'!BA16 -> 0 | BN16: 1000 | BO16: =SUM(AR16*BN16) -> 0 | BP16: =BO16+'0111'!BP16 -> 0 | BQ16: =BP16 -> 0 | BR16: 81000
A17: 6 | D17: 既有水溝安裝鍍鋅鋼板 | AE17: M | AI17: 22 | BA17: =AR17+'0111'!BA17 -> 0 | BN17: 4650 | BO17: =SUM(AR17*BN17) -> 0 | BP17: =BO17+'0111'!BP17 -> 0 | BQ17: =BP17 -> 0 | BR17: 102300
A18: 7 | D18: 新設RC水溝 | AE18: M | AI18: 23 | BA18: =AR18+'0111'!BA18 -> 0 | BN18: 3500 | BO18: =SUM(AR18*BN18) -> 0 | BP18: =BO18+'0111'!BP18 -> 0 | BQ18: =BP18 -> 0 | BR18: 80500
A19: 8 | D19: 設置鍍鋅鋼材烤漆止滑細縫水溝蓋含框 | AE19: 組 | AI19: 8 | BA19: =AR19+'0111'!BA19 -> 0 | BN19: 6250 | BO19: =SUM(AR19*BN19) -> 0 | BP19: =BO19+'0111'!BP19 -> 0 | BQ19: =BP19 -> 0 | BR19: 50000
A20: 9 | D20: 切割打除既有地坪，整地，底土壓實 | AE20: M2 | AI20: 68 | BA20: =AR20+'0111'!BA20 -> 0 | BN20: 1200 | BO20: =SUM(AR20*BN20) -> 0 | BP20: =BO20+'0111'!BP20 -> 0 | BQ20: =BP20 -> 0 | BR20: 81600
A21: 10 | D21: 新設RC地坪與斜坡，面層抿石子 | AE21: M2 | AI21: 68 | BA21: =AR21+'0111'!BA21 -> 0 | BN21: 3000 | BO21: =SUM(AR21*BN21) -> 0 | BP21: =BO21+'0111'!BP21 -> 0 | BQ21: =BP21 -> 0 | BR21: 204000
A22: 11 | D22: 北側圍牆邊陰井新設不鏽鋼沉水馬達220V/110V 1HP以上(含工帶料，需配浮球開關)，抽水至圍牆外水溝 | AE22: 組 | AI22: 1 | BA22: =AR22+'0111'!BA22 -> 0 | BN22: 20000 | BO22: =SUM(AR22*BN22) -> 0 | BP22: =BO22+'0111'!BP22 -> 0 | BQ22: =BP22 -> 0 | BR22: 20000
A23: 12 | D23: 西側既有走廊上水溝格柵蓋板，設置化妝蓋板含框，周邊復原 | AE23: 式 | AI23: 1 | BA23: =AR23+'0111'!BA23 -> 0 | BN23: 68000 | BO23: =SUM(AR23*BN23) -> 0 | BP23: =BO23+'0111'!BP23 -> 0 | BQ23: =BP23 -> 0 | BR23: 68000
... A25: 14 | D25: 材料檢驗費用 | AE25: 式 | AI25: 1 | BA25: =AR25+'0111'!BA25 -> 0 | BN25: 1440 | BO25: =SUM(AR25*BN25) -> 0 | BP25: =BO25+'0111'!BP25 -> 0 | BQ25: =BP25 -> 0 | BR25: 1440
D26: 合計(壹) | BO26: =SUM(BO12:BO25) -> 0 | BP26: =SUM(BP12:BP25) -> 11000 | BQ26: =BP26 -> 11000 | BR26: =SUM(BR12:BR25) -> 776279
A27: 貳 | D27: 職業安全衛生管理費 (壹*1%) | AE27: 式 | AI27: 1 | AR27: =SUM(BO26/BN27) -> 0 | BA27: =AR27+'0111'!BA27 -> 0.014171605 | BN27: 7762 | BO27: =SUM(AR27*BN27) -> 0 | BP27: =BO27+'0111'!BP27 -> 110 | BQ27: =BP27 -> 110 | BR27: 7762 | BS27: =SUM(BN27/BR26) -> 0.0099989823
A28: 參 | D28: 工程品質管制作業費 (壹*1%) | AE28: 式 | AI28: 1 | AR28: =SUM(BO26/BN28) -> 0 | BA28: =AR28+'0111'!BA28 -> 0.01416978 | BN28: 7763 | BO28: =SUM(AR28*BN28) -> 0 | BP28: =BO28+'0111'!BP28 -> 110 | BQ28: =BP28 -> 110 | BR28: 7763 | BS28: =SUM(BN28/BR26) -> 0.010000271
A29: 肆 | D29: 包商利潤及管理費 (約壹*7%) | AE29: 式 | AI29: 1 | AR29: =SUM(BO26/BN29) -> 0 | BA29: =AR29+'0111'!BA29 -> 0.014170562 | BN29: 54338 | BO29: =SUM(AR29*BN29) -> 0 | BP29: =BO29+'0111'!BP29 -> 770 | BQ29: =BP29 -> 770 | BR29: 54338 | BS29: =SUM(BN29/BR26) -> 0.069998029
A30: 伍 | D30: 保險費 | AE30: 式 | AI30: 1 | AR30: 0 | BA30: =AR30+'0111'!BA30 -> 1 | BN30: 3084 | BO30: =SUM(AR30*BN30) -> 0 | BP30: =BO30+'0111'!BP30 -> 3084 | BQ30: =BP30 -> 3084 | BR30: 3084 | BT30: =SUM(BR26:BR30) -> 849226
A31: 陸 | D31: 營業稅 ((壹~伍)*5%) | AE31: 式 | AI31: 1 | AR31: =SUM(BT31/BN31) -> 0 | BA31: =AR31+'0111'!BA31 -> 0.35784004 | BN31: 42461 | BO31: =SUM(AR31*BN31) -> 0 | BP31: =BO31+'0111'!BP31 -> 15190 | BQ31: =BP31 -> 15190 | BR31: 42461 | BS31: =SUM(BN31/BT30) -> 0.049999647 | BT31: =SUM(BO26:BO30) -> 0
D32: 發包工程費合計 (壹~陸) | BO32: =SUM(BO26:BO31) -> 0 | BP32: =SUM(BP26:BP31) -> 30264 | BQ32: =SUM(BQ26:BQ31) -> 30264 | BR32: =SUM(BR26:BR31) -> 891687
D33: 本日合計金額 | AR33: =BO32 -> 0
D34: 累計合計金額 | AR34: =BP32 -> 30264 | BN34: 契約單價金額 | BO34: 本日完成金額 | BP34: 累計完成金額
A35: 營造業專業工程特定施工項目
A36: A.
A37: B.
A38: 二、工地材料管理概況(含約定之重要材料使用情況及數量等)：
A39: 材料名稱 | V39: 單位 | Y39: 設計數量 | AI39: 本日使用數量 | AS39: 累計使用數量 | BC39: 備註
AS40: =AI40+'0111'!AS40 -> 0
AS41: =AI41+'0111'!AS41 -> 0
AS42: =AI42+'0111'!AS42 -> 0
AS43: =AI43+'0111'!AS43 -> 0
AS44: =AI44+'0111'!AS44 -> 0
A45: 三、工地人員及機具管理（含約定之出工人數及機具使用情形及數量）:
A46: 工別 | L46: 本日人數 | V46: 累計人數 | AI46: 機具名稱 | AS46: 本日完成數量 | BC46: 累計完成數量
A47: 技術工 | V47: =L47+'0111'!V47 -> 0 | AI47: 挖土機 | BC47: =AS47+'0111'!BC47 -> 0
A48: 小工 | V48: =L48+'0111'!V48 -> 0 | AI48: 鏟土機 | BC48: =AS48+'0111'!BC48 -> 0
A49: 四、本日施工項目是否有須依「營造業專業工程持定施工項目應置之技術士總類、比率或人數標準表」規定
A50: 應設置技術士之專業工程:□有(施工項目內容: )■無(此項如勾選"有"，則應
A51: 填寫「公共工程施工日誌之技術士簽章表」）
A52: 五、工地勞工安全衛生事項之督導、公共環境與安全之維護及其他工地行政事務：
A53: (一)施工前檢查事項：
A54: 1.實施勤前教育(含工地預防災變及危害告知)：■有 □無
A55: 2.確認新進勞工是否提報勞工保險(或其他商業保險)資料及安全衛生教育訓練紀錄：□有□無■無新進勞工
A56: 3.檢查勞工個人防護具：■有 □無
A57: (二)其他事項：
A58: 六、施工取樣試驗紀錄：
A59: 七、通知協力廠商辦理事項：
A60: 八、重要事項紀錄：備料
A61: 簽章；【工地主任】(註3)
B62: 註1.依營造業法第32第1項第2款規定，工地主任應按日填報施工日誌
B63: 2.本施工日誌格式僅供參考，惟原則應包含上開欄位，各機關亦得依工程性質及契約約定事項自行增訂之。
B64: 3.本工程依營業法第30條規定須置工地主任者，由工地主任簽章；依上開規定免置工地主任者，則由營造業法第32條
B65: 第2項所定之人員簽章。廠商非屬營造業者,由工地負責人簽章。
B66: 4.契約工期如有修正，應填修正後之契約工期，含展延工期及不計工期天數；如有依契約變更設計，預定進度及實際
B67: 進度應填變更設計後計算之進度。
B68: 5.上開重要事項記錄包含(1)主辦機關及監造單位指示波(2)工地遇緊急異常狀況之通報處理情形(3)本日是否由專任工
B69: 程人員督察按圖施工，解決施工技術問題等。
B70: 6.公共工程屬建築物者，請依內政部99年2月5日台內營字第0990800804號令頒之「建築物施工日誌」

Sheet 0113
A1: 公共工程施工日誌
A2: 表報編號： | H2: 30
A3: 本日天氣: | G3: 上午： | K3: 晴 | Q3: 下午: | U3: 晴 | AR3: 日期： | AW3: =SUM(R6+H2)-1 -> 45670 | BH3: =WEEKDAY(AW3) -> 2
A4: 工程名稱 | G4: 113年育英樓排水改善工程 | AN4: 承攬廠商名稱 | AV4: 齊全土木包工業
A5: 核定工期 | J5: 60 | O5: 天 | R5: 累計工期 | Z5: =H2-20 -> 10 | AE5: 天 | AH5: 剩餘工期 | AP5: =J5-Z5 -> 50 | AU5: 天 | AX5: 工期展廷天數 | BK5: 天
A6: 開 工 日 期 | R6: 45641 | AH6: 完 工 日 期 | AX6: =SUM(R6,J5)+31 -> 45732
A7: 本日預定進度(%) | R7: 0 | AH7: 本日實際進度(%) | AX7: =SUM(AR33/BO7) -> 0 | BO7: 891687
A8: 累計預定進度(%) | R8: =R7+'0112'!R8 -> 0.0301 | AH8: 累計實際進度(%) | AX8: =AX7+'0112'!AX8 -> 0.033940161
A9: 一、依施工計劃書執行按圖施工概況(含約定之重要施工項目及完成數量等)等：
A10: 項次 | D10: 施工項目 | AE10: 單位 | AI10: 契約數量 | AR10: 本日完成數量 | BA10: 累計完成數量 | BJ10: 備註 | BN10: 契約單價金額 | BO10: 本日完成金額 | BP10: 累計完成金額 | BR10: 契約總額
A11: 壹. | D11: 直接工程
A12: 1 | D12: 工程告示牌、職業安全衛生告示牌與交通管制設施(租用) | AE12: 式 | AI12: 1 | BA12: =AR12+'0112'!BA12 -> 1 | BN12: 5000 | BO12: =SUM(AR12*BN12) -> 0 | BP12: =BO12+'0112'!BP12 -> 5000 | BQ12: =BP12 -> 5000 | BR12: 5000
A13: 2 | D13: 施工圍籬(租用) | AE13: M | AI13: 74 | BA13: =AR13+'0112'!BA13 -> 15 | BN13: 400 | BO13: =SUM(AR13*BN13) -> 0 | BP13: =BO13+'0112'!BP13 -> 6000 | BQ13: =BP13 -> 6000 | BR13: 29600
A14: 3 | D14: 施工動線開闢及損壞復原 | AE14: 式 | AI14: 1 | BA14: =AR14+'0112'!BA14 -> 0 | BN14: 5000 | BO14: =SUM(AR14*BN14) -> 0 | BP14: =BO14+'0112'!BP14 -> 0 | BQ14: =BP14 -> 0 | BR14: 5000
A15: 4 | D15: 測量與放樣 | AE15: 式 | AI15: 1 | BA15: =AR15+'0112'!BA15 -> 0 | BN15: 5000 | BO15: =SUM(AR15*BN15) -> 0 | BP15: =BO15+'0112'!BP15 -> 0 | BQ15: =BP15 -> 0 | BR15: 5000
A16: 5 | D16: 既有水溝清淤(含移除水溝內樹木竄根)，破損處以樹脂水泥砂漿整平，外側溝壁以樹脂水泥砂漿打底至與鋪面齊平 | AE16: M | AI16: 81 | BA16: =AR16+'0112'!BA16 -> 0 | BN16: 1000 | BO16: =SUM(AR16*BN16) -> 0 | BP16: =BO16+'0112'!BP16 -> 0 | BQ16: =BP16 -> 0 | BR16: 81000
A17: 6 | D17: 既有水溝安裝鍍鋅鋼板 | AE17: M | AI17: 22 | BA17: =AR17+'0112'!BA17 -> 0 | BN17: 4650 | BO17: =SUM(AR17*BN17) -> 0 | BP17: =BO17+'0112'!BP17 -> 0 | BQ17: =BP17 -> 0 | BR17: 102300
A18: 7 | D18: 新設RC水溝 | AE18: M | AI18: 23 | BA18: =AR18+'0112'!BA18 -> 0 | BN18: 3500 | BO18: =SUM(AR18*BN18) -> 0 | BP18: =BO18+'0112'!BP18 -> 0 | BQ18: =BP18 -> 0 | BR18: 80500
A19: 8 | D19: 設置鍍鋅鋼材烤漆止滑細縫水溝蓋含框 | AE19: 組 | AI19: 8 | BA19: =AR19+'0112'!BA19 -> 0 | BN19: 6250 | BO19: =SUM(AR19*BN19) -> 0 | BP19: =BO19+'0112'!BP19 -> 0 | BQ19: =BP19 -> 0 | BR19: 50000
A20: 9 | D20: 切割打除既有地坪，整地，底土壓實 | AE20: M2 | AI20: 68 | BA20: =AR20+'0112'!BA20 -> 0 | BN20: 1200 | BO20: =SUM(AR20*BN20) -> 0 | BP20: =BO20+'0112'!BP20 -> 0 | BQ20: =BP20 -> 0 | BR20: 81600
A21: 10 | D21: 新設RC地坪與斜坡，面層抿石子 | AE21: M2 | AI21: 68 | BA21: =AR21+'0112'!BA21 -> 0 | BN21: 3000 | BO21: =SUM(AR21*BN21) -> 0 | BP21: =BO21+'0112'!BP21 -> 0 | BQ21: =BP21 -> 0 | BR21: 204000
A22: 11 | D22: 北側圍牆邊陰井新設不鏽鋼沉水馬達220V/110V 1HP以上(含工帶料，需配浮球開關)，抽水至圍牆外水溝 | AE22: 組 | AI22: 1 | BA22: =AR22+'0112'!BA22 -> 0 | BN22: 20000 | BO22: =SUM(AR22*BN22) -> 0 | BP22: =BO22+'0112'!BP22 -> 0 | BQ22: =BP22 -> 0 | BR22: 20000
A23: 12 | D23: 西側既有走廊上水溝格柵蓋板，設置化妝蓋板含框，周邊復原 | AE23: 式 | AI23: 1 | BA23: =AR23+'0112'!BA23 -> 0 | BN23: 68000 | BO23: =SUM(AR23*BN23) -> 0 | BP23: =BO23+'0112'!BP23 -> 0 | BQ23: =BP23 -> 0 | BR23: 68000
... A25: 14 | D25: 材料檢驗費用 | AE25: 式 | AI25: 1 | BA25: =AR25+'0112'!BA25 -> 0 | BN25: 1440 | BO25: =SUM(AR25*BN25) -> 0 | BP25: =BO25+'0112'!BP25 -> 0 | BQ25: =BP25 -> 0 | BR25: 1440
D26: 合計(壹) | BO26: =SUM(BO12:BO25) -> 0 | BP26: =SUM(BP12:BP25) -> 11000 | BQ26: =BP26 -> 11000 | BR26: =SUM(BR12:BR25) -> 776279
A27: 貳 | D27: 職業安全衛生管理費 (壹*1%) | AE27: 式 | AI27: 1 | AR27: =SUM(BO26/BN27) -> 0 | BA27: =AR27+'0112'!BA27 -> 0.014171605 | BN27: 7762 | BO27: =SUM(AR27*BN27) -> 0 | BP27: =BO27+'0112'!BP27 -> 110 | BQ27: =BP27 -> 110 | BR27: 7762 | BS27: =SUM(BN27/BR26) -> 0.0099989823
A28: 參 | D28: 工程品質管制作業費 (壹*1%) | AE28: 式 | AI28: 1 | AR28: =SUM(BO26/BN28) -> 0 | BA28: =AR28+'0112'!BA28 -> 0.01416978 | BN28: 7763 | BO28: =SUM(AR28*BN28) -> 0 | BP28: =BO28+'0112'!BP28 -> 110 | BQ28: =BP28 -> 110 | BR28: 7763 | BS28: =SUM(BN28/BR26) -> 0.010000271
A29: 肆 | D29: 包商利潤及管理費 (約壹*7%) | AE29: 式 | AI29: 1 | AR29: =SUM(BO26/BN29) -> 0 | BA29: =AR29+'0112'!BA29 -> 0.014170562 | BN29: 54338 | BO29: =SUM(AR29*BN29) -> 0 | BP29: =BO29+'0112'!BP29 -> 770 | BQ29: =BP29 -> 770 | BR29: 54338 | BS29: =SUM(BN29/BR26) -> 0.069998029
A30: 伍 | D30: 保險費 | AE30: 式 | AI30: 1 | AR30: 0 | BA30: =AR30+'0112'!BA30 -> 1 | BN30: 3084 | BO30: =SUM(AR30*BN30) -> 0 | BP30: =BO30+'0112'!BP30 -> 3084 | BQ30: =BP30 -> 3084 | BR30: 3084 | BT30: =SUM(BR26:BR30) -> 849226
A31: 陸 | D31: 營業稅 ((壹~伍)*5%) | AE31: 式 | AI31: 1 | AR31: =SUM(BT31/BN31) -> 0 | BA31: =AR31+'0112'!BA31 -> 0.35784004 | BN31: 42461 | BO31: =SUM(AR31*BN31) -> 0 | BP31: =BO31+'0112'!BP31 -> 15190 | BQ31: =BP31 -> 15190 | BR31: 42461 | BS31: =SUM(BN31/BT30) -> 0.049999647 | BT31: =SUM(BO26:BO30) -> 0
D32: 發包工程費合計 (壹~陸) | BO32: =SUM(BO26:BO31) -> 0 | BP32: =SUM(BP26:BP31) -> 30264 | BQ32: =SUM(BQ26:BQ31) -> 30264 | BR32: =SUM(BR26:BR31) -> 891687
D33: 本日合計金額 | AR33: =BO32 -> 0
D34: 累計合計金額 | AR34: =BP32 -> 30264 | BN34: 契約單價金額 | BO34: 本日完成金額 | BP34: 累計完成金額
A35: 營造業專業工程特定施工項目
A36: A.
A37: B.
A38: 二、工地材料管理概況(含約定之重要材料使用情況及數量等)：
A39: 材料名稱 | V39: 單位 | Y39: 設計數量 | AI39: 本日使用數量 | AS39: 累計使用數量 | BC39: 備註
AS40: =AI40+'0112'!AS40 -> 0
AS41: =AI41+'0112'!AS41 -> 0
AS42: =AI42+'0112'!AS42 -> 0
AS43: =AI43+'0112'!AS43 -> 0
AS44: =AI44+'0112'!AS44 -> 0
A45: 三、工地人員及機具管理（含約定之出工人數及機具使用情形及數量）:
A46: 工別 | L46: 本日人數 | V46: 累計人數 | AI46: 機具名稱 | AS46: 本日完成數量 | BC46: 累計完成數量
A47: 技術工 | V47: =L47+'0112'!V47 -> 0 | AI47: 挖土機 | BC47: =AS47+'0112'!BC47 -> 0
A48: 小工 | V48: =L48+'0112'!V48 -> 0 | AI48: 鏟土機 | BC48: =AS48+'0112'!BC48 -> 0
A49: 四、本日施工項目是否有須依「營造業專業工程持定施工項目應置之技術士總類、比率或人數標準表」規定
A50: 應設置技術士之專業工程:□有(施工項目內容: )■無(此項如勾選"有"，則應
A51: 填寫「公共工程施工日誌之技術士簽章表」）
A52: 五、工地勞工安全衛生事項之督導、公共環境與安全之維護及其他工地行政事務：
A53: (一)施工前檢查事項：
A54: 1.實施勤前教育(含工地預防災變及危害告知)：■有 □無
A55: 2.確認新進勞工是否提報勞工保險(或其他商業保險)資料及安全衛生教育訓練紀錄：□有□無■無新進勞工
A56: 3.檢查勞工個人防護具：■有 □無
A57: (二)其他事項：
A58: 六、施工取樣試驗紀錄：
A59: 七、通知協力廠商辦理事項：
A60: 八、重要事項紀錄：星期一依契約規定,本日不計入工期。
A61: 簽章；【工地主任】(註3)
B62: 註1.依營造業法第32第1項第2款規定，工地主任應按日填報施工日誌
B63: 2.本施工日誌格式僅供參考，惟原則應包含上開欄位，各機關亦得依工程性質及契約約定事項自行增訂之。
B64: 3.本工程依營業法第30條規定須置工地主任者，由工地主任簽章；依上開規定免置工地主任者，則由營造業法第32條
B65: 第2項所定之人員簽章。廠商非屬營造業者,由工地負責人簽章。
B66: 4.契約工期如有修正，應填修正後之契約工期，含展延工期及不計工期天數；如有依契約變更設計，預定進度及實際
B67: 進度應填變更設計後計算之進度。
B68: 5.上開重要事項記錄包含(1)主辦機關及監造單位指示波(2)工地遇緊急異常狀況之通報處理情形(3)本日是否由專任工
B69: 程人員督察按圖施工，解決施工技術問題等。
B70: 6.公共工程屬建築物者，請依內政部99年2月5日台內營字第0990800804號令頒之「建築物施工日誌」

Sheet 0114
A1: 公共工程施工日誌
A2: 表報編號： | H2: 31
A3: 本日天氣: | G3: 上午： | K3: 晴 | Q3: 下午: | U3: 晴 | AR3: 日期： | AW3: =SUM(R6+H2)-1 -> 45671 | BH3: =WEEKDAY(AW3) -> 3
A4: 工程名稱 | G4: 113年育英樓排水改善工程 | AN4: 承攬廠商名稱 | AV4: 齊全土木包工業
A5: 核定工期 | J5: 60 | O5: 天 | R5: 累計工期 | Z5: =H2-21 -> 10 | AE5: 天 | AH5: 剩餘工期 | AP5: =J5-Z5 -> 50 | AU5: 天 | AX5: 工期展廷天數 | BK5: 天
A6: 開 工 日 期 | R6: 45641 | AH6: 完 工 日 期 | AX6: =SUM(R6,J5)+31 -> 45732
A7: 本日預定進度(%) | R7: 0 | AH7: 本日實際進度(%) | AX7: =SUM(AR33/BO7) -> 0 | BO7: 891687
A8: 累計預定進度(%) | R8: =R7+'0113'!R8 -> 0.0301 | AH8: 累計實際進度(%) | AX8: =AX7+'0113'!AX8 -> 0.033940161
A9: 一、依施工計劃書執行按圖施工概況(含約定之重要施工項目及完成數量等)等：
A10: 項次 | D10: 施工項目 | AE10: 單位 | AI10: 契約數量 | AR10: 本日完成數量 | BA10: 累計完成數量 | BJ10: 備註 | BN10: 契約單價金額 | BO10: 本日完成金額 | BP10: 累計完成金額 | BR10: 契約總額
A11: 壹. | D11: 直接工程
A12: 1 | D12: 工程告示牌、職業安全衛生告示牌與交通管制設施(租用) | AE12: 式 | AI12: 1 | BA12: =AR12+'0113'!BA12 -> 1 | BN12: 5000 | BO12: =SUM(AR12*BN12) -> 0 | BP12: =BO12+'0113'!BP12 -> 5000 | BQ12: =BP12 -> 5000 | BR12: 5000
A13: 2 | D13: 施工圍籬(租用) | AE13: M | AI13: 74 | BA13: =AR13+'0113'!BA13 -> 15 | BN13: 400 | BO13: =SUM(AR13*BN13) -> 0 | BP13: =BO13+'0113'!BP13 -> 6000 | BQ13: =BP13 -> 6000 | BR13: 29600
A14: 3 | D14: 施工動線開闢及損壞復原 | AE14: 式 | AI14: 1 | BA14: =AR14+'0113'!BA14 -> 0 | BN14: 5000 | BO14: =SUM(AR14*BN14) -> 0 | BP14: =BO14+'0113'!BP14 -> 0 | BQ14: =BP14 -> 0 | BR14: 5000
A15: 4 | D15: 測量與放樣 | AE15: 式 | AI15: 1 | BA15: =AR15+'0113'!BA15 -> 0 | BN15: 5000 | BO15: =SUM(AR15*BN15) -> 0 | BP15: =BO15+'0113'!BP15 -> 0 | BQ15: =BP15 -> 0 | BR15: 5000
A16: 5 | D16: 既有水溝清淤(含移除水溝內樹木竄根)，破損處以樹脂水泥砂漿整平，外側溝壁以樹脂水泥砂漿打底至與鋪面齊平 | AE16: M | AI16: 81 | BA16: =AR16+'0113'!BA16 -> 0 | BN16: 1000 | BO16: =SUM(AR16*BN16) -> 0 | BP16: =BO16+'0113'!BP16 -> 0 | BQ16: =BP16 -> 0 | BR16: 81000
A17: 6 | D17: 既有水溝安裝鍍鋅鋼板 | AE17: M | AI17: 22 | BA17: =AR17+'0113'!BA17 -> 0 | BN17: 4650 | BO17: =SUM(AR17*BN17) -> 0 | BP17: =BO17+'0113'!BP17 -> 0 | BQ17: =BP17 -> 0 | BR17: 102300
A18: 7 | D18: 新設RC水溝 | AE18: M | AI18: 23 | BA18: =AR18+'0113'!BA18 -> 0 | BN18: 3500 | BO18: =SUM(AR18*BN18) -> 0 | BP18: =BO18+'0113'!BP18 -> 0 | BQ18: =BP18 -> 0 | BR18: 80500
A19: 8 | D19: 設置鍍鋅鋼材烤漆止滑細縫水溝蓋含框 | AE19: 組 | AI19: 8 | BA19: =AR19+'0113'!BA19 -> 0 | BN19: 6250 | BO19: =SUM(AR19*BN19) -> 0 | BP19: =BO19+'0113'!BP19 -> 0 | BQ19: =BP19 -> 0 | BR19: 50000
A20: 9 | D20: 切割打除既有地坪，整地，底土壓實 | AE20: M2 | AI20: 68 | BA20: =AR20+'0113'!BA20 -> 0 | BN20: 1200 | BO20: =SUM(AR20*BN20) -> 0 | BP20: =BO20+'0113'!BP20 -> 0 | BQ20: =BP20 -> 0 | BR20: 81600
A21: 10 | D21: 新設RC地坪與斜坡，面層抿石子 | AE21: M2 | AI21: 68 | BA21: =AR21+'0113'!BA21 -> 0 | BN21: 3000 | BO21: =SUM(AR21*BN21) -> 0 | BP21: =BO21+'0113'!BP21 -> 0 | BQ21: =BP21 -> 0 | BR21: 204000
A22: 11 | D22: 北側圍牆邊陰井新設不鏽鋼沉水馬達220V/110V 1HP以上(含工帶料，需配浮球開關)，抽水至圍牆外水溝 | AE22: 組 | AI22: 1 | BA22: =AR22+'0113'!BA22 -> 0 | BN22: 20000 | BO22: =SUM(AR22*BN22) -> 0 | BP22: =BO22+'0113'!BP22 -> 0 | BQ22: =BP22 -> 0 | BR22: 20000
A23: 12 | D23: 西側既有走廊上水溝格柵蓋板，設置化妝蓋板含框，周邊復原 | AE23: 式 | AI23: 1 | BA23: =AR23+'0113'!BA23 -> 0 | BN23: 68000 | BO23: =SUM(AR23*BN23) -> 0 | BP23: =BO23+'0113'!BP23 -> 0 | BQ23: =BP23 -> 0 | BR23: 68000
... A25: 14 | D25: 材料檢驗費用 | AE25: 式 | AI25: 1 | BA25: =AR25+'0113'!BA25 -> 0 | BN25: 1440 | BO25: =SUM(AR25*BN25) -> 0 | BP25: =BO25+'0113'!BP25 -> 0 | BQ25: =BP25 -> 0 | BR25: 1440
D26: 合計(壹) | BO26: =SUM(BO12:BO25) -> 0 | BP26: =SUM(BP12:BP25) -> 11000 | BQ26: =BP26 -> 11000 | BR26: =SUM(BR12:BR25) -> 776279
A27: 貳 | D27: 職業安全衛生管理費 (壹*1%) | AE27: 式 | AI27: 1 | AR27: =SUM(BO26/BN27) -> 0 | BA27: =AR27+'0113'!BA27 -> 0.014171605 | BN27: 7762 | BO27: =SUM(AR27*BN27) -> 0 | BP27: =BO27+'0113'!BP27 -> 110 | BQ27: =BP27 -> 110 | BR27: 7762 | BS27: =SUM(BN27/BR26) -> 0.0099989823
A28: 參 | D28: 工程品質管制作業費 (壹*1%) | AE28: 式 | AI28: 1 | AR28: =SUM(BO26/BN28) -> 0 | BA28: =AR28+'0113'!BA28 -> 0.01416978 | BN28: 7763 | BO28: =SUM(AR28*BN28) -> 0 | BP28: =BO28+'0113'!BP28 -> 110 | BQ28: =BP28 -> 110 | BR28: 7763 | BS28: =SUM(BN28/BR26) -> 0.010000271
A29: 肆 | D29: 包商利潤及管理費 (約壹*7%) | AE29: 式 | AI29: 1 | AR29: =SUM(BO26/BN29) -> 0 | BA29: =AR29+'0113'!BA29 -> 0.014170562 | BN29: 54338 | BO29: =SUM(AR29*BN29) -> 0 | BP29: =BO29+'0113'!BP29 -> 770 | BQ29: =BP29 -> 770 | BR29: 54338 | BS29: =SUM(BN29/BR26) -> 0.069998029
A30: 伍 | D30: 保險費 | AE30: 式 | AI30: 1 | AR30: 0 | BA30: =AR30+'0113'!BA30 -> 1 | BN30: 3084 | BO30: =SUM(AR30*BN30) -> 0 | BP30: =BO30+'0113'!BP30 -> 3084 | BQ30: =BP30 -> 3084 | BR30: 3084 | BT30: =SUM(BR26:BR30) -> 849226
A31: 陸 | D31: 營業稅 ((壹~伍)*5%) | AE31: 式 | AI31: 1 | AR31: =SUM(BT31/BN31) -> 0 | BA31: =AR31+'0113'!BA31 -> 0.35784004 | BN31: 42461 | BO31: =SUM(AR31*BN31) -> 0 | BP31: =BO31+'0113'!BP31 -> 15190 | BQ31: =BP31 -> 15190 | BR31: 42461 | BS31: =SUM(BN31/BT30) -> 0.049999647 | BT31: =SUM(BO26:BO30) -> 0
D32: 發包工程費合計 (壹~陸) | BO32: =SUM(BO26:BO31) -> 0 | BP32: =SUM(BP26:BP31) -> 30264 | BQ32: =SUM(BQ26:BQ31) -> 30264 | BR32: =SUM(BR26:BR31) -> 891687
D33: 本日合計金額 | AR33: =BO32 -> 0
D34: 累計合計金額 | AR34: =BP32 -> 30264 | BN34: 契約單價金額 | BO34: 本日完成金額 | BP34: 累計完成金額
A35: 營造業專業工程特定施工項目
A36: A.
A37: B.
A38: 二、工地材料管理概況(含約定之重要材料使用情況及數量等)：
A39: 材料名稱 | V39: 單位 | Y39: 設計數量 | AI39: 本日使用數量 | AS39: 累計使用數量 | BC39: 備註
AS40: =AI40+'0113'!AS40 -> 0
AS41: =AI41+'0113'!AS41 -> 0
AS42: =AI42+'0113'!AS42 -> 0
AS43: =AI43+'0113'!AS43 -> 0
AS44: =AI44+'0113'!AS44 -> 0
A45: 三、工地人員及機具管理（含約定之出工人數及機具使用情形及數量）:
A46: 工別 | L46: 本日人數 | V46: 累計人數 | AI46: 機具名稱 | AS46: 本日完成數量 | BC46: 累計完成數量
A47: 技術工 | V47: =L47+'0113'!V47 -> 0 | AI47: 挖土機 | BC47: =AS47+'0113'!BC47 -> 0
A48: 小工 | V48: =L48+'0113'!V48 -> 0 | AI48: 鏟土機 | BC48: =AS48+'0113'!BC48 -> 0
A49: 四、本日施工項目是否有須依「營造業專業工程持定施工項目應置之技術士總類、比率或人數標準表」規定
A50: 應設置技術士之專業工程:□有(施工項目內容: )■無(此項如勾選"有"，則應
A51: 填寫「公共工程施工日誌之技術士簽章表」）
A52: 五、工地勞工安全衛生事項之督導、公共環境與安全之維護及其他工地行政事務：
A53: (一)施工前檢查事項：
A54: 1.實施勤前教育(含工地預防災變及危害告知)：■有 □無
A55: 2.確認新進勞工是否提報勞工保險(或其他商業保險)資料及安全衛生教育訓練紀錄：□有□無■無新進勞工
A56: 3.檢查勞工個人防護具：■有 □無
A57: (二)其他事項：
A58: 六、施工取樣試驗紀錄：
A59: 七、通知協力廠商辦理事項：
A60: 八、重要事項紀錄：星期二依契約規定,本日不計入工期。
A61: 簽章；【工地主任】(註3)
B62: 註1.依營造業法第32第1項第2款規定，工地主任應按日填報施工日誌
B63: 2.本施工日誌格式僅供參考，惟原則應包含上開欄位，各機關亦得依工程性質及契約約定事項自行增訂之。
B64: 3.本工程依營業法第30條規定須置工地主任者，由工地主任簽章；依上開規定免置工地主任者，則由營造業法第32條
B65: 第2項所定之人員簽章。廠商非屬營造業者,由工地負責人簽章。
B66: 4.契約工期如有修正，應填修正後之契約工期，含展延工期及不計工期天數；如有依契約變更設計，預定進度及實際
B67: 進度應填變更設計後計算之進度。
B68: 5.上開重要事項記錄包含(1)主辦機關及監造單位指示波(2)工地遇緊急異常狀況之通報處理情形(3)本日是否由專任工
B69: 程人員督察按圖施工，解決施工技術問題等。
B70: 6.公共工程屬建築物者，請依內政部99年2月5日台內營字第0990800804號令頒之「建築物施工日誌」

Sheet 0115
A1: 公共工程施工日誌
A2: 表報編號： | H2: 32
A3: 本日天氣: | G3: 上午： | K3: 晴 | Q3: 下午: | U3: 晴 | AR3: 日期： | AW3: =SUM(R6+H2)-1 -> 45672 | BH3: =WEEKDAY(AW3) -> 4
A4: 工程名稱 | G4: 113年育英樓排水改善工程 | AN4: 承攬廠商名稱 | AV4: 齊全土木包工業
A5: 核定工期 | J5: 60 | O5: 天 | R5: 累計工期 | Z5: =H2-22 -> 10 | AE5: 天 | AH5: 剩餘工期 | AP5: =J5-Z5 -> 50 | AU5: 天 | AX5: 工期展廷天數 | BK5: 天
A6: 開 工 日 期 | R6: 45641 | AH6: 完 工 日 期 | AX6: =SUM(R6,J5)+31 -> 45732
A7: 本日預定進度(%) | R7: 0 | AH7: 本日實際進度(%) | AX7: =SUM(AR33/BO7) -> 0 | BO7: 891687
A8: 累計預定進度(%) | R8: =R7+'0114'!R8 -> 0.0301 | AH8: 累計實際進度(%) | AX8: =AX7+'0114'!AX8 -> 0.033940161
A9: 一、依施工計劃書執行按圖施工概況(含約定之重要施工項目及完成數量等)等：
A10: 項次 | D10: 施工項目 | AE10: 單位 | AI10: 契約數量 | AR10: 本日完成數量 | BA10: 累計完成數量 | BJ10: 備註 | BN10: 契約單價金額 | BO10: 本日完成金額 | BP10: 累計完成金額 | BR10: 契約總額
A11: 壹. | D11: 直接工程
A12: 1 | D12: 工程告示牌、職業安全衛生告示牌與交通管制設施(租用) | AE12: 式 | AI12: 1 | BA12: =AR12+'0114'!BA12 -> 1 | BN12: 5000 | BO12: =SUM(AR12*BN12) -> 0 | BP12: =BO12+'0114'!BP12 -> 5000 | BQ12: =BP12 -> 5000 | BR12: 5000
A13: 2 | D13: 施工圍籬(租用) | AE13: M | AI13: 74 | BA13: =AR13+'0114'!BA13 -> 15 | BN13: 400 | BO13: =SUM(AR13*BN13) -> 0 | BP13: =BO13+'0114'!BP13 -> 6000 | BQ13: =BP13 -> 6000 | BR13: 29600
A14: 3 | D14: 施工動線開闢及損壞復原 | AE14: 式 | AI14: 1 | BA14: =AR14+'0114'!BA14 -> 0 | BN14: 5000 | BO14: =SUM(AR14*BN14) -> 0 | BP14: =BO14+'0114'!BP14 -> 0 | BQ14: =BP14 -> 0 | BR14: 5000
A15: 4 | D15: 測量與放樣 | AE15: 式 | AI15: 1 | BA15: =AR15+'0114'!BA15 -> 0 | BN15: 5000 | BO15: =SUM(AR15*BN15) -> 0 | BP15: =BO15+'0114'!BP15 -> 0 | BQ15: =BP15 -> 0 | BR15: 5000
A16: 5 | D16: 既有水溝清淤(含移除水溝內樹木竄根)，破損處以樹脂水泥砂漿整平，外側溝壁以樹脂水泥砂漿打底至與鋪面齊平 | AE16: M | AI16: 81 | BA16: =AR16+'0114'!BA16 -> 0 | BN16: 1000 | BO16: =SUM(AR16*BN16) -> 0 | BP16: =BO16+'0114'!BP16 -> 0 | BQ16: =BP16 -> 0 | BR16: 81000
A17: 6 | D17: 既有水溝安裝鍍鋅鋼板 | AE17: M | AI17: 22 | BA17: =AR17+'0114'!BA17 -> 0 | BN17: 4650 | BO17: =SUM(AR17*BN17) -> 0 | BP17: =BO17+'0114'!BP17 -> 0 | BQ17: =BP17 -> 0 | BR17: 102300
A18: 7 | D18: 新設RC水溝 | AE18: M | AI18: 23 | BA18: =AR18+'0114'!BA18 -> 0 | BN18: 3500 | BO18: =SUM(AR18*BN18) -> 0 | BP18: =BO18+'0114'!BP18 -> 0 | BQ18: =BP18 -> 0 | BR18: 80500
A19: 8 | D19: 設置鍍鋅鋼材烤漆止滑細縫水溝蓋含框 | AE19: 組 | AI19: 8 | BA19: =AR19+'0114'!BA19 -> 0 | BN19: 6250 | BO19: =SUM(AR19*BN19) -> 0 | BP19: =BO19+'0114'!BP19 -> 0 | BQ19: =BP19 -> 0 | BR19: 50000
A20: 9 | D20: 切割打除既有地坪，整地，底土壓實 | AE20: M2 | AI20: 68 | BA20: =AR20+'0114'!BA20 -> 0 | BN20: 1200 | BO20: =SUM(AR20*BN20) -> 0 | BP20: =BO20+'0114'!BP20 -> 0 | BQ20: =BP20 -> 0 | BR20: 81600
A21: 10 | D21: 新設RC地坪與斜坡，面層抿石子 | AE21: M2 | AI21: 68 | BA21: =AR21+'0114'!BA21 -> 0 | BN21: 3000 | BO21: =SUM(AR21*BN21) -> 0 | BP21: =BO21+'0114'!BP21 -> 0 | BQ21: =BP21 -> 0 | BR21: 204000
A22: 11 | D22: 北側圍牆邊陰井新設不鏽鋼沉水馬達220V/110V 1HP以上(含工帶料，需配浮球開關)，抽水至圍牆外水溝 | AE22: 組 | AI22: 1 | BA22: =AR22+'0114'!BA22 -> 0 | BN22: 20000 | BO22: =SUM(AR22*BN22) -> 0 | BP22: =BO22+'0114'!BP22 -> 0 | BQ22: =BP22 -> 0 | BR22: 20000
A23: 12 | D23: 西側既有走廊上水溝格柵蓋板，設置化妝蓋板含框，周邊復原 | AE23: 式 | AI23: 1 | BA23: =AR23+'0114'!BA23 -> 0 | BN23: 68000 | BO23: =SUM(AR23*BN23) -> 0 | BP23: =BO23+'0114'!BP23 -> 0 | BQ23: =BP23 -> 0 | BR23: 68000
