Workbook

Sheet 施工日誌1
A1: 公共工程施工日誌
A2: 表報編號： | B2: 1
A3: 本日天氣： | B3: 上午： | C3: 晴 | D3: 下午： | E3: 晴 | H3: 填報日期： | J3: 46212 | M3: =J3 -> 46212
A4: 工程名稱 | B4: 元長國小辦理114年度充實設施設備-校園鋪面改善工程 | H4: 承攬廠商名稱 | K4: 有謙營造有限公司
A5: 核定工期 | B5: 60 | C5: 日曆天 | D5: 累計工期 | F5: 1 | G5: 天 | H5: 剩餘工期 | I5: =B5-F5 -> 59 | J5: 天 | K5: 工期展延天數 | N5: 天
A6: 開工日期 | D6: 46212 | H6: 完工日期 | K6: =D6+59 -> 46271
A7: 預定進度（％） | D7: =0.0005/5 -> 0.0001 | H7: 實際進度（％） | K7: =R38 -> 0.0043738268
A9: 一、依施工計畫書執行按圖施工概況（含約定之重要施工項目及完成數量等）：
A10: 施 工 項 目 | F10: 單位 | G10: 契約數量 | I10: 本日完成數量 | L10: 累計完成數量 | N10: 備註 | P10: 單價 | Q10: 複價 | R10: 實做金額
A11: =[1]詳細價目表!B3 -> 工程告示牌與職安告示牌(租用) | F11: 式 | G11: =[1]詳細價目表!D3 -> 1 | I11: 1 | L11: =I11 -> 1 | P11: 6000 | Q11: =P11*G11 -> 6000 | R11: =L11*P11 -> 6000
A12: =[1]詳細價目表!B4 -> 施工管制措施(租用) | F12: 式 | G12: =[1]詳細價目表!D4 -> 1 | L12: =I12 -> 0 | P12: 193300 | Q12: =P12*G12 -> 193300 | R12: =L12*P12 -> 0
A13: =[1]詳細價目表!B5 -> 施工動線開闢，整備與復原工程 | F13: 式 | G13: =[1]詳細價目表!D5 -> 1 | L13: =I13 -> 0 | P13: 30000 | Q13: =P13*G13 -> 30000 | R13: =L13*P13 -> 0
A14: =[1]詳細價目表!B6 -> 施工測量，工地放樣 | F14: 式 | G14: =[1]詳細價目表!D6 -> 1 | L14: =I14 -> 0 | P14: 10000 | Q14: =P14*G14 -> 10000 | R14: =L14*P14 -> 0
A15: =[1]詳細價目表!B7 -> 移除清運大王椰子樹(含挖樹頭，混凝土打底) | F15: 棵 | G15: =[1]詳細價目表!D7 -> 9 | L15: =I15 -> 0 | P15: 21000 | Q15: =P15*G15 -> 189000 | R15: =L15*P15 -> 0
A16: =[1]詳細價目表!B8 -> 既有水溝陰井清淤，暢通西南側圍牆外陰井暗溝排水至通路排水溝(含試水);雜項工程 | F16: 式 | G16: =[1]詳細價目表!D8 -> 1 | L16: =I16 -> 0 | P16: 184468 | Q16: =P16*G16 -> 184468 | R16: =L16*P16 -> 0
A17: =[1]詳細價目表!B9 -> 埋設RC陰井(含鍍鋅鋼材止滑細縫陰井蓋含框) | F17: 座 | G17: =[1]詳細價目表!D9 -> 9 | L17: =I17 -> 0 | P17: 20000 | Q17: =P17*G17 -> 180000 | R17: =L17*P17 -> 0
A18: =[1]詳細價目表!B10 -> 埋設10吋排水管 | F18: M | G18: =[1]詳細價目表!D10 -> 52 | L18: =I18 -> 0 | P18: 2500 | Q18: =P18*G18 -> 130000 | R18: =L18*P18 -> 0
A19: =[1]詳細價目表!B11 -> 安裝專用不鏽鋼開關箱，接引既有電源附接地線，陰井內安裝不鏽鋼沉水抽水馬達，安裝排水管排水至排水溝 | F19: 組 | G19: =[1]詳細價目表!D11 -> 1 | L19: =I19 -> 0 | P19: 80000 | Q19: =P19*G19 -> 80000 | R19: =L19*P19 -> 0
A20: =[1]詳細價目表!B12 -> 挖除石板鋪面，廢棄物集中處理 | F20: M2 | G20: =[1]詳細價目表!D12 -> 31 | L20: =I20 -> 0 | P20: 400 | Q20: =P20*G20 -> 12400 | R20: =L20*P20 -> 0
A21: =[1]詳細價目表!B13 -> 切割打除既有地坪，廢棄物集中處理 | F21: M2 | G21: =[1]詳細價目表!D13 -> 100 | L21: =I21 -> 0 | P21: 350 | Q21: =P21*G21 -> 35000 | R21: =L21*P21 -> 0
A22: =[1]詳細價目表!B14 -> 場鑄RC緣石 | F22: M | G22: =[1]詳細價目表!D14 -> 35 | L22: =I22 -> 0 | P22: 1200 | Q22: =P22*G22 -> 42000 | R22: =L22*P22 -> 0
A23: =[1]詳細價目表!B15 -> 鋪設預鑄緣石 | F23: M | G23: =[1]詳細價目表!D15 -> 282 | L23: =I23 -> 0 | P23: 1400 | Q23: =P23*G23 -> 394800 | R23: =L23*P23 -> 0
... A31: =[1]詳細價目表!B23 -> 營建廢棄物清運(含清運證明) | F31: 式 | G31: =[1]詳細價目表!D23 -> 1 | L31: =I31 -> 0 | P31: 276970 | Q31: =P31*G31 -> 276970 | R31: =L31*P31 -> 0
A32: =[1]詳細價目表!B25 -> 職業安全衛生管理費（壹*1.6%） | F32: 式 | G32: 1 | L32: =I32 -> 0 | P32: 60873 | Q32: =P32*G32 -> 60873 | R32: =L32*P32 -> 0
A33: =[1]詳細價目表!B26 -> 公共工程品質管制作業費（壹*1.6%） | F33: 式 | G33: =[1]詳細價目表!D25 -> 1 | L33: =I33 -> 0 | P33: 60873 | Q33: =P33*G33 -> 60873 | R33: =L33*P33 -> 0
A34: =[1]詳細價目表!B27 -> 包商管理及利潤費（壹*7%） | F34: 式 | G34: =[1]詳細價目表!D26 -> 1 | L34: =I34 -> 0 | P34: 266321 | Q34: =P34*G34 -> 266321 | R34: =L34*P34 -> 0
A35: =[1]詳細價目表!B28 -> 保險費 | F35: 式 | G35: =[1]詳細價目表!D27 -> 1 | I35: 1 | L35: =I35 -> 1 | P35: 13316 | Q35: =P35*G35 -> 13316 | R35: =L35*P35 -> 13316
A36: =[1]詳細價目表!B29 -> 營業稅（(壹~伍)*5％） | F36: 式 | G36: =[1]詳細價目表!D28 -> 1 | L36: =I36 -> 0 | P36: 210299 | Q36: =P36*G36 -> 210299 | R36: =L36*P36 -> 0
Q37: =SUM(Q11:Q36) -> 4416270 | R37: =SUM(R11:R36) -> 19316
R38: =R37/Q37 -> 0.0043738268
A47: 二、工地材料管理概況（含約定之重要材料使用狀況及數量等）：
A48: 材料名稱 | F48: 單位 | G48: 契約數量 | I48: 本日使用數量 | L48: 累計使用數量 | N48: 備註
A50: 三、工地人員及機具管理（含約定之出工人數及機具使用情形及數量）：
A51: 工別 | C51: 本日人數 | E51: 累計人數 | G51: 機具名稱 | J51: 本日使用數量 | M51: 累計使用數量
A52: 大工 | C52: 1 | E52: =C52 -> 1 | G52: 挖土機 | M52: =J52 -> 0
A53: 小工 | E53: =C53 -> 0 | G53: 卡車 | M53: =J53 -> 0
A54: 小工 | C54: 1 | E54: =C54 -> 1 | G54: 山貓 | M54: =J54 -> 0
A55: 四、本日施工項目是否有須依「營造業專業工程特定施工項目應置之技術士總類、比率或人數標準表」
A56: 規定應設置技術士之專業工程：□有□無 （此項如勾選“有”，則應填寫後附「公共工程施工日誌之技
A57: 術士簽章表」）
A58: 五、工地職業安全衛生事項之督導、公共環境與安全之維護及其他工地行政事務：
A59: (一)施工前檢查事項：
A60: 1.實施勤前教育(含工地預防災變及危害告知)：□有□無
A61: 2.確認新進勞工是否提報勞工保險(或其他商業保險)資料及安全衛生教育訓練紀錄：□有□無□無新進勞工
A62: 3.檢查勞工個人防護具：□有□無
A63: (二)其他事項：
A64: 六、施工取樣試驗紀錄：
A66: 七、通知分包廠商辦理事項：
A68: 八、重要事項紀錄：
... A70: 簽章（工地主任）：
A71: 表報編號： | B71: =B2+1 -> 2
A72: 本日天氣： | B72: 上午： | C72: 晴 | D72: 下午： | E72: 晴 | H72: 填報日期： | J72: =J3+1 -> 46213 | M72: =J72 -> 46213
A73: 工程名稱 | B73: =B4 -> 元長國小辦理114年度充實設施設備-校園鋪面改善工程 | H73: 承攬廠商名稱 | K73: 有謙營造有限公司
A74: 核定工期 | B74: =B5 -> 60 | C74: 日曆天 | D74: 累計工期 | F74: =F5+1 -> 2 | G74: 天 | H74: 剩餘工期 | I74: =B74-F74 -> 58 | J74: 天 | K74: 工期展延天數 | N74: 天
A75: 開工日期 | D75: 46212 | H75: 完工日期 | K75: =D75+59 -> 46271
A76: 預定進度（％） | D76: =D7+0.0005/5 -> 0.0002 | H76: 實際進度（％） | K76: =R107 -> 0.047170123
A78: 一、依施工計畫書執行按圖施工概況（含約定之重要施工項目及完成數量等）：
A79: 施 工 項 目 | F79: 單位 | G79: 契約數量 | I79: 本日完成數量 | L79: 累計完成數量 | N79: 備註 | P79: 單價 | Q79: 複價 | R79: 實做金額
A80: 工程告示牌與職安告示牌(租用) | F80: 式 | G80: 1 | L80: =I80+L11 -> 1 | P80: 6000 | Q80: =P80*G80 -> 6000 | R80: =L80*P80 -> 6000
A81: 施工管制措施(租用) | F81: 式 | G81: 1 | L81: =I81+L12 -> 0 | P81: 193300 | Q81: =P81*G81 -> 193300 | R81: =L81*P81 -> 0
A82: 施工動線開闢，整備與復原工程 | F82: 式 | G82: 1 | L82: =I82+L13 -> 0 | P82: 30000 | Q82: =P82*G82 -> 30000 | R82: =L82*P82 -> 0
A83: 施工測量，工地放樣 | F83: 式 | G83: 1 | L83: =I83+L14 -> 0 | P83: 10000 | Q83: =P83*G83 -> 10000 | R83: =L83*P83 -> 0
A84: 移除清運大王椰子樹(含挖樹頭，混凝土打底) | F84: 棵 | G84: 9 | I84: 9 | L84: =I84+L15 -> 9 | P84: 21000 | Q84: =P84*G84 -> 189000 | R84: =L84*P84 -> 189000
A85: 既有水溝陰井清淤，暢通西南側圍牆外陰井暗溝排水至通路排水溝(含試水);雜項工程 | F85: 式 | G85: 1 | L85: =I85+L16 -> 0 | P85: 184468 | Q85: =P85*G85 -> 184468 | R85: =L85*P85 -> 0
A86: 埋設RC陰井(含鍍鋅鋼材止滑細縫陰井蓋含框) | F86: 座 | G86: 9 | L86: =I86+L17 -> 0 | P86: 20000 | Q86: =P86*G86 -> 180000 | R86: =L86*P86 -> 0
A87: 埋設10吋排水管 | F87: M | G87: 52 | L87: =I87+L18 -> 0 | P87: 2500 | Q87: =P87*G87 -> 130000 | R87: =L87*P87 -> 0
A88: 安裝專用不鏽鋼開關箱，接引既有電源附接地線，陰井內安裝不鏽鋼沉水抽水馬達，安裝排水管排水至排水溝 | F88: 組 | G88: 1 | L88: =I88+L19 -> 0 | P88: 80000 | Q88: =P88*G88 -> 80000 | R88: =L88*P88 -> 0
A89: 挖除石板鋪面，廢棄物集中處理 | F89: M2 | G89: 31 | L89: =I89+L20 -> 0 | P89: 400 | Q89: =P89*G89 -> 12400 | R89: =L89*P89 -> 0
A90: 切割打除既有地坪，廢棄物集中處理 | F90: M2 | G90: 100 | L90: =I90+L21 -> 0 | P90: 350 | Q90: =P90*G90 -> 35000 | R90: =L90*P90 -> 0
A91: 場鑄RC緣石 | F91: M | G91: 35 | L91: =I91+L22 -> 0 | P91: 1200 | Q91: =P91*G91 -> 42000 | R91: =L91*P91 -> 0
A92: 鋪設預鑄緣石 | F92: M | G92: 282 | L92: =I92+L23 -> 0 | P92: 1400 | Q92: =P92*G92 -> 394800 | R92: =L92*P92 -> 0
A93: 整地底土壓實，鋪設RC地坪，面層抿石子 | F93: M2 | G93: 58 | L93: =I93+L24 -> 0 | P93: 3600 | Q93: =P93*G93 -> 208800 | R93: =L93*P93 -> 0
A94: 鋪設碎石級配(H15cm) | F94: M2 | G94: 360 | L94: =I94+L25 -> 0 | P94: 230 | Q94: =P94*G94 -> 82800 | R94: =L94*P94 -> 0
A95: 既有AC面刷毛與清潔 | F95: M2 | G95: 2400 | L95: =I95+L26 -> 0 | P95: 80 | Q95: =P95*G95 -> 192000 | R95: =L95*P95 -> 0
A96: 鋪設透層與底層AC(平均厚4cm) | F96: M2 | G96: 360 | L96: =I96+L27 -> 0 | P96: 420 | Q96: =P96*G96 -> 151200 | R96: =L96*P96 -> 0
... A105: 營業稅（(壹~伍)*5％） | F105: 式 | G105: 1 | L105: =I105+L36 -> 0 | P105: 210299 | Q105: =P105*G105 -> 210299 | R105: =L105*P105 -> 0
Q106: =SUM(Q80:Q105) -> 4416270 | R106: =SUM(R80:R105) -> 208316
R107: =R106/Q106 -> 0.047170123
A108: 二、工地材料管理概況（含約定之重要材料使用狀況及數量等）：
A109: 材料名稱 | F109: 單位 | G109: 契約數量 | I109: 本日使用數量 | L109: 累計使用數量 | N109: 備註
A111: 三、工地人員及機具管理（含約定之出工人數及機具使用情形及數量）：
A112: 工別 | C112: 本日人數 | E112: 累計人數 | G112: 機具名稱 | J112: 本日使用數量 | M112: 累計使用數量
A113: 大工 | C113: 4 | E113: =C113+E52 -> 5 | G113: 挖土機 | J113: 1 | M113: =J113+M52 -> 1
A114: 小工 | C114: 3 | E114: =C114+E54 -> 4 | G114: 卡車 | J114: 1 | M114: =J114+M53 -> 1
G115: 山貓 | M115: =K115+M54 -> 0
A116: 四、本日施工項目是否有須依「營造業專業工程特定施工項目應置之技術士總類、比率或人數標準表」
A117: 規定應設置技術士之專業工程：□有□無 （此項如勾選“有”，則應填寫後附「公共工程施工日誌之技
A118: 術士簽章表」）
A119: 五、工地職業安全衛生事項之督導、公共環境與安全之維護及其他工地行政事務：
A120: (一)施工前檢查事項：
A121: 1.實施勤前教育(含工地預防災變及危害告知)：□有□無
A122: 2.確認新進勞工是否提報勞工保險(或其他商業保險)資料及安全衛生教育訓練紀錄：□有□無□無新進勞工
A123: 3.檢查勞工個人防護具：□有□無
A124: (二)其他事項：
A125: 六、施工取樣試驗紀錄：
A127: 七、通知分包廠商辦理事項：
A129: 八、重要事項紀錄：移除清運大王椰子樹(含挖樹頭，混凝土打底)
A131: 簽章（工地主任）：
A132: 表報編號： | B132: =B71+1 -> 3
A133: 本日天氣： | B133: 上午： | C133: 雨 | D133: 下午： | E133: 雨 | H133: 填報日期： | J133: =J72+1 -> 46214 | M133: =J133 -> 46214
...
